d,lthMvrv
2011-01-25,816.457
2011-01-26,626.961
2011-01-27,525.036
2011-01-28,426.168
2011-01-29,364.593
2011-01-30,311.76
2011-01-31,291.481
2011-02-01,275.036
2011-02-02,248.451
2011-02-03,226.547
2011-02-04,547.886
2011-02-05,604.52
2011-02-06,570.164
2011-02-07,537.779
2011-02-08,499.808
2011-02-09,473.923
2011-02-10,444.095
2011-02-11,424.448
2011-02-12,386.717
2011-02-13,372.755
2011-02-14,355.821
2011-02-15,346.635
2011-02-16,326.379
2011-02-17,310.98
2011-02-18,292.353
2011-02-19,284.967
2011-02-20,256.919
2011-02-21,242.076
2011-02-22,235.156
2011-02-23,227.588
2011-02-24,221.228
2011-02-25,208.025
2011-02-26,204.069
2011-02-27,201.209
2011-02-28,196.974
2011-03-01,194.137
2011-03-02,177.797
2011-03-03,171.173
2011-03-04,168.808
2011-03-05,166.313
2011-03-06,155.573
2011-03-07,154.801
2011-03-08,149.96
2011-03-09,146.527
2011-03-10,143.104
2011-03-11,141.195
2011-03-12,139.355
2011-03-13,129.995
2011-03-14,126.84
2011-03-15,125.758
2011-03-16,121.484
2011-03-17,120.311
2011-03-18,118.92
2011-03-19,117.064
2011-03-20,115.639
2011-03-21,114.681
2011-03-22,110.222
2011-03-23,107.958
2011-03-24,110.296
2011-03-25,107.476
2011-03-26,106.203
2011-03-27,106.391
2011-03-28,104.914
2011-03-29,102.638
2011-03-30,96.42
2011-03-31,94.079
2011-04-01,93.198
2011-04-02,92.396
2011-04-03,91.717
2011-04-04,92.997
2011-04-05,92.252
2011-04-06,90.257
2011-04-07,89.647
2011-04-08,88.291
2011-04-09,86.53
2011-04-10,85.655
2011-04-11,85.216
2011-04-12,76.25
2011-04-13,75.359
2011-04-14,74.663
2011-04-15,73.93
2011-04-16,74.381
2011-04-17,72.016
2011-04-18,69.487
2011-04-19,67.632
2011-04-20,63.739
2011-04-21,62.161
2011-04-22,59.744
2011-04-23,57.603
2011-04-24,57.065
2011-04-25,55.403
2011-04-26,54.153
2011-04-27,52.577
2011-04-28,88.424
2011-04-29,135.82
2011-04-30,108.484
2011-05-01,107.601
2011-05-02,106.324
2011-05-03,104.674
2011-05-04,97.412
2011-05-05,96.273
2011-05-06,95.4
2011-05-07,94.654
2011-05-08,93.51
2011-05-09,93.069
2011-05-10,92.218
2011-05-11,91.155
2011-05-12,92.551
2011-05-13,91.663
2011-05-14,91.65
2011-05-15,87.232
2011-05-16,86.336
2011-05-17,82.631
2011-05-18,82.37
2011-05-19,82.195
2011-05-20,82.363
2011-05-21,81.878
2011-05-22,79.265
2011-05-23,72.608
2011-05-24,71.818
2011-05-25,71.3
2011-05-26,69.553
2011-05-27,69.13
2011-05-28,68.101
2011-05-29,67.7
2011-05-30,67.946
2011-05-31,65.433
2011-06-01,64.905
2011-06-02,64.247
2011-06-03,63.399
2011-06-04,62.952
2011-06-05,62.355
2011-06-06,61.328
2011-06-07,61.058
2011-06-08,64.356
2011-06-09,62.942
2011-06-10,62.636
2011-06-11,61.381
2011-06-12,59.76
2011-06-13,58.839
2011-06-14,56.803
2011-06-15,64.637
2011-06-16,63.66
2011-06-17,62.694
2011-06-18,59.646
2011-06-19,59.186
2011-06-20,57.209
2011-06-21,54.357
2011-06-22,53.287
2011-06-23,52.757
2011-06-24,51.851
2011-06-25,51.337
2011-06-26,51.152
2011-06-27,52.777
2011-06-28,52.524
2011-06-29,52.419
2011-06-30,51.617
2011-07-01,51.433
2011-07-02,51.29
2011-07-03,50.866
2011-07-04,50.629
2011-07-05,49.981
2011-07-06,48.963
2011-07-07,49.025
2011-07-08,48.139
2011-07-09,46.804
2011-07-10,46.218
2011-07-11,45.217
2011-07-12,43.91
2011-07-13,43.15
2011-07-14,42.269
2011-07-15,40.145
2011-07-16,38.954
2011-07-17,37.56
2011-07-18,37.017
2011-07-19,35.954
2011-07-20,42.636
2011-07-21,213.158
2011-07-22,210.69
2011-07-23,204.974
2011-07-24,203.134
2011-07-25,193.359
2011-07-26,191.788
2011-07-27,189.12
2011-07-28,186.354
2011-07-29,184.244
2011-07-30,180.507
2011-07-31,177.761
2011-08-01,169.148
2011-08-02,154.669
2011-08-03,105.872
2011-08-04,85.794
2011-08-05,85.343
2011-08-06,84.843
2011-08-07,84.661
2011-08-08,83.691
2011-08-09,83.249
2011-08-10,83.043
2011-08-11,82.763
2011-08-12,82.638
2011-08-13,82.484
2011-08-14,80.647
2011-08-15,80.407
2011-08-16,78.895
2011-08-17,78.195
2011-08-18,77.432
2011-08-19,76.891
2011-08-20,76.05
2011-08-21,75.761
2011-08-22,75.624
2011-08-23,75.082
2011-08-24,74.777
2011-08-25,75.343
2011-08-26,74.596
2011-08-27,74.162
2011-08-28,74.043
2011-08-29,73.845
2011-08-30,73.707
2011-08-31,73.582
2011-09-01,73.136
2011-09-02,72.975
2011-09-03,72.821
2011-09-04,71.304
2011-09-05,71.158
2011-09-06,70.967
2011-09-07,70.927
2011-09-08,70.948
2011-09-09,71.329
2011-09-10,71.16
2011-09-11,71.117
2011-09-12,70.941
2011-09-13,70.792
2011-09-14,70.877
2011-09-15,70.787
2011-09-16,70.676
2011-09-17,70.264
2011-09-18,70.072
2011-09-19,69.99
2011-09-20,69.797
2011-09-21,69.598
2011-09-22,69.311
2011-09-23,69.033
2011-09-24,68.738
2011-09-25,68.492
2011-09-26,67.873
2011-09-27,67.461
2011-09-28,67.308
2011-09-29,66.761
2011-09-30,65.651
2011-10-01,64.729
2011-10-02,63.674
2011-10-03,62.61
2011-10-04,61.898
2011-10-05,60.818
2011-10-06,49.114
2011-10-07,48.692
2011-10-08,48.24
2011-10-09,47.792
2011-10-10,47.392
2011-10-11,46.52
2011-10-12,24.399
2011-10-13,13.588
2011-10-14,13.423
2011-10-15,13.243
2011-10-16,13.126
2011-10-17,13.14
2011-10-18,12.999
2011-10-19,12.823
2011-10-20,12.751
2011-10-21,12.67
2011-10-22,12.447
2011-10-23,12.327
2011-10-24,12.249
2011-10-25,12.14
2011-10-26,11.939
2011-10-27,11.817
2011-10-28,11.677
2011-10-29,11.542
2011-10-30,11.47
2011-10-31,11.266
2011-11-01,11.06
2011-11-02,10.796
2011-11-03,10.653
2011-11-04,10.53
2011-11-05,9.709
2011-11-06,9.518
2011-11-07,9.301
2011-11-08,9.218
2011-11-09,9.115
2011-11-10,8.526
2011-11-11,8.263
2011-11-12,8.111
2011-11-13,8.003
2011-11-14,7.85
2011-11-15,7.77
2011-11-16,6.797
2011-11-17,6.637
2011-11-18,6.391
2011-11-19,6.328
2011-11-20,6.279
2011-11-21,6.023
2011-11-22,5.981
2011-11-23,5.879
2011-11-24,5.817
2011-11-25,5.791
2011-11-26,5.71
2011-11-27,5.679
2011-11-28,5.648
2011-11-29,5.51
2011-11-30,5.458
2011-12-01,5.432
2011-12-02,5.387
2011-12-03,5.292
2011-12-04,5.195
2011-12-05,5.183
2011-12-06,5.162
2011-12-07,5.13
2011-12-08,5.106
2011-12-09,5.093
2011-12-10,5.081
2011-12-11,5.067
2011-12-12,5.032
2011-12-13,5.007
2011-12-14,4.991
2011-12-15,4.973
2011-12-16,4.96
2011-12-17,4.943
2011-12-18,4.935
2011-12-19,4.918
2011-12-20,4.902
2011-12-21,4.889
2011-12-22,4.873
2011-12-23,4.744
2011-12-24,4.619
2011-12-25,4.543
2011-12-26,4.472
2011-12-27,4.343
2011-12-28,4.245
2011-12-29,4.155
2011-12-30,3.978
2011-12-31,3.904
2012-01-01,3.751
2012-01-02,3.718
2012-01-03,3.864
2012-01-04,4.211
2012-01-05,4.121
2012-01-06,4.072
2012-01-07,4.012
2012-01-08,3.898
2012-01-09,3.819
2012-01-10,3.469
2012-01-11,3.426
2012-01-12,3.393
2012-01-13,3.365
2012-01-14,3.336
2012-01-15,3.297
2012-01-16,3.249
2012-01-17,3.19
2012-01-18,3.164
2012-01-19,3.146
2012-01-20,3.133
2012-01-21,2.955
2012-01-22,2.942
2012-01-23,2.928
2012-01-24,2.906
2012-01-25,2.89
2012-01-26,2.859
2012-01-27,2.638
2012-01-28,2.619
2012-01-29,2.605
2012-01-30,2.593
2012-01-31,2.564
2012-02-01,2.556
2012-02-02,2.536
2012-02-03,2.517
2012-02-04,2.484
2012-02-05,2.47
2012-02-06,2.462
2012-02-07,2.449
2012-02-08,2.433
2012-02-09,2.365
2012-02-10,2.354
2012-02-11,2.325
2012-02-12,2.307
2012-02-13,2.334
2012-02-14,2.34
2012-02-15,2.329
2012-02-16,2.317
2012-02-17,2.305
2012-02-18,2.294
2012-02-19,2.288
2012-02-20,2.274
2012-02-21,2.263
2012-02-22,2.258
2012-02-23,2.25
2012-02-24,2.251
2012-02-25,2.239
2012-02-26,2.23
2012-02-27,2.224
2012-02-28,2.211
2012-02-29,2.201
2012-03-01,2.189
2012-03-02,2.181
2012-03-03,2.186
2012-03-04,2.176
2012-03-05,2.172
2012-03-06,2.165
2012-03-07,2.155
2012-03-08,2.145
2012-03-09,2.138
2012-03-10,2.126
2012-03-11,2.127
2012-03-12,2.115
2012-03-13,2.116
2012-03-14,2.105
2012-03-15,2.1
2012-03-16,2.1
2012-03-17,2.1
2012-03-18,2.1
2012-03-19,2.099
2012-03-20,2.094
2012-03-21,2.098
2012-03-22,2.096
2012-03-23,2.094
2012-03-24,2.095
2012-03-25,2.094
2012-03-26,2.09
2012-03-27,2.062
2012-03-28,2.06
2012-03-29,2.056
2012-03-30,2.054
2012-03-31,2.052
2012-04-01,2.046
2012-04-02,2.046
2012-04-03,2.045
2012-04-04,2.046
2012-04-05,2.045
2012-04-06,2.044
2012-04-07,2.043
2012-04-08,2.043
2012-04-09,2.043
2012-04-10,2.041
2012-04-11,2.041
2012-04-12,2.008
2012-04-13,2.008
2012-04-14,2.008
2012-04-15,2.006
2012-04-16,2.005
2012-04-17,2.002
2012-04-18,2.001
2012-04-19,1.95
2012-04-20,1.949
2012-04-21,1.946
2012-04-22,1.945
2012-04-23,1.945
2012-04-24,1.944
2012-04-25,1.974
2012-04-26,1.973
2012-04-27,1.971
2012-04-28,1.971
2012-04-29,1.963
2012-04-30,1.969
2012-05-01,1.967
2012-05-02,1.965
2012-05-03,1.964
2012-05-04,1.962
2012-05-05,1.961
2012-05-06,1.96
2012-05-07,1.959
2012-05-08,1.956
2012-05-09,1.955
2012-05-10,1.955
2012-05-11,1.952
2012-05-12,1.942
2012-05-13,1.941
2012-05-14,1.938
2012-05-15,1.937
2012-05-16,1.936
2012-05-17,1.938
2012-05-18,1.938
2012-05-19,1.936
2012-05-20,1.937
2012-05-21,1.938
2012-05-22,1.936
2012-05-23,1.929
2012-05-24,1.926
2012-05-25,1.922
2012-05-26,1.921
2012-05-27,1.922
2012-05-28,1.922
2012-05-29,1.922
2012-05-30,1.921
2012-05-31,1.974
2012-06-01,1.973
2012-06-02,1.972
2012-06-03,1.972
2012-06-04,1.959
2012-06-05,1.96
2012-06-06,1.958
2012-06-07,1.956
2012-06-08,1.953
2012-06-09,1.949
2012-06-10,1.946
2012-06-11,1.943
2012-06-12,1.929
2012-06-13,1.925
2012-06-14,1.924
2012-06-15,1.922
2012-06-16,1.91
2012-06-17,1.906
2012-06-18,2.227
2012-06-19,2.496
2012-06-20,2.494
2012-06-21,2.491
2012-06-22,2.473
2012-06-23,2.468
2012-06-24,2.467
2012-06-25,2.461
2012-06-26,2.459
2012-06-27,2.456
2012-06-28,2.453
2012-06-29,2.447
2012-06-30,2.444
2012-07-01,2.442
2012-07-02,2.44
2012-07-03,2.436
2012-07-04,2.432
2012-07-05,2.427
2012-07-06,2.425
2012-07-07,2.422
2012-07-08,2.416
2012-07-09,2.417
2012-07-10,2.413
2012-07-11,2.409
2012-07-12,2.408
2012-07-13,2.41
2012-07-14,2.408
2012-07-15,2.406
2012-07-16,2.406
2012-07-17,2.418
2012-07-18,2.417
2012-07-19,2.415
2012-07-20,2.412
2012-07-21,2.412
2012-07-22,2.41
2012-07-23,2.408
2012-07-24,2.407
2012-07-25,2.405
2012-07-26,2.403
2012-07-27,2.404
2012-07-28,2.404
2012-07-29,2.394
2012-07-30,2.392
2012-07-31,2.391
2012-08-01,2.39
2012-08-02,2.384
2012-08-03,2.383
2012-08-04,2.378
2012-08-05,2.377
2012-08-06,2.377
2012-08-07,2.378
2012-08-08,2.384
2012-08-09,2.382
2012-08-10,2.381
2012-08-11,2.381
2012-08-12,2.38
2012-08-13,2.379
2012-08-14,2.378
2012-08-15,2.381
2012-08-16,2.381
2012-08-17,2.384
2012-08-18,2.392
2012-08-19,2.396
2012-08-20,2.397
2012-08-21,2.398
2012-08-22,2.397
2012-08-23,2.397
2012-08-24,2.397
2012-08-25,2.395
2012-08-26,2.395
2012-08-27,2.398
2012-08-28,2.396
2012-08-29,2.394
2012-08-30,2.391
2012-08-31,2.41
2012-09-01,2.394
2012-09-02,2.393
2012-09-03,2.392
2012-09-04,2.388
2012-09-05,2.387
2012-09-06,2.389
2012-09-07,2.388
2012-09-08,2.387
2012-09-09,2.683
2012-09-10,4.186
2012-09-11,4.184
2012-09-12,4.182
2012-09-13,4.178
2012-09-14,4.17
2012-09-15,4.172
2012-09-16,4.172
2012-09-17,4.215
2012-09-18,4.277
2012-09-19,4.278
2012-09-20,4.289
2012-09-21,4.307
2012-09-22,4.318
2012-09-23,4.318
2012-09-24,4.346
2012-09-25,4.345
2012-09-26,4.343
2012-09-27,4.34
2012-09-28,4.333
2012-09-29,4.334
2012-09-30,4.331
2012-10-01,4.33
2012-10-02,4.33
2012-10-03,4.329
2012-10-04,4.327
2012-10-05,4.325
2012-10-06,4.322
2012-10-07,4.32
2012-10-08,4.286
2012-10-09,4.284
2012-10-10,4.29
2012-10-11,4.286
2012-10-12,4.287
2012-10-13,4.285
2012-10-14,4.258
2012-10-15,4.259
2012-10-16,4.252
2012-10-17,4.244
2012-10-18,4.241
2012-10-19,4.238
2012-10-20,4.217
2012-10-21,4.222
2012-10-22,4.221
2012-10-23,4.22
2012-10-24,4.219
2012-10-25,4.219
2012-10-26,4.225
2012-10-27,4.223
2012-10-28,4.222
2012-10-29,4.218
2012-10-30,4.22
2012-10-31,4.22
2012-11-01,4.218
2012-11-02,4.215
2012-11-03,4.212
2012-11-04,4.215
2012-11-05,4.211
2012-11-06,4.207
2012-11-07,4.207
2012-11-08,4.206
2012-11-09,4.201
2012-11-10,4.198
2012-11-11,4.198
2012-11-12,4.201
2012-11-13,4.196
2012-11-14,4.193
2012-11-15,4.176
2012-11-16,4.175
2012-11-17,4.174
2012-11-18,4.171
2012-11-19,4.166
2012-11-20,4.16
2012-11-21,4.151
2012-11-22,4.146
2012-11-23,4.139
2012-11-24,4.132
2012-11-25,4.133
2012-11-26,4.132
2012-11-27,4.123
2012-11-28,4.119
2012-11-29,4.115
2012-11-30,4.111
2012-12-01,4.106
2012-12-02,4.536
2012-12-03,4.648
2012-12-04,4.626
2012-12-05,4.614
2012-12-06,4.604
2012-12-07,4.605
2012-12-08,4.596
2012-12-09,4.583
2012-12-10,4.582
2012-12-11,4.575
2012-12-12,4.57
2012-12-13,4.564
2012-12-14,4.559
2012-12-15,4.537
2012-12-16,4.488
2012-12-17,4.484
2012-12-18,4.477
2012-12-19,4.452
2012-12-20,4.444
2012-12-21,4.439
2012-12-22,4.431
2012-12-23,4.42
2012-12-24,4.407
2012-12-25,4.393
2012-12-26,4.383
2012-12-27,4.372
2012-12-28,4.355
2012-12-29,4.342
2012-12-30,4.34
2012-12-31,4.33
2013-01-01,4.32
2013-01-02,4.31
2013-01-03,4.305
2013-01-04,4.299
2013-01-05,4.286
2013-01-06,4.281
2013-01-07,4.278
2013-01-08,4.274
2013-01-09,4.269
2013-01-10,4.249
2013-01-11,4.243
2013-01-12,4.238
2013-01-13,4.237
2013-01-14,4.235
2013-01-15,4.228
2013-01-16,4.223
2013-01-17,4.22
2013-01-18,4.21
2013-01-19,4.193
2013-01-20,4.169
2013-01-21,4.164
2013-01-22,4.167
2013-01-23,4.16
2013-01-24,4.156
2013-01-25,4.153
2013-01-26,4.157
2013-01-27,4.161
2013-01-28,4.148
2013-01-29,4.153
2013-01-30,4.16
2013-01-31,4.167
2013-02-01,4.178
2013-02-02,4.172
2013-02-03,4.173
2013-02-04,4.172
2013-02-05,4.167
2013-02-06,4.162
2013-02-07,4.158
2013-02-08,4.155
2013-02-09,4.153
2013-02-10,4.149
2013-02-11,4.144
2013-02-12,4.138
2013-02-13,4.134
2013-02-14,4.13
2013-02-15,4.117
2013-02-16,4.11
2013-02-17,4.081
2013-02-18,4.082
2013-02-19,4.045
2013-02-20,4.004
2013-02-21,3.993
2013-02-22,3.985
2013-02-23,6.263
2013-02-24,9.423
2013-02-25,9.425
2013-02-26,9.369
2013-02-27,9.334
2013-02-28,9.3
2013-03-01,9.255
2013-03-02,9.196
2013-03-03,9.166
2013-03-04,9.112
2013-03-05,9.09
2013-03-06,9.059
2013-03-07,9.004
2013-03-08,8.986
2013-03-09,8.962
2013-03-10,8.94
2013-03-11,8.935
2013-03-12,21.363
2013-03-13,17.138
2013-03-14,17.643
2013-03-15,16.021
2013-03-16,15.659
2013-03-17,14.922
2013-03-18,14.849
2013-03-19,16.412
2013-03-20,18.827
2013-03-21,18.743
2013-03-22,30.083
2013-03-23,23.674
2013-03-24,24.036
2013-03-25,24.123
2013-03-26,23.177
2013-03-27,25.697
2013-03-28,27.142
2013-03-29,26.267
2013-03-30,31.439
2013-03-31,31.22
2013-04-01,35.962
2013-04-02,36.182
2013-04-03,36.8
2013-04-04,40.821
2013-04-05,45.89
2013-04-06,43.382
2013-04-07,49.095
2013-04-08,56.361
2013-04-09,65.445
2013-04-10,80.156
2013-04-11,68.352
2013-04-12,38.065
2013-04-13,45.887
2013-04-14,46.169
2013-04-15,42.87
2013-04-16,34.514
2013-04-17,33.348
2013-04-18,40.72
2013-04-19,38.722
2013-04-20,38.049
2013-04-21,41.803
2013-04-22,41.517
2013-04-23,41.817
2013-04-24,45.374
2013-04-25,50.371
2013-04-26,47.155
2013-04-27,47.042
2013-04-28,42.404
2013-04-29,42.663
2013-04-30,46.318
2013-05-01,43.515
2013-05-02,37.357
2013-05-03,31.149
2013-05-04,34.092
2013-05-05,42.906
2013-05-06,38.858
2013-05-07,37.29
2013-05-08,38.821
2013-05-09,38.898
2013-05-10,35.096
2013-05-11,50.615
2013-05-12,38.963
2013-05-13,35.016
2013-05-14,40.665
2013-05-15,33.298
2013-05-16,36.027
2013-05-17,33.482
2013-05-18,36.142
2013-05-19,33.414
2013-05-20,36.088
2013-05-21,36.233
2013-05-22,36.242
2013-05-23,35.811
2013-05-24,37.154
2013-05-25,34.012
2013-05-26,36.52
2013-05-27,39.216
2013-05-28,33.492
2013-05-29,35.747
2013-05-30,36.977
2013-05-31,38.642
2013-06-01,34.299
2013-06-02,40.104
2013-06-03,36.08
2013-06-04,33.913
2013-06-05,34.992
2013-06-06,35.929
2013-06-07,33.263
2013-06-08,30.954
2013-06-09,29.264
2013-06-10,27.095
2013-06-11,32.598
2013-06-12,31.074
2013-06-13,30.569
2013-06-14,29.865
2013-06-15,29.645
2013-06-16,26.555
2013-06-17,28.875
2013-06-18,31.323
2013-06-19,29.559
2013-06-20,30.144
2013-06-21,33.622
2013-06-22,31.482
2013-06-23,28.261
2013-06-24,27.769
2013-06-25,26.191
2013-06-26,28.296
2013-06-27,28.531
2013-06-28,26.814
2013-06-29,26.012
2013-06-30,26.105
2013-07-01,25.258
2013-07-02,23.55
2013-07-03,21.697
2013-07-04,21.81
2013-07-05,20.12
2013-07-06,19.132
2013-07-07,17.817
2013-07-08,21.337
2013-07-09,20.23
2013-07-10,20.378
2013-07-11,22.12
2013-07-12,24.051
2013-07-13,23.208
2013-07-14,26.38
2013-07-15,24.118
2013-07-16,25.926
2013-07-17,24.532
2013-07-18,22.882
2013-07-19,22.073
2013-07-20,23.157
2013-07-21,23.982
2013-07-22,21.512
2013-07-23,23.129
2013-07-24,22.886
2013-07-25,23.404
2013-07-26,23.14
2013-07-27,22.814
2013-07-28,26.52
2013-07-29,25.142
2013-07-30,21.929
2013-07-31,22.639
2013-08-01,23.865
2013-08-02,23.142
2013-08-03,24.004
2013-08-04,25.118
2013-08-05,23.047
2013-08-06,22.818
2013-08-07,22.601
2013-08-08,21.113
2013-08-09,20.44
2013-08-10,20.545
2013-08-11,20.372
2013-08-12,21.172
2013-08-13,19.656
2013-08-14,20.912
2013-08-15,20.413
2013-08-16,19.757
2013-08-17,20.553
2013-08-18,20.806
2013-08-19,19.779
2013-08-20,20.195
2013-08-21,22.084
2013-08-22,19.958
2013-08-23,18.787
2013-08-24,17.31
2013-08-25,18.313
2013-08-26,18.119
2013-08-27,18.623
2013-08-28,17.518
2013-08-29,16.974
2013-08-30,16.634
2013-08-31,16.872
2013-09-01,16.296
2013-09-02,15.286
2013-09-03,14.658
2013-09-04,13.526
2013-09-05,12.017
2013-09-06,11.527
2013-09-07,11.278
2013-09-08,11.26
2013-09-09,10.198
2013-09-10,10.081
2013-09-11,7.854
2013-09-12,7.046
2013-09-13,6.903
2013-09-14,6.593
2013-09-15,6.12
2013-09-16,6.011
2013-09-17,5.96
2013-09-18,5.956
2013-09-19,5.65
2013-09-20,5.667
2013-09-21,5.416
2013-09-22,5.679
2013-09-23,5.354
2013-09-24,5.079
2013-09-25,5.065
2013-09-26,5.19
2013-09-27,4.822
2013-09-28,4.781
2013-09-29,4.822
2013-09-30,4.813
2013-10-01,4.966
2013-10-02,4.5
2013-10-03,4.126
2013-10-04,4.089
2013-10-05,4.419
2013-10-06,4.497
2013-10-07,4.284
2013-10-08,4.019
2013-10-09,4.124
2013-10-10,4.114
2013-10-11,4.169
2013-10-12,4.099
2013-10-13,4.236
2013-10-14,4.173
2013-10-15,4.351
2013-10-16,4.334
2013-10-17,4.194
2013-10-18,4.542
2013-10-19,4.776
2013-10-20,5.234
2013-10-21,5.075
2013-10-22,5.559
2013-10-23,5.865
2013-10-24,5.553
2013-10-25,5.71
2013-10-26,5.502
2013-10-27,6.259
2013-10-28,6.097
2013-10-29,6.185
2013-10-30,6.297
2013-10-31,6.017
2013-11-01,5.875
2013-11-02,6.254
2013-11-03,5.848
2013-11-04,5.863
2013-11-05,6.374
2013-11-06,7.179
2013-11-07,8.209
2013-11-08,9.009
2013-11-09,9.659
2013-11-10,8.774
2013-11-11,9.464
2013-11-12,10.073
2013-11-13,10.609
2013-11-14,11.666
2013-11-15,12.183
2013-11-16,12.235
2013-11-17,12.939
2013-11-18,15.153
2013-11-19,17.845
2013-11-20,15.37
2013-11-21,18.065
2013-11-22,19.757
2013-11-23,23.277
2013-11-24,22.366
2013-11-25,22.81
2013-11-26,24.106
2013-11-27,26.92
2013-11-28,29.435
2013-11-29,31.722
2013-11-30,32.837
2013-12-01,29.544
2013-12-02,29.027
2013-12-03,30.499
2013-12-04,31.155
2013-12-05,30.324
2013-12-06,28.458
2013-12-07,21.571
2013-12-08,21.286
2013-12-09,24.869
2013-12-10,26.952
2013-12-11,26.28
2013-12-12,28.27
2013-12-13,26.391
2013-12-14,26.336
2013-12-15,25.857
2013-12-16,24.062
2013-12-17,20.586
2013-12-18,16.305
2013-12-19,17.627
2013-12-20,19.631
2013-12-21,17.547
2013-12-22,18.218
2013-12-23,18.749
2013-12-24,19.556
2013-12-25,20.124
2013-12-26,20.278
2013-12-27,20.758
2013-12-28,21.619
2013-12-29,21.962
2013-12-30,21.445
2013-12-31,21.494
2014-01-01,22.211
2014-01-02,22.187
2014-01-03,22.333
2014-01-04,22.958
2014-01-05,24.834
2014-01-06,26.162
2014-01-07,25.551
2014-01-08,23.084
2014-01-09,24.227
2014-01-10,23.896
2014-01-11,25.234
2014-01-12,25.648
2014-01-13,24.331
2014-01-14,24.193
2014-01-15,24.653
2014-01-16,23.848
2014-01-17,23.382
2014-01-18,23.309
2014-01-19,25.505
2014-01-20,25.601
2014-01-21,27.554
2014-01-22,25.234
2014-01-23,24.703
2014-01-24,21.895
2014-01-25,23.15
2014-01-26,23.331
2014-01-27,22.797
2014-01-28,22.598
2014-01-29,22.393
2014-01-30,22.777
2014-01-31,23.063
2014-02-01,24.389
2014-02-02,24.023
2014-02-03,23.205
2014-02-04,21.835
2014-02-05,22.978
2014-02-06,21.159
2014-02-07,18.873
2014-02-08,18.933
2014-02-09,18.764
2014-02-10,18.692
2014-02-11,19.264
2014-02-12,19.25
2014-02-13,18.654
2014-02-14,16.207
2014-02-15,17.388
2014-02-16,16.925
2014-02-17,16.438
2014-02-18,16.453
2014-02-19,19.414
2014-02-20,15.474
2014-02-21,14.347
2014-02-22,16.218
2014-02-23,16.311
2014-02-24,14.784
2014-02-25,13.186
2014-02-26,14.297
2014-02-27,14.99
2014-02-28,15.94
2014-03-01,15.512
2014-03-02,13.599
2014-03-03,14.423
2014-03-04,16.102
2014-03-05,15.719
2014-03-06,15.501
2014-03-07,14.555
2014-03-08,14.028
2014-03-09,13.973
2014-03-10,13.973
2014-03-11,13.763
2014-03-12,13.934
2014-03-13,13.926
2014-03-14,13.786
2014-03-15,13.723
2014-03-16,13.7
2014-03-17,13.501
2014-03-18,13.297
2014-03-19,13.124
2014-03-20,12.645
2014-03-21,12.465
2014-03-22,12.116
2014-03-23,12.004
2014-03-24,11.943
2014-03-25,12.167
2014-03-26,12.092
2014-03-27,10.728
2014-03-28,9.884
2014-03-29,9.113
2014-03-30,8.278
2014-03-31,8.075
2014-04-01,8.382
2014-04-02,8.081
2014-04-03,7.507
2014-04-04,7.804
2014-04-05,8.097
2014-04-06,8.045
2014-04-07,8.201
2014-04-08,8.195
2014-04-09,8.014
2014-04-10,7.243
2014-04-11,7.069
2014-04-12,7.335
2014-04-13,7.004
2014-04-14,7.386
2014-04-15,7.76
2014-04-16,8.044
2014-04-17,7.758
2014-04-18,7.212
2014-04-19,7.145
2014-04-20,7.117
2014-04-21,6.907
2014-04-22,6.606
2014-04-23,6.223
2014-04-24,6.0
2014-04-25,5.552
2014-04-26,5.244
2014-04-27,4.789
2014-04-28,4.534
2014-04-29,4.386
2014-04-30,3.757
2014-05-01,3.688
2014-05-02,3.51
2014-05-03,3.299
2014-05-04,3.2
2014-05-05,3.127
2014-05-06,3.032
2014-05-07,2.995
2014-05-08,2.983
2014-05-09,2.91
2014-05-10,2.892
2014-05-11,2.809
2014-05-12,2.737
2014-05-13,2.701
2014-05-14,2.71
2014-05-15,2.714
2014-05-16,2.696
2014-05-17,2.691
2014-05-18,2.658
2014-05-19,2.613
2014-05-20,2.645
2014-05-21,2.791
2014-05-22,2.847
2014-05-23,2.917
2014-05-24,2.854
2014-05-25,2.939
2014-05-26,3.045
2014-05-27,2.963
2014-05-28,2.946
2014-05-29,2.804
2014-05-30,2.911
2014-05-31,3.032
2014-06-01,3.205
2014-06-02,3.127
2014-06-03,3.214
2014-06-04,3.088
2014-06-05,3.151
2014-06-06,3.163
2014-06-07,3.122
2014-06-08,3.103
2014-06-09,3.056
2014-06-10,3.057
2014-06-11,3.023
2014-06-12,2.918
2014-06-13,2.81
2014-06-14,2.727
2014-06-15,2.622
2014-06-16,2.716
2014-06-17,2.713
2014-06-18,2.711
2014-06-19,2.674
2014-06-20,2.604
2014-06-21,2.594
2014-06-22,2.636
2014-06-23,2.585
2014-06-24,2.569
2014-06-25,2.49
2014-06-26,2.47
2014-06-27,2.523
2014-06-28,2.567
2014-06-29,2.544
2014-06-30,2.621
2014-07-01,2.718
2014-07-02,2.696
2014-07-03,2.68
2014-07-04,2.644
2014-07-05,2.602
2014-07-06,2.624
2014-07-07,2.564
2014-07-08,2.541
2014-07-09,2.545
2014-07-10,2.474
2014-07-11,2.466
2014-07-12,2.483
2014-07-13,2.467
2014-07-14,2.432
2014-07-15,2.418
2014-07-16,2.398
2014-07-17,2.406
2014-07-18,2.413
2014-07-19,2.427
2014-07-20,2.401
2014-07-21,2.396
2014-07-22,2.395
2014-07-23,2.371
2014-07-24,2.325
2014-07-25,2.289
2014-07-26,2.264
2014-07-27,2.262
2014-07-28,2.22
2014-07-29,2.219
2014-07-30,2.176
2014-07-31,2.179
2014-08-01,2.236
2014-08-02,2.214
2014-08-03,2.184
2014-08-04,2.191
2014-08-05,2.173
2014-08-06,2.147
2014-08-07,2.137
2014-08-08,2.147
2014-08-09,2.112
2014-08-10,2.117
2014-08-11,2.099
2014-08-12,2.028
2014-08-13,1.956
2014-08-14,1.83
2014-08-15,1.775
2014-08-16,1.755
2014-08-17,1.734
2014-08-18,1.627
2014-08-19,1.636
2014-08-20,1.701
2014-08-21,1.803
2014-08-22,1.767
2014-08-23,1.724
2014-08-24,1.731
2014-08-25,1.726
2014-08-26,1.742
2014-08-27,1.771
2014-08-28,1.756
2014-08-29,1.747
2014-08-30,1.73
2014-08-31,1.681
2014-09-01,1.64
2014-09-02,1.636
2014-09-03,1.639
2014-09-04,1.651
2014-09-05,1.662
2014-09-06,1.644
2014-09-07,1.653
2014-09-08,1.623
2014-09-09,1.612
2014-09-10,1.644
2014-09-11,1.636
2014-09-12,1.625
2014-09-13,1.63
2014-09-14,1.628
2014-09-15,1.629
2014-09-16,1.613
2014-09-17,1.583
2014-09-18,1.497
2014-09-19,1.38
2014-09-20,1.407
2014-09-21,1.375
2014-09-22,1.398
2014-09-23,1.396
2014-09-24,1.461
2014-09-25,1.408
2014-09-26,1.384
2014-09-27,1.369
2014-09-28,1.333
2014-09-29,1.298
2014-09-30,1.301
2014-10-01,1.318
2014-10-02,1.296
2014-10-03,1.273
2014-10-04,1.196
2014-10-05,1.093
2014-10-06,1.122
2014-10-07,1.137
2014-10-08,1.158
2014-10-09,1.243
2014-10-10,1.251
2014-10-11,1.233
2014-10-12,1.242
2014-10-13,1.295
2014-10-14,1.373
2014-10-15,1.353
2014-10-16,1.331
2014-10-17,1.31
2014-10-18,1.324
2014-10-19,1.342
2014-10-20,1.317
2014-10-21,1.32
2014-10-22,1.311
2014-10-23,1.26
2014-10-24,1.229
2014-10-25,1.203
2014-10-26,1.207
2014-10-27,1.21
2014-10-28,1.21
2014-10-29,1.176
2014-10-30,1.156
2014-10-31,1.164
2014-11-01,1.121
2014-11-02,1.103
2014-11-03,1.109
2014-11-04,1.102
2014-11-05,1.135
2014-11-06,1.153
2014-11-07,1.162
2014-11-08,1.154
2014-11-09,1.18
2014-11-10,1.23
2014-11-11,1.231
2014-11-12,1.325
2014-11-13,1.447
2014-11-14,1.278
2014-11-15,1.245
2014-11-16,1.231
2014-11-17,1.279
2014-11-18,1.233
2014-11-19,1.227
2014-11-20,1.184
2014-11-21,1.134
2014-11-22,1.149
2014-11-23,1.156
2014-11-24,1.206
2014-11-25,1.23
2014-11-26,1.19
2014-11-27,1.187
2014-11-28,1.202
2014-11-29,1.231
2014-11-30,1.224
2014-12-01,1.229
2014-12-02,1.236
2014-12-03,1.229
2014-12-04,1.221
2014-12-05,1.214
2014-12-06,1.219
2014-12-07,1.217
2014-12-08,1.219
2014-12-09,1.163
2014-12-10,1.149
2014-12-11,1.155
2014-12-12,1.154
2014-12-13,1.141
2014-12-14,1.142
2014-12-15,1.138
2014-12-16,1.1
2014-12-17,1.061
2014-12-18,1.023
2014-12-19,1.024
2014-12-20,1.065
2014-12-21,1.062
2014-12-22,1.074
2014-12-23,1.086
2014-12-24,1.082
2014-12-25,1.046
2014-12-26,1.06
2014-12-27,1.044
2014-12-28,1.033
2014-12-29,1.029
2014-12-30,1.025
2014-12-31,1.027
2015-01-01,1.035
2015-01-02,1.031
2015-01-03,0.995
2015-01-04,0.9
2015-01-05,0.886
2015-01-06,0.898
2015-01-07,0.925
2015-01-08,0.927
2015-01-09,0.914
2015-01-10,0.901
2015-01-11,0.877
2015-01-12,0.868
2015-01-13,0.769
2015-01-14,0.631
2015-01-15,0.663
2015-01-16,0.682
2015-01-17,0.645
2015-01-18,0.662
2015-01-19,0.682
2015-01-20,0.677
2015-01-21,0.693
2015-01-22,0.748
2015-01-23,0.74
2015-01-24,0.763
2015-01-25,0.798
2015-01-26,0.908
2015-01-27,0.843
2015-01-28,0.818
2015-01-29,0.754
2015-01-30,0.754
2015-01-31,0.738
2015-02-01,0.704
2015-02-02,0.732
2015-02-03,0.762
2015-02-04,0.725
2015-02-05,0.717
2015-02-06,0.708
2015-02-07,0.727
2015-02-08,0.722
2015-02-09,0.709
2015-02-10,0.7
2015-02-11,0.708
2015-02-12,0.705
2015-02-13,0.743
2015-02-14,0.79
2015-02-15,0.8
2015-02-16,0.75
2015-02-17,0.765
2015-02-18,0.768
2015-02-19,0.765
2015-02-20,0.778
2015-02-21,0.782
2015-02-22,0.771
2015-02-23,0.755
2015-02-24,0.761
2015-02-25,0.76
2015-02-26,0.756
2015-02-27,0.8
2015-02-28,0.809
2015-03-01,0.805
2015-03-02,0.839
2015-03-03,0.881
2015-03-04,0.893
2015-03-05,0.866
2015-03-06,0.874
2015-03-07,0.876
2015-03-08,0.884
2015-03-09,0.906
2015-03-10,0.941
2015-03-11,0.942
2015-03-12,0.943
2015-03-13,0.935
2015-03-14,0.908
2015-03-15,0.911
2015-03-16,0.934
2015-03-17,0.928
2015-03-18,0.878
2015-03-19,0.825
2015-03-20,0.838
2015-03-21,0.831
2015-03-22,0.84
2015-03-23,0.858
2015-03-24,0.822
2015-03-25,0.786
2015-03-26,0.8
2015-03-27,0.795
2015-03-28,0.807
2015-03-29,0.787
2015-03-30,0.787
2015-03-31,0.787
2015-04-01,0.784
2015-04-02,0.798
2015-04-03,0.816
2015-04-04,0.813
2015-04-05,0.818
2015-04-06,0.828
2015-04-07,0.813
2015-04-08,0.8
2015-04-09,0.784
2015-04-10,0.768
2015-04-11,0.761
2015-04-12,0.762
2015-04-13,0.75
2015-04-14,0.71
2015-04-15,0.715
2015-04-16,0.734
2015-04-17,0.726
2015-04-18,0.721
2015-04-19,0.726
2015-04-20,0.725
2015-04-21,0.731
2015-04-22,0.761
2015-04-23,0.758
2015-04-24,0.748
2015-04-25,0.737
2015-04-26,0.707
2015-04-27,0.716
2015-04-28,0.729
2015-04-29,0.726
2015-04-30,0.748
2015-05-01,0.76
2015-05-02,0.756
2015-05-03,0.772
2015-05-04,0.773
2015-05-05,0.759
2015-05-06,0.756
2015-05-07,0.749
2015-05-08,0.772
2015-05-09,0.78
2015-05-10,0.775
2015-05-11,0.776
2015-05-12,0.776
2015-05-13,0.778
2015-05-14,0.76
2015-05-15,0.763
2015-05-16,0.761
2015-05-17,0.76
2015-05-18,0.758
2015-05-19,0.749
2015-05-20,0.751
2015-05-21,0.756
2015-05-22,0.764
2015-05-23,0.773
2015-05-24,0.772
2015-05-25,0.77
2015-05-26,0.766
2015-05-27,0.765
2015-05-28,0.764
2015-05-29,0.763
2015-05-30,0.757
2015-05-31,0.751
2015-06-01,0.736
2015-06-02,0.726
2015-06-03,0.731
2015-06-04,0.729
2015-06-05,0.727
2015-06-06,0.727
2015-06-07,0.727
2015-06-08,0.731
2015-06-09,0.743
2015-06-10,0.742
2015-06-11,0.744
2015-06-12,0.747
2015-06-13,0.749
2015-06-14,0.759
2015-06-15,0.766
2015-06-16,0.785
2015-06-17,0.817
2015-06-18,0.809
2015-06-19,0.806
2015-06-20,0.791
2015-06-21,0.795
2015-06-22,0.802
2015-06-23,0.799
2015-06-24,0.792
2015-06-25,0.791
2015-06-26,0.791
2015-06-27,0.802
2015-06-28,0.815
2015-06-29,0.827
2015-06-30,0.858
2015-07-01,0.849
2015-07-02,0.84
2015-07-03,0.836
2015-07-04,0.842
2015-07-05,0.866
2015-07-06,0.892
2015-07-07,0.877
2015-07-08,0.881
2015-07-09,0.887
2015-07-10,0.923
2015-07-11,0.96
2015-07-12,1.003
2015-07-13,0.965
2015-07-14,0.958
2015-07-15,0.958
2015-07-16,0.929
2015-07-17,0.916
2015-07-18,0.916
2015-07-19,0.909
2015-07-20,0.914
2015-07-21,0.922
2015-07-22,0.913
2015-07-23,0.916
2015-07-24,0.935
2015-07-25,0.956
2015-07-26,0.962
2015-07-27,0.964
2015-07-28,0.977
2015-07-29,0.966
2015-07-30,0.956
2015-07-31,0.946
2015-08-01,0.933
2015-08-02,0.93
2015-08-03,0.939
2015-08-04,0.944
2015-08-05,0.942
2015-08-06,0.93
2015-08-07,0.925
2015-08-08,0.906
2015-08-09,0.879
2015-08-10,0.885
2015-08-11,0.888
2015-08-12,0.897
2015-08-13,0.885
2015-08-14,0.888
2015-08-15,0.887
2015-08-16,0.868
2015-08-17,0.865
2015-08-18,0.853
2015-08-19,0.778
2015-08-20,0.784
2015-08-21,0.786
2015-08-22,0.773
2015-08-23,0.77
2015-08-24,0.74
2015-08-25,0.724
2015-08-26,0.762
2015-08-27,0.764
2015-08-28,0.772
2015-08-29,0.779
2015-08-30,0.774
2015-08-31,0.774
2015-09-01,0.774
2015-09-02,0.774
2015-09-03,0.772
2015-09-04,0.778
2015-09-05,0.787
2015-09-06,0.813
2015-09-07,0.816
2015-09-08,0.826
2015-09-09,0.816
2015-09-10,0.81
2015-09-11,0.816
2015-09-12,0.812
2015-09-13,0.793
2015-09-14,0.784
2015-09-15,0.785
2015-09-16,0.78
2015-09-17,0.787
2015-09-18,0.795
2015-09-19,0.791
2015-09-20,0.79
2015-09-21,0.779
2015-09-22,0.781
2015-09-23,0.788
2015-09-24,0.795
2015-09-25,0.806
2015-09-26,0.802
2015-09-27,0.8
2015-09-28,0.812
2015-09-29,0.814
2015-09-30,0.81
2015-10-01,0.811
2015-10-02,0.813
2015-10-03,0.816
2015-10-04,0.818
2015-10-05,0.818
2015-10-06,0.834
2015-10-07,0.842
2015-10-08,0.836
2015-10-09,0.836
2015-10-10,0.84
2015-10-11,0.845
2015-10-12,0.849
2015-10-13,0.852
2015-10-14,0.867
2015-10-15,0.879
2015-10-16,0.898
2015-10-17,0.93
2015-10-18,0.919
2015-10-19,0.909
2015-10-20,0.923
2015-10-21,0.926
2015-10-22,0.941
2015-10-23,0.956
2015-10-24,0.967
2015-10-25,1.0
2015-10-26,0.982
2015-10-27,1.01
2015-10-28,1.043
2015-10-29,1.071
2015-10-30,1.122
2015-10-31,1.113
2015-11-01,1.088
2015-11-02,1.159
2015-11-03,1.324
2015-11-04,1.539
2015-11-05,1.388
2015-11-06,1.293
2015-11-07,1.331
2015-11-08,1.331
2015-11-09,1.302
2015-11-10,1.269
2015-11-11,1.098
2015-11-12,1.138
2015-11-13,1.159
2015-11-14,1.161
2015-11-15,1.142
2015-11-16,1.121
2015-11-17,1.163
2015-11-18,1.163
2015-11-19,1.153
2015-11-20,1.115
2015-11-21,1.132
2015-11-22,1.13
2015-11-23,1.126
2015-11-24,1.119
2015-11-25,1.125
2015-11-26,1.194
2015-11-27,1.242
2015-11-28,1.239
2015-11-29,1.26
2015-11-30,1.315
2015-12-01,1.284
2015-12-02,1.245
2015-12-03,1.267
2015-12-04,1.259
2015-12-05,1.312
2015-12-06,1.378
2015-12-07,1.375
2015-12-08,1.383
2015-12-09,1.458
2015-12-10,1.455
2015-12-11,1.513
2015-12-12,1.51
2015-12-13,1.523
2015-12-14,1.544
2015-12-15,1.597
2015-12-16,1.598
2015-12-17,1.594
2015-12-18,1.611
2015-12-19,1.622
2015-12-20,1.591
2015-12-21,1.534
2015-12-22,1.539
2015-12-23,1.546
2015-12-24,1.593
2015-12-25,1.594
2015-12-26,1.505
2015-12-27,1.467
2015-12-28,1.492
2015-12-29,1.495
2015-12-30,1.51
2015-12-31,1.498
2016-01-01,1.52
2016-01-02,1.524
2016-01-03,1.51
2016-01-04,1.518
2016-01-05,1.52
2016-01-06,1.513
2016-01-07,1.573
2016-01-08,1.598
2016-01-09,1.58
2016-01-10,1.559
2016-01-11,1.572
2016-01-12,1.568
2016-01-13,1.512
2016-01-14,1.517
2016-01-15,1.42
2016-01-16,1.307
2016-01-17,1.353
2016-01-18,1.347
2016-01-19,1.349
2016-01-20,1.382
2016-01-21,1.46
2016-01-22,1.399
2016-01-23,1.386
2016-01-24,1.41
2016-01-25,1.41
2016-01-26,1.401
2016-01-27,1.406
2016-01-28,1.37
2016-01-29,1.344
2016-01-30,1.352
2016-01-31,1.35
2016-02-01,1.337
2016-02-02,1.34
2016-02-03,1.333
2016-02-04,1.355
2016-02-05,1.389
2016-02-06,1.356
2016-02-07,1.357
2016-02-08,1.353
2016-02-09,1.344
2016-02-10,1.361
2016-02-11,1.364
2016-02-12,1.376
2016-02-13,1.399
2016-02-14,1.436
2016-02-15,1.457
2016-02-16,1.456
2016-02-17,1.491
2016-02-18,1.513
2016-02-19,1.515
2016-02-20,1.548
2016-02-21,1.578
2016-02-22,1.573
2016-02-23,1.539
2016-02-24,1.516
2016-02-25,1.524
2016-02-26,1.528
2016-02-27,1.557
2016-02-28,1.547
2016-02-29,1.574
2016-03-01,1.569
2016-03-02,1.559
2016-03-03,1.519
2016-03-04,1.515
2016-03-05,1.457
2016-03-06,1.463
2016-03-07,1.48
2016-03-08,1.492
2016-03-09,1.492
2016-03-10,1.499
2016-03-11,1.52
2016-03-12,1.499
2016-03-13,1.497
2016-03-14,1.501
2016-03-15,1.508
2016-03-16,1.508
2016-03-17,1.518
2016-03-18,1.499
2016-03-19,1.482
2016-03-20,1.492
2016-03-21,1.491
2016-03-22,1.51
2016-03-23,1.516
2016-03-24,1.511
2016-03-25,1.51
2016-03-26,1.513
2016-03-27,1.526
2016-03-28,1.538
2016-03-29,1.52
2016-03-30,1.502
2016-03-31,1.509
2016-04-01,1.511
2016-04-02,1.521
2016-04-03,1.521
2016-04-04,1.522
2016-04-05,1.529
2016-04-06,1.529
2016-04-07,1.52
2016-04-08,1.516
2016-04-09,1.501
2016-04-10,1.51
2016-04-11,1.514
2016-04-12,1.525
2016-04-13,1.526
2016-04-14,1.524
2016-04-15,1.534
2016-04-16,1.544
2016-04-17,1.537
2016-04-18,1.535
2016-04-19,1.544
2016-04-20,1.57
2016-04-21,1.595
2016-04-22,1.602
2016-04-23,1.605
2016-04-24,1.63
2016-04-25,1.648
2016-04-26,1.668
2016-04-27,1.652
2016-04-28,1.597
2016-04-29,1.619
2016-04-30,1.627
2016-05-01,1.621
2016-05-02,1.606
2016-05-03,1.605
2016-05-04,1.602
2016-05-05,1.6
2016-05-06,1.616
2016-05-07,1.642
2016-05-08,1.64
2016-05-09,1.644
2016-05-10,1.63
2016-05-11,1.623
2016-05-12,1.617
2016-05-13,1.626
2016-05-14,1.628
2016-05-15,1.632
2016-05-16,1.631
2016-05-17,1.621
2016-05-18,1.623
2016-05-19,1.605
2016-05-20,1.577
2016-05-21,1.58
2016-05-22,1.575
2016-05-23,1.575
2016-05-24,1.586
2016-05-25,1.598
2016-05-26,1.606
2016-05-27,1.677
2016-05-28,1.757
2016-05-29,1.843
2016-05-30,1.886
2016-05-31,1.899
2016-06-01,1.892
2016-06-02,1.902
2016-06-03,1.963
2016-06-04,2.032
2016-06-05,2.044
2016-06-06,2.062
2016-06-07,2.061
2016-06-08,2.047
2016-06-09,2.044
2016-06-10,2.041
2016-06-11,2.064
2016-06-12,2.27
2016-06-13,2.432
2016-06-14,2.439
2016-06-15,2.426
2016-06-16,2.612
2016-06-17,2.651
2016-06-18,2.66
2016-06-19,2.676
2016-06-20,2.66
2016-06-21,2.418
2016-06-22,2.306
2016-06-23,2.091
2016-06-24,2.319
2016-06-25,2.384
2016-06-26,2.276
2016-06-27,2.261
2016-06-28,2.296
2016-06-29,2.249
2016-06-30,2.313
2016-07-01,2.391
2016-07-02,2.43
2016-07-03,2.392
2016-07-04,2.368
2016-07-05,2.376
2016-07-06,2.38
2016-07-07,2.269
2016-07-08,2.291
2016-07-09,2.302
2016-07-10,2.288
2016-07-11,2.292
2016-07-12,2.321
2016-07-13,2.345
2016-07-14,2.322
2016-07-15,2.343
2016-07-16,2.342
2016-07-17,2.363
2016-07-18,2.385
2016-07-19,2.366
2016-07-20,2.358
2016-07-21,2.339
2016-07-22,2.329
2016-07-23,2.308
2016-07-24,2.316
2016-07-25,2.316
2016-07-26,2.3
2016-07-27,2.302
2016-07-28,2.305
2016-07-29,2.305
2016-07-30,2.306
2016-07-31,2.234
2016-08-01,2.179
2016-08-02,2.083
2016-08-03,1.93
2016-08-04,2.014
2016-08-05,2.01
2016-08-06,2.017
2016-08-07,2.067
2016-08-08,2.069
2016-08-09,2.055
2016-08-10,2.067
2016-08-11,2.074
2016-08-12,2.053
2016-08-13,2.05
2016-08-14,2.012
2016-08-15,1.988
2016-08-16,2.0
2016-08-17,2.01
2016-08-18,2.007
2016-08-19,2.007
2016-08-20,2.017
2016-08-21,2.028
2016-08-22,2.035
2016-08-23,2.038
2016-08-24,2.024
2016-08-25,2.005
2016-08-26,2.016
2016-08-27,1.997
2016-08-28,1.99
2016-08-29,1.999
2016-08-30,2.005
2016-08-31,1.997
2016-09-01,1.992
2016-09-02,1.992
2016-09-03,2.014
2016-09-04,2.099
2016-09-05,2.102
2016-09-06,2.107
2016-09-07,2.117
2016-09-08,2.15
2016-09-09,2.15
2016-09-10,2.154
2016-09-11,2.139
2016-09-12,2.092
2016-09-13,2.097
2016-09-14,2.099
2016-09-15,2.096
2016-09-16,2.092
2016-09-17,2.09
2016-09-18,2.093
2016-09-19,2.096
2016-09-20,2.092
2016-09-21,2.053
2016-09-22,2.051
2016-09-23,2.053
2016-09-24,2.072
2016-09-25,2.065
2016-09-26,2.072
2016-09-27,2.075
2016-09-28,2.071
2016-09-29,2.069
2016-09-30,2.068
2016-10-01,2.091
2016-10-02,2.088
2016-10-03,2.088
2016-10-04,2.081
2016-10-05,2.085
2016-10-06,2.083
2016-10-07,2.093
2016-10-08,2.105
2016-10-09,2.099
2016-10-10,2.099
2016-10-11,2.154
2016-10-12,2.171
2016-10-13,2.164
2016-10-14,2.165
2016-10-15,2.172
2016-10-16,2.174
2016-10-17,2.168
2016-10-18,2.163
2016-10-19,2.136
2016-10-20,2.124
2016-10-21,2.128
2016-10-22,2.167
2016-10-23,2.21
2016-10-24,2.197
2016-10-25,2.212
2016-10-26,2.246
2016-10-27,2.304
2016-10-28,2.312
2016-10-29,2.379
2016-10-30,2.374
2016-10-31,2.356
2016-11-01,2.423
2016-11-02,2.441
2016-11-03,2.433
2016-11-04,2.348
2016-11-05,2.356
2016-11-06,2.376
2016-11-07,2.364
2016-11-08,2.369
2016-11-09,2.431
2016-11-10,2.393
2016-11-11,2.393
2016-11-12,2.368
2016-11-13,2.322
2016-11-14,2.334
2016-11-15,2.36
2016-11-16,2.395
2016-11-17,2.458
2016-11-18,2.444
2016-11-19,2.446
2016-11-20,2.417
2016-11-21,2.396
2016-11-22,2.419
2016-11-23,2.409
2016-11-24,2.381
2016-11-25,2.373
2016-11-26,2.37
2016-11-27,2.357
2016-11-28,2.358
2016-11-29,2.354
2016-11-30,2.371
2016-12-01,2.401
2016-12-02,2.461
2016-12-03,2.451
2016-12-04,2.449
2016-12-05,2.422
2016-12-06,2.422
2016-12-07,2.432
2016-12-08,2.449
2016-12-09,2.452
2016-12-10,2.461
2016-12-11,2.44
2016-12-12,2.462
2016-12-13,2.469
2016-12-14,2.461
2016-12-15,2.459
2016-12-16,2.467
2016-12-17,2.489
2016-12-18,2.492
2016-12-19,2.499
2016-12-20,2.499
2016-12-21,2.567
2016-12-22,2.7
2016-12-23,2.834
2016-12-24,2.844
2016-12-25,2.754
2016-12-26,2.82
2016-12-27,2.88
2016-12-28,2.993
2016-12-29,3.038
2016-12-30,2.989
2016-12-31,2.992
2017-01-01,3.052
2017-01-02,3.17
2017-01-03,3.197
2017-01-04,3.353
2017-01-05,3.272
2017-01-06,2.9
2017-01-07,2.697
2017-01-08,2.835
2017-01-09,2.782
2017-01-10,2.812
2017-01-11,2.634
2017-01-12,2.441
2017-01-13,2.519
2017-01-14,2.583
2017-01-15,2.552
2017-01-16,2.583
2017-01-17,2.728
2017-01-18,2.752
2017-01-19,2.774
2017-01-20,2.78
2017-01-21,2.851
2017-01-22,2.867
2017-01-23,2.86
2017-01-24,2.825
2017-01-25,2.786
2017-01-26,2.812
2017-01-27,2.839
2017-01-28,2.842
2017-01-29,2.839
2017-01-30,2.837
2017-01-31,2.904
2017-02-01,2.999
2017-02-02,3.06
2017-02-03,3.132
2017-02-04,3.144
2017-02-05,3.153
2017-02-06,3.16
2017-02-07,3.223
2017-02-08,3.253
2017-02-09,3.151
2017-02-10,3.013
2017-02-11,3.102
2017-02-12,3.089
2017-02-13,3.078
2017-02-14,3.095
2017-02-15,3.104
2017-02-16,3.155
2017-02-17,3.217
2017-02-18,3.25
2017-02-19,3.228
2017-02-20,3.241
2017-02-21,3.372
2017-02-22,3.429
2017-02-23,3.506
2017-02-24,3.624
2017-02-25,3.569
2017-02-26,3.559
2017-02-27,3.629
2017-02-28,3.658
2017-03-01,3.697
2017-03-02,3.799
2017-03-03,3.899
2017-03-04,3.895
2017-03-05,3.864
2017-03-06,3.906
2017-03-07,3.841
2017-03-08,3.656
2017-03-09,3.603
2017-03-10,3.692
2017-03-11,3.589
2017-03-12,3.664
2017-03-13,3.774
2017-03-14,3.799
2017-03-15,3.823
2017-03-16,3.741
2017-03-17,3.463
2017-03-18,3.186
2017-03-19,3.115
2017-03-20,3.191
2017-03-21,3.346
2017-03-22,3.243
2017-03-23,3.196
2017-03-24,3.066
2017-03-25,2.886
2017-03-26,3.008
2017-03-27,3.106
2017-03-28,3.227
2017-03-29,3.193
2017-03-30,3.195
2017-03-31,3.253
2017-04-01,3.327
2017-04-02,3.341
2017-04-03,3.479
2017-04-04,3.503
2017-04-05,3.453
2017-04-06,3.566
2017-04-07,3.63
2017-04-08,3.622
2017-04-09,3.64
2017-04-10,3.683
2017-04-11,3.701
2017-04-12,3.699
2017-04-13,3.613
2017-04-14,3.591
2017-04-15,3.599
2017-04-16,3.585
2017-04-17,3.601
2017-04-18,3.659
2017-04-19,3.656
2017-04-20,3.713
2017-04-21,3.77
2017-04-22,3.756
2017-04-23,3.743
2017-04-24,3.76
2017-04-25,3.799
2017-04-26,3.873
2017-04-27,3.947
2017-04-28,3.986
2017-04-29,4.006
2017-04-30,3.985
2017-05-01,4.17
2017-05-02,4.295
2017-05-03,4.339
2017-05-04,4.548
2017-05-05,4.601
2017-05-06,4.577
2017-05-07,4.55
2017-05-08,4.733
2017-05-09,5.028
2017-05-10,5.093
2017-05-11,5.334
2017-05-12,5.17
2017-05-13,5.0
2017-05-14,5.206
2017-05-15,5.049
2017-05-16,5.027
2017-05-17,5.253
2017-05-18,5.378
2017-05-19,5.647
2017-05-20,5.835
2017-05-21,5.984
2017-05-22,6.301
2017-05-23,6.506
2017-05-24,6.983
2017-05-25,7.575
2017-05-26,7.046
2017-05-27,6.105
2017-05-28,6.412
2017-05-29,6.543
2017-05-30,6.639
2017-05-31,6.569
2017-06-01,6.984
2017-06-02,7.073
2017-06-03,7.319
2017-06-04,7.313
2017-06-05,7.551
2017-06-06,8.193
2017-06-07,8.08
2017-06-08,7.917
2017-06-09,8.086
2017-06-10,8.153
2017-06-11,8.309
2017-06-12,7.97
2017-06-13,7.706
2017-06-14,7.566
2017-06-15,6.729
2017-06-16,6.978
2017-06-17,7.276
2017-06-18,7.291
2017-06-19,7.275
2017-06-20,7.567
2017-06-21,7.667
2017-06-22,7.607
2017-06-23,7.694
2017-06-24,7.536
2017-06-25,7.29
2017-06-26,6.975
2017-06-27,6.832
2017-06-28,7.158
2017-06-29,7.211
2017-06-30,7.1
2017-07-01,6.901
2017-07-02,6.889
2017-07-03,7.124
2017-07-04,7.307
2017-07-05,7.238
2017-07-06,7.276
2017-07-07,7.122
2017-07-08,7.033
2017-07-09,7.09
2017-07-10,6.824
2017-07-11,6.522
2017-07-12,6.535
2017-07-13,6.601
2017-07-14,6.345
2017-07-15,5.723
2017-07-16,5.334
2017-07-17,5.678
2017-07-18,6.297
2017-07-19,6.392
2017-07-20,6.897
2017-07-21,7.476
2017-07-22,7.648
2017-07-23,7.61
2017-07-24,7.525
2017-07-25,7.211
2017-07-26,6.912
2017-07-27,7.115
2017-07-28,7.555
2017-07-29,7.517
2017-07-30,7.49
2017-07-31,7.806
2017-08-01,7.815
2017-08-02,7.645
2017-08-03,7.739
2017-08-04,7.955
2017-08-05,8.851
2017-08-06,9.055
2017-08-07,9.299
2017-08-08,9.638
2017-08-09,9.399
2017-08-10,9.54
2017-08-11,9.863
2017-08-12,10.568
2017-08-13,11.295
2017-08-14,11.688
2017-08-15,11.665
2017-08-16,11.664
2017-08-17,12.158
2017-08-18,11.769
2017-08-19,11.278
2017-08-20,11.336
2017-08-21,11.135
2017-08-22,10.835
2017-08-23,11.444
2017-08-24,11.553
2017-08-25,11.988
2017-08-26,11.862
2017-08-27,11.921
2017-08-28,11.825
2017-08-29,12.271
2017-08-30,12.521
2017-08-31,12.795
2017-09-01,13.156
2017-09-02,12.765
2017-09-03,12.532
2017-09-04,11.947
2017-09-05,11.65
2017-09-06,12.43
2017-09-07,12.541
2017-09-08,12.196
2017-09-09,11.685
2017-09-10,11.408
2017-09-11,11.464
2017-09-12,11.561
2017-09-13,10.653
2017-09-14,9.807
2017-09-15,9.337
2017-09-16,10.115
2017-09-17,9.912
2017-09-18,10.731
2017-09-19,10.721
2017-09-20,10.652
2017-09-21,10.215
2017-09-22,9.724
2017-09-23,10.002
2017-09-24,9.927
2017-09-25,10.329
2017-09-26,10.58
2017-09-27,10.901
2017-09-28,11.288
2017-09-29,11.133
2017-09-30,11.495
2017-10-01,11.54
2017-10-02,11.758
2017-10-03,11.476
2017-10-04,11.287
2017-10-05,11.302
2017-10-06,11.497
2017-10-07,11.443
2017-10-08,11.827
2017-10-09,12.175
2017-10-10,12.596
2017-10-11,12.485
2017-10-12,13.311
2017-10-13,14.549
2017-10-14,14.588
2017-10-15,14.373
2017-10-16,14.469
2017-10-17,14.278
2017-10-18,13.722
2017-10-19,14.222
2017-10-20,14.521
2017-10-21,15.137
2017-10-22,14.713
2017-10-23,14.607
2017-10-24,13.889
2017-10-25,13.551
2017-10-26,14.108
2017-10-27,13.886
2017-10-28,13.591
2017-10-29,13.889
2017-10-30,14.435
2017-10-31,14.636
2017-11-01,15.149
2017-11-02,16.138
2017-11-03,16.64
2017-11-04,16.596
2017-11-05,17.009
2017-11-06,16.32
2017-11-07,15.977
2017-11-08,16.439
2017-11-09,16.025
2017-11-10,15.212
2017-11-11,14.219
2017-11-12,13.118
2017-11-13,13.618
2017-11-14,13.899
2017-11-15,14.564
2017-11-16,15.384
2017-11-17,16.008
2017-11-18,15.698
2017-11-19,15.924
2017-11-20,16.47
2017-11-21,16.425
2017-11-22,16.425
2017-11-23,16.286
2017-11-24,16.181
2017-11-25,16.72
2017-11-26,17.815
2017-11-27,18.905
2017-11-28,19.327
2017-11-29,20.392
2017-11-30,19.334
2017-12-01,19.817
2017-12-02,21.041
2017-12-03,21.47
2017-12-04,21.573
2017-12-05,21.969
2017-12-06,23.726
2017-12-07,28.027
2017-12-08,29.289
2017-12-09,27.756
2017-12-10,26.524
2017-12-11,30.415
2017-12-12,31.128
2017-12-13,30.63
2017-12-14,30.114
2017-12-15,32.11
2017-12-16,33.505
2017-12-17,35.299
2017-12-18,34.153
2017-12-19,33.168
2017-12-20,30.521
2017-12-21,29.408
2017-12-22,24.704
2017-12-23,26.304
2017-12-24,24.094
2017-12-25,24.753
2017-12-26,27.297
2017-12-27,27.915
2017-12-28,25.161
2017-12-29,25.694
2017-12-30,22.88
2017-12-31,22.674
2018-01-01,21.796
2018-01-02,21.951
2018-01-03,23.391
2018-01-04,22.394
2018-01-05,23.79
2018-01-06,24.787
2018-01-07,23.922
2018-01-08,21.972
2018-01-09,21.093
2018-01-10,19.55
2018-01-11,18.407
2018-01-12,18.27
2018-01-13,18.895
2018-01-14,17.926
2018-01-15,17.964
2018-01-16,15.544
2018-01-17,13.515
2018-01-18,14.466
2018-01-19,14.309
2018-01-20,15.536
2018-01-21,14.582
2018-01-22,13.577
2018-01-23,12.993
2018-01-24,13.21
2018-01-25,13.357
2018-01-26,12.96
2018-01-27,13.152
2018-01-28,13.664
2018-01-29,13.079
2018-01-30,12.24
2018-01-31,11.409
2018-02-01,10.807
2018-02-02,9.689
2018-02-03,9.958
2018-02-04,9.614
2018-02-05,8.311
2018-02-06,7.449
2018-02-07,8.507
2018-02-08,8.785
2018-02-09,8.781
2018-02-10,9.104
2018-02-11,8.613
2018-02-12,9.056
2018-02-13,8.98
2018-02-14,9.353
2018-02-15,10.106
2018-02-16,10.278
2018-02-17,10.898
2018-02-18,10.854
2018-02-19,10.982
2018-02-20,11.575
2018-02-21,10.805
2018-02-22,10.267
2018-02-23,9.968
2018-02-24,9.848
2018-02-25,9.481
2018-02-26,9.789
2018-02-27,10.254
2018-02-28,10.265
2018-03-01,10.297
2018-03-02,10.577
2018-03-03,10.91
2018-03-04,10.802
2018-03-05,11.045
2018-03-06,10.55
2018-03-07,9.901
2018-03-08,9.212
2018-03-09,8.462
2018-03-10,8.725
2018-03-11,8.554
2018-03-12,8.868
2018-03-13,8.543
2018-03-14,8.111
2018-03-15,7.484
2018-03-16,7.622
2018-03-17,7.327
2018-03-18,6.94
2018-03-19,7.483
2018-03-20,7.665
2018-03-21,7.909
2018-03-22,7.661
2018-03-23,7.38
2018-03-24,7.622
2018-03-25,7.313
2018-03-26,6.957
2018-03-27,6.598
2018-03-28,6.47
2018-03-29,6.084
2018-03-30,5.582
2018-03-31,5.652
2018-04-01,5.482
2018-04-02,5.623
2018-04-03,5.868
2018-04-04,5.623
2018-04-05,5.319
2018-04-06,5.152
2018-04-07,5.306
2018-04-08,5.359
2018-04-09,5.209
2018-04-10,5.091
2018-04-11,5.127
2018-04-12,5.428
2018-04-13,5.85
2018-04-14,5.813
2018-04-15,5.947
2018-04-16,5.758
2018-04-17,5.664
2018-04-18,5.625
2018-04-19,5.647
2018-04-20,5.734
2018-04-21,5.877
2018-04-22,5.827
2018-04-23,5.8
2018-04-24,6.02
2018-04-25,5.851
2018-04-26,5.611
2018-04-27,5.768
2018-04-28,5.724
2018-04-29,5.764
2018-04-30,5.669
2018-05-01,5.429
2018-05-02,5.418
2018-05-03,5.456
2018-05-04,5.551
2018-05-05,5.599
2018-05-06,5.424
2018-05-07,5.222
2018-05-08,5.127
2018-05-09,5.03
2018-05-10,4.983
2018-05-11,4.478
2018-05-12,4.206
2018-05-13,4.192
2018-05-14,4.16
2018-05-15,4.119
2018-05-16,3.814
2018-05-17,3.64
2018-05-18,3.502
2018-05-19,3.521
2018-05-20,3.46
2018-05-21,3.329
2018-05-22,3.201
2018-05-23,2.989
2018-05-24,2.846
2018-05-25,2.792
2018-05-26,2.765
2018-05-27,2.682
2018-05-28,2.632
2018-05-29,2.637
2018-05-30,2.659
2018-05-31,2.645
2018-06-01,2.611
2018-06-02,2.624
2018-06-03,2.567
2018-06-04,2.47
2018-06-05,2.422
2018-06-06,2.425
2018-06-07,2.435
2018-06-08,2.388
2018-06-09,2.358
2018-06-10,2.173
2018-06-11,1.991
2018-06-12,1.959
2018-06-13,1.852
2018-06-14,1.86
2018-06-15,1.856
2018-06-16,1.815
2018-06-17,1.816
2018-06-18,1.809
2018-06-19,1.846
2018-06-20,1.822
2018-06-21,1.821
2018-06-22,1.708
2018-06-23,1.643
2018-06-24,1.605
2018-06-25,1.649
2018-06-26,1.642
2018-06-27,1.638
2018-06-28,1.63
2018-06-29,1.58
2018-06-30,1.682
2018-07-01,1.669
2018-07-02,1.694
2018-07-03,1.726
2018-07-04,1.713
2018-07-05,1.71
2018-07-06,1.695
2018-07-07,1.698
2018-07-08,1.735
2018-07-09,1.72
2018-07-10,1.657
2018-07-11,1.625
2018-07-12,1.589
2018-07-13,1.59
2018-07-14,1.585
2018-07-15,1.605
2018-07-16,1.655
2018-07-17,1.741
2018-07-18,1.87
2018-07-19,1.859
2018-07-20,1.859
2018-07-21,1.837
2018-07-22,1.858
2018-07-23,1.916
2018-07-24,2.015
2018-07-25,2.051
2018-07-26,2.032
2018-07-27,1.96
2018-07-28,1.995
2018-07-29,1.99
2018-07-30,1.975
2018-07-31,1.917
2018-08-01,1.831
2018-08-02,1.828
2018-08-03,1.777
2018-08-04,1.738
2018-08-05,1.677
2018-08-06,1.674
2018-08-07,1.658
2018-08-08,1.526
2018-08-09,1.516
2018-08-10,1.51
2018-08-11,1.453
2018-08-12,1.481
2018-08-13,1.485
2018-08-14,1.416
2018-08-15,1.488
2018-08-16,1.48
2018-08-17,1.509
2018-08-18,1.501
2018-08-19,1.491
2018-08-20,1.499
2018-08-21,1.487
2018-08-22,1.524
2018-08-23,1.49
2018-08-24,1.517
2018-08-25,1.553
2018-08-26,1.542
2018-08-27,1.552
2018-08-28,1.61
2018-08-29,1.622
2018-08-30,1.592
2018-08-31,1.603
2018-09-01,1.63
2018-09-02,1.66
2018-09-03,1.664
2018-09-04,1.679
2018-09-05,1.63
2018-09-06,1.474
2018-09-07,1.479
2018-09-08,1.46
2018-09-09,1.444
2018-09-10,1.443
2018-09-11,1.445
2018-09-12,1.438
2018-09-13,1.481
2018-09-14,1.491
2018-09-15,1.495
2018-09-16,1.488
2018-09-17,1.467
2018-09-18,1.444
2018-09-19,1.452
2018-09-20,1.471
2018-09-21,1.53
2018-09-22,1.536
2018-09-23,1.533
2018-09-24,1.517
2018-09-25,1.467
2018-09-26,1.475
2018-09-27,1.488
2018-09-28,1.521
2018-09-29,1.494
2018-09-30,1.501
2018-10-01,1.5
2018-10-02,1.492
2018-10-03,1.471
2018-10-04,1.489
2018-10-05,1.489
2018-10-06,1.49
2018-10-07,1.485
2018-10-08,1.495
2018-10-09,1.494
2018-10-10,1.48
2018-10-11,1.419
2018-10-12,1.417
2018-10-13,1.415
2018-10-14,1.425
2018-10-15,1.488
2018-10-16,1.49
2018-10-17,1.478
2018-10-18,1.472
2018-10-19,1.448
2018-10-20,1.458
2018-10-21,1.467
2018-10-22,1.46
2018-10-23,1.456
2018-10-24,1.46
2018-10-25,1.454
2018-10-26,1.455
2018-10-27,1.455
2018-10-28,1.455
2018-10-29,1.438
2018-10-30,1.421
2018-10-31,1.421
2018-11-01,1.429
2018-11-02,1.439
2018-11-03,1.433
2018-11-04,1.441
2018-11-05,1.449
2018-11-06,1.449
2018-11-07,1.469
2018-11-08,1.457
2018-11-09,1.44
2018-11-10,1.436
2018-11-11,1.432
2018-11-12,1.435
2018-11-13,1.425
2018-11-14,1.37
2018-11-15,1.263
2018-11-16,1.265
2018-11-17,1.258
2018-11-18,1.268
2018-11-19,1.189
2018-11-20,1.045
2018-11-21,1.026
2018-11-22,1.026
2018-11-23,0.979
2018-11-24,0.969
2018-11-25,0.87
2018-11-26,0.891
2018-11-27,0.858
2018-11-28,0.939
2018-11-29,0.969
2018-11-30,0.936
2018-12-01,0.935
2018-12-02,0.947
2018-12-03,0.893
2018-12-04,0.875
2018-12-05,0.863
2018-12-06,0.842
2018-12-07,0.765
2018-12-08,0.773
2018-12-09,0.797
2018-12-10,0.795
2018-12-11,0.774
2018-12-12,0.781
2018-12-13,0.771
2018-12-14,0.741
2018-12-15,0.731
2018-12-16,0.742
2018-12-17,0.769
2018-12-18,0.806
2018-12-19,0.861
2018-12-20,0.904
2018-12-21,0.913
2018-12-22,0.888
2018-12-23,0.917
2018-12-24,0.949
2018-12-25,0.866
2018-12-26,0.869
2018-12-27,0.853
2018-12-28,0.853
2018-12-29,0.891
2018-12-30,0.875
2018-12-31,0.865
2019-01-01,0.85
2019-01-02,0.88
2019-01-03,0.879
2019-01-04,0.868
2019-01-05,0.88
2019-01-06,0.89
2019-01-07,0.919
2019-01-08,0.917
2019-01-09,0.918
2019-01-10,0.871
2019-01-11,0.838
2019-01-12,0.836
2019-01-13,0.826
2019-01-14,0.825
2019-01-15,0.834
2019-01-16,0.825
2019-01-17,0.824
2019-01-18,0.828
2019-01-19,0.84
2019-01-20,0.825
2019-01-21,0.808
2019-01-22,0.812
2019-01-23,0.813
2019-01-24,0.809
2019-01-25,0.81
2019-01-26,0.816
2019-01-27,0.809
2019-01-28,0.783
2019-01-29,0.773
2019-01-30,0.78
2019-01-31,0.779
2019-02-01,0.776
2019-02-02,0.781
2019-02-03,0.781
2019-02-04,0.777
2019-02-05,0.775
2019-02-06,0.765
2019-02-07,0.764
2019-02-08,0.787
2019-02-09,0.821
2019-02-10,0.82
2019-02-11,0.817
2019-02-12,0.812
2019-02-13,0.814
2019-02-14,0.811
2019-02-15,0.81
2019-02-16,0.815
2019-02-17,0.817
2019-02-18,0.857
2019-02-19,0.888
2019-02-20,0.888
2019-02-21,0.888
2019-02-22,0.893
2019-02-23,0.907
2019-02-24,0.906
2019-02-25,0.862
2019-02-26,0.861
2019-02-27,0.861
2019-02-28,0.865
2019-03-01,0.865
2019-03-02,0.863
2019-03-03,0.862
2019-03-04,0.845
2019-03-05,0.854
2019-03-06,0.869
2019-03-07,0.874
2019-03-08,0.877
2019-03-09,0.882
2019-03-10,0.882
2019-03-11,0.876
2019-03-12,0.872
2019-03-13,0.873
2019-03-14,0.873
2019-03-15,0.879
2019-03-16,0.903
2019-03-17,0.899
2019-03-18,0.898
2019-03-19,0.899
2019-03-20,0.903
2019-03-21,0.905
2019-03-22,0.899
2019-03-23,0.899
2019-03-24,0.897
2019-03-25,0.892
2019-03-26,0.882
2019-03-27,0.901
2019-03-28,0.905
2019-03-29,0.915
2019-03-30,0.92
2019-03-31,0.922
2019-04-01,0.929
2019-04-02,1.05
2019-04-03,1.131
2019-04-04,1.114
2019-04-05,1.119
2019-04-06,1.133
2019-04-07,1.153
2019-04-08,1.178
2019-04-09,1.172
2019-04-10,1.184
2019-04-11,1.15
2019-04-12,1.133
2019-04-13,1.141
2019-04-14,1.142
2019-04-15,1.151
2019-04-16,1.146
2019-04-17,1.174
2019-04-18,1.183
2019-04-19,1.182
2019-04-20,1.194
2019-04-21,1.189
2019-04-22,1.197
2019-04-23,1.245
2019-04-24,1.238
2019-04-25,1.225
2019-04-26,1.182
2019-04-27,1.183
2019-04-28,1.192
2019-04-29,1.189
2019-04-30,1.2
2019-05-01,1.227
2019-05-02,1.247
2019-05-03,1.307
2019-05-04,1.318
2019-05-05,1.325
2019-05-06,1.31
2019-05-07,1.36
2019-05-08,1.357
2019-05-09,1.403
2019-05-10,1.461
2019-05-11,1.579
2019-05-12,1.655
2019-05-13,1.718
2019-05-14,1.85
2019-05-15,1.87
2019-05-16,1.854
2019-05-17,1.692
2019-05-18,1.707
2019-05-19,1.852
2019-05-20,1.843
2019-05-21,1.859
2019-05-22,1.847
2019-05-23,1.807
2019-05-24,1.872
2019-05-25,1.886
2019-05-26,1.908
2019-05-27,2.06
2019-05-28,2.051
2019-05-29,2.033
2019-05-30,2.031
2019-05-31,1.965
2019-06-01,2.012
2019-06-02,2.043
2019-06-03,2.007
2019-06-04,1.864
2019-06-05,1.859
2019-06-06,1.856
2019-06-07,1.897
2019-06-08,1.9
2019-06-09,1.868
2019-06-10,1.874
2019-06-11,1.892
2019-06-12,1.928
2019-06-13,1.958
2019-06-14,2.003
2019-06-15,2.093
2019-06-16,2.182
2019-06-17,2.218
2019-06-18,2.2
2019-06-19,2.206
2019-06-20,2.256
2019-06-21,2.369
2019-06-22,2.593
2019-06-23,2.603
2019-06-24,2.628
2019-06-25,2.746
2019-06-26,3.083
2019-06-27,2.874
2019-06-28,2.859
2019-06-29,2.891
2019-06-30,2.811
2019-07-01,2.61
2019-07-02,2.519
2019-07-03,2.774
2019-07-04,2.874
2019-07-05,2.731
2019-07-06,2.802
2019-07-07,2.778
2019-07-08,2.901
2019-07-09,3.073
2019-07-10,3.107
2019-07-11,2.852
2019-07-12,2.856
2019-07-13,2.815
2019-07-14,2.673
2019-07-15,2.574
2019-07-16,2.553
2019-07-17,2.372
2019-07-18,2.493
2019-07-19,2.6
2019-07-20,2.653
2019-07-21,2.627
2019-07-22,2.596
2019-07-23,2.504
2019-07-24,2.41
2019-07-25,2.492
2019-07-26,2.431
2019-07-27,2.416
2019-07-28,2.36
2019-07-29,2.349
2019-07-30,2.35
2019-07-31,2.431
2019-08-01,2.487
2019-08-02,2.582
2019-08-03,2.66
2019-08-04,2.67
2019-08-05,2.897
2019-08-06,2.921
2019-08-07,2.916
2019-08-08,2.938
2019-08-09,2.943
2019-08-10,2.883
2019-08-11,2.838
2019-08-12,2.84
2019-08-13,2.776
2019-08-14,2.602
2019-08-15,2.5
2019-08-16,2.553
2019-08-17,2.568
2019-08-18,2.568
2019-08-19,2.653
2019-08-20,2.687
2019-08-21,2.543
2019-08-22,2.509
2019-08-23,2.566
2019-08-24,2.537
2019-08-25,2.525
2019-08-26,2.585
2019-08-27,2.546
2019-08-28,2.512
2019-08-29,2.382
2019-08-30,2.387
2019-08-31,2.405
2019-09-01,2.413
2019-09-02,2.492
2019-09-03,2.634
2019-09-04,2.645
2019-09-05,2.646
2019-09-06,2.656
2019-09-07,2.601
2019-09-08,2.611
2019-09-09,2.572
2019-09-10,2.552
2019-09-11,2.512
2019-09-12,2.553
2019-09-13,2.574
2019-09-14,2.58
2019-09-15,2.575
2019-09-16,2.56
2019-09-17,2.549
2019-09-18,2.541
2019-09-19,2.492
2019-09-20,2.535
2019-09-21,2.502
2019-09-22,2.488
2019-09-23,2.463
2019-09-24,2.344
2019-09-25,2.106
2019-09-26,2.054
2019-09-27,2.002
2019-09-28,2.034
2019-09-29,2.011
2019-09-30,2.013
2019-10-01,2.081
2019-10-02,2.055
2019-10-03,2.049
2019-10-04,2.024
2019-10-05,2.017
2019-10-06,1.983
2019-10-07,1.998
2019-10-08,2.039
2019-10-09,2.072
2019-10-10,2.125
2019-10-11,2.083
2019-10-12,2.068
2019-10-13,2.069
2019-10-14,2.05
2019-10-15,2.038
2019-10-16,1.985
2019-10-17,1.977
2019-10-18,1.96
2019-10-19,1.959
2019-10-20,1.973
2019-10-21,2.023
2019-10-22,2.015
2019-10-23,1.897
2019-10-24,1.826
2019-10-25,1.937
2019-10-26,2.279
2019-10-27,2.296
2019-10-28,2.312
2019-10-29,2.288
2019-10-30,2.24
2019-10-31,2.231
2019-11-01,2.233
2019-11-02,2.262
2019-11-03,2.247
2019-11-04,2.253
2019-11-05,2.276
2019-11-06,2.276
2019-11-07,2.232
2019-11-08,2.166
2019-11-09,2.125
2019-11-10,2.146
2019-11-11,2.122
2019-11-12,2.106
2019-11-13,2.106
2019-11-14,2.081
2019-11-15,2.05
2019-11-16,2.035
2019-11-17,2.044
2019-11-18,2.012
2019-11-19,1.943
2019-11-20,1.937
2019-11-21,1.872
2019-11-22,1.756
2019-11-23,1.732
2019-11-24,1.699
2019-11-25,1.658
2019-11-26,1.695
2019-11-27,1.719
2019-11-28,1.765
2019-11-29,1.78
2019-11-30,1.777
2019-12-01,1.703
2019-12-02,1.686
2019-12-03,1.685
2019-12-04,1.67
2019-12-05,1.68
2019-12-06,1.691
2019-12-07,1.717
2019-12-08,1.709
2019-12-09,1.698
2019-12-10,1.655
2019-12-11,1.635
2019-12-12,1.62
2019-12-13,1.623
2019-12-14,1.602
2019-12-15,1.586
2019-12-16,1.573
2019-12-17,1.515
2019-12-18,1.514
2019-12-19,1.59
2019-12-20,1.594
2019-12-21,1.579
2019-12-22,1.596
2019-12-23,1.651
2019-12-24,1.606
2019-12-25,1.587
2019-12-26,1.584
2019-12-27,1.578
2019-12-28,1.602
2019-12-29,1.613
2019-12-30,1.599
2019-12-31,1.564
2020-01-01,1.562
2020-01-02,1.535
2020-01-03,1.565
2020-01-04,1.583
2020-01-05,1.605
2020-01-06,1.627
2020-01-07,1.699
2020-01-08,1.754
2020-01-09,1.675
2020-01-10,1.673
2020-01-11,1.717
2020-01-12,1.717
2020-01-13,1.714
2020-01-14,1.822
2020-01-15,1.855
2020-01-16,1.84
2020-01-17,1.875
2020-01-18,1.883
2020-01-19,1.873
2020-01-20,1.83
2020-01-21,1.83
2020-01-22,1.834
2020-01-23,1.784
2020-01-24,1.771
2020-01-25,1.756
2020-01-26,1.78
2020-01-27,1.839
2020-01-28,1.904
2020-01-29,1.962
2020-01-30,1.97
2020-01-31,1.963
2020-02-01,1.97
2020-02-02,1.973
2020-02-03,1.974
2020-02-04,1.945
2020-02-05,1.986
2020-02-06,2.047
2020-02-07,2.066
2020-02-08,2.055
2020-02-09,2.111
2020-02-10,2.073
2020-02-11,2.085
2020-02-12,2.163
2020-02-13,2.149
2020-02-14,2.145
2020-02-15,2.117
2020-02-16,2.07
2020-02-17,2.031
2020-02-18,2.058
2020-02-19,2.105
2020-02-20,2.005
2020-02-21,2.027
2020-02-22,2.018
2020-02-23,2.061
2020-02-24,2.031
2020-02-25,1.982
2020-02-26,1.885
2020-02-27,1.828
2020-02-28,1.804
2020-02-29,1.801
2020-03-01,1.774
2020-03-02,1.813
2020-03-03,1.82
2020-03-04,1.814
2020-03-05,1.87
2020-03-06,1.883
2020-03-07,1.874
2020-03-08,1.773
2020-03-09,1.636
2020-03-10,1.646
2020-03-11,1.629
2020-03-12,1.379
2020-03-13,1.107
2020-03-14,1.132
2020-03-15,1.112
2020-03-16,1.046
2020-03-17,1.114
2020-03-18,1.108
2020-03-19,1.209
2020-03-20,1.334
2020-03-21,1.292
2020-03-22,1.286
2020-03-23,1.282
2020-03-24,1.395
2020-03-25,1.395
2020-03-26,1.398
2020-03-27,1.398
2020-03-28,1.303
2020-03-29,1.278
2020-03-30,1.313
2020-03-31,1.348
2020-04-01,1.319
2020-04-02,1.405
2020-04-03,1.423
2020-04-04,1.41
2020-04-05,1.414
2020-04-06,1.478
2020-04-07,1.523
2020-04-08,1.518
2020-04-09,1.518
2020-04-10,1.448
2020-04-11,1.427
2020-04-12,1.443
2020-04-13,1.401
2020-04-14,1.428
2020-04-15,1.41
2020-04-16,1.435
2020-04-17,1.465
2020-04-18,1.482
2020-04-19,1.484
2020-04-20,1.459
2020-04-21,1.42
2020-04-22,1.448
2020-04-23,1.508
2020-04-24,1.552
2020-04-25,1.556
2020-04-26,1.567
2020-04-27,1.586
2020-04-28,1.589
2020-04-29,1.7
2020-04-30,1.831
2020-05-01,1.809
2020-05-02,1.826
2020-05-03,1.846
2020-05-04,1.804
2020-05-05,1.838
2020-05-06,1.886
2020-05-07,1.959
2020-05-08,2.046
2020-05-09,2.006
2020-05-10,1.79
2020-05-11,1.797
2020-05-12,1.811
2020-05-13,1.869
2020-05-14,1.978
2020-05-15,1.964
2020-05-16,1.943
2020-05-17,1.989
2020-05-18,2.007
2020-05-19,1.997
2020-05-20,1.997
2020-05-21,1.915
2020-05-22,1.886
2020-05-23,1.903
2020-05-24,1.884
2020-05-25,1.823
2020-05-26,1.83
2020-05-27,1.865
2020-05-28,1.927
2020-05-29,1.954
2020-05-30,1.968
2020-05-31,1.975
2020-06-01,1.991
2020-06-02,2.048
2020-06-03,1.985
2020-06-04,2.016
2020-06-05,2.024
2020-06-06,2.002
2020-06-07,2.0
2020-06-08,2.02
2020-06-09,2.017
2020-06-10,2.031
2020-06-11,1.998
2020-06-12,1.953
2020-06-13,1.956
2020-06-14,1.951
2020-06-15,1.918
2020-06-16,1.97
2020-06-17,1.957
2020-06-18,1.949
2020-06-19,1.931
2020-06-20,1.926
2020-06-21,1.933
2020-06-22,1.962
2020-06-23,1.992
2020-06-24,1.952
2020-06-25,1.909
2020-06-26,1.898
2020-06-27,1.883
2020-06-28,1.873
2020-06-29,1.886
2020-06-30,1.892
2020-07-01,1.9
2020-07-02,1.893
2020-07-03,1.877
2020-07-04,1.876
2020-07-05,1.868
2020-07-06,1.899
2020-07-07,1.908
2020-07-08,1.924
2020-07-09,1.919
2020-07-10,1.885
2020-07-11,1.883
2020-07-12,1.871
2020-07-13,1.876
2020-07-14,1.864
2020-07-15,1.859
2020-07-16,1.84
2020-07-17,1.838
2020-07-18,1.843
2020-07-19,1.841
2020-07-20,1.844
2020-07-21,1.872
2020-07-22,1.883
2020-07-23,1.918
2020-07-24,1.92
2020-07-25,1.932
2020-07-26,1.975
2020-07-27,2.1
2020-07-28,2.205
2020-07-29,2.227
2020-07-30,2.215
2020-07-31,2.248
2020-08-01,2.331
2020-08-02,2.269
2020-08-03,2.257
2020-08-04,2.256
2020-08-05,2.303
2020-08-06,2.359
2020-08-07,2.352
2020-08-08,2.347
2020-08-09,2.343
2020-08-10,2.391
2020-08-11,2.339
2020-08-12,2.308
2020-08-13,2.326
2020-08-14,2.367
2020-08-15,2.39
2020-08-16,2.387
2020-08-17,2.431
2020-08-18,2.45
2020-08-19,2.378
2020-08-20,2.38
2020-08-21,2.368
2020-08-22,2.332
2020-08-23,2.343
2020-08-24,2.367
2020-08-25,2.32
2020-08-26,2.302
2020-08-27,2.29
2020-08-28,2.313
2020-08-29,2.324
2020-08-30,2.347
2020-08-31,2.363
2020-09-01,2.404
2020-09-02,2.342
2020-09-03,2.231
2020-09-04,2.109
2020-09-05,2.082
2020-09-06,2.071
2020-09-07,2.06
2020-09-08,2.057
2020-09-09,2.066
2020-09-10,2.097
2020-09-11,2.09
2020-09-12,2.105
2020-09-13,2.109
2020-09-14,2.134
2020-09-15,2.187
2020-09-16,2.216
2020-09-17,2.214
2020-09-18,2.223
2020-09-19,2.244
2020-09-20,2.224
2020-09-21,2.173
2020-09-22,2.134
2020-09-23,2.127
2020-09-24,2.131
2020-09-25,2.175
2020-09-26,2.185
2020-09-27,2.186
2020-09-28,2.217
2020-09-29,2.188
2020-09-30,2.192
2020-10-01,2.185
2020-10-02,2.136
2020-10-03,2.137
2020-10-04,2.148
2020-10-05,2.167
2020-10-06,2.163
2020-10-07,2.148
2020-10-08,2.167
2020-10-09,2.209
2020-10-10,2.274
2020-10-11,2.278
2020-10-12,2.294
2020-10-13,2.291
2020-10-14,2.281
2020-10-15,2.282
2020-10-16,2.269
2020-10-17,2.264
2020-10-18,2.281
2020-10-19,2.314
2020-10-20,2.365
2020-10-21,2.491
2020-10-22,2.59
2020-10-23,2.606
2020-10-24,2.625
2020-10-25,2.63
2020-10-26,2.632
2020-10-27,2.696
2020-10-28,2.709
2020-10-29,2.687
2020-10-30,2.708
2020-10-31,2.771
2020-11-01,2.774
2020-11-02,2.743
2020-11-03,2.741
2020-11-04,2.794
2020-11-05,2.977
2020-11-06,3.142
2020-11-07,3.09
2020-11-08,3.067
2020-11-09,3.101
2020-11-10,3.087
2020-11-11,3.14
2020-11-12,3.208
2020-11-13,3.28
2020-11-14,3.226
2020-11-15,3.219
2020-11-16,3.297
2020-11-17,3.447
2020-11-18,3.614
2020-11-19,3.604
2020-11-20,3.701
2020-11-21,3.769
2020-11-22,3.713
2020-11-23,3.718
2020-11-24,3.81
2020-11-25,3.84
2020-11-26,3.517
2020-11-27,3.441
2020-11-28,3.508
2020-11-29,3.645
2020-11-30,3.832
2020-12-01,3.899
2020-12-02,3.839
2020-12-03,3.907
2020-12-04,3.869
2020-12-05,3.849
2020-12-06,3.876
2020-12-07,3.889
2020-12-08,3.833
2020-12-09,3.704
2020-12-10,3.713
2020-12-11,3.647
2020-12-12,3.76
2020-12-13,3.906
2020-12-14,3.918
2020-12-15,3.954
2020-12-16,4.117
2020-12-17,4.638
2020-12-18,4.697
2020-12-19,4.796
2020-12-20,4.863
2020-12-21,4.798
2020-12-22,4.792
2020-12-23,4.894
2020-12-24,4.838
2020-12-25,5.001
2020-12-26,5.267
2020-12-27,5.624
2020-12-28,5.663
2020-12-29,5.608
2020-12-30,5.914
2020-12-31,6.055
2021-01-01,6.132
2021-01-02,6.458
2021-01-03,7.023
2021-01-04,6.701
2021-01-05,6.727
2021-01-06,7.277
2021-01-07,7.97
2021-01-08,8.319
2021-01-09,8.424
2021-01-10,8.284
2021-01-11,7.17
2021-01-12,7.287
2021-01-13,7.252
2021-01-14,8.052
2021-01-15,7.831
2021-01-16,7.694
2021-01-17,7.442
2021-01-18,7.537
2021-01-19,7.681
2021-01-20,7.318
2021-01-21,6.828
2021-01-22,6.631
2021-01-23,6.719
2021-01-24,6.699
2021-01-25,6.932
2021-01-26,6.642
2021-01-27,6.455
2021-01-28,6.62
2021-01-29,7.298
2021-01-30,7.068
2021-01-31,6.929
2021-02-01,6.99
2021-02-02,7.188
2021-02-03,7.563
2021-02-04,7.744
2021-02-05,7.763
2021-02-06,8.209
2021-02-07,7.977
2021-02-08,8.524
2021-02-09,9.634
2021-02-10,9.449
2021-02-11,9.552
2021-02-12,9.818
2021-02-13,9.756
2021-02-14,10.032
2021-02-15,9.874
2021-02-16,10.079
2021-02-17,10.511
2021-02-18,10.708
2021-02-19,10.976
2021-02-20,11.622
2021-02-21,11.791
2021-02-22,11.299
2021-02-23,10.094
2021-02-24,10.325
2021-02-25,10.337
2021-02-26,9.645
2021-02-27,9.752
2021-02-28,9.265
2021-03-01,9.871
2021-03-02,10.047
2021-03-03,10.42
2021-03-04,10.18
2021-03-05,9.862
2021-03-06,9.974
2021-03-07,10.364
2021-03-08,10.492
2021-03-09,11.14
2021-03-10,11.426
2021-03-11,11.595
2021-03-12,11.701
2021-03-13,12.089
2021-03-14,12.415
2021-03-15,11.799
2021-03-16,11.378
2021-03-17,11.487
2021-03-18,11.943
2021-03-19,11.92
2021-03-20,12.013
2021-03-21,11.697
2021-03-22,11.592
2021-03-23,11.137
2021-03-24,11.214
2021-03-25,10.569
2021-03-26,10.805
2021-03-27,11.181
2021-03-28,11.304
2021-03-29,11.521
2021-03-30,11.801
2021-03-31,11.846
2021-04-01,11.89
2021-04-02,11.951
2021-04-03,11.86
2021-04-04,11.62
2021-04-05,11.678
2021-04-06,11.77
2021-04-07,11.281
2021-04-08,11.312
2021-04-09,11.453
2021-04-10,11.766
2021-04-11,11.738
2021-04-12,11.788
2021-04-13,12.191
2021-04-14,12.398
2021-04-15,12.27
2021-04-16,11.995
2021-04-17,11.901
2021-04-18,10.951
2021-04-19,11.026
2021-04-20,10.858
2021-04-21,10.784
2021-04-22,10.441
2021-04-23,9.671
2021-04-24,9.675
2021-04-25,9.577
2021-04-26,10.24
2021-04-27,10.508
2021-04-28,10.482
2021-04-29,10.301
2021-04-30,10.557
2021-05-01,10.97
2021-05-02,10.788
2021-05-03,10.976
2021-05-04,10.43
2021-05-05,10.524
2021-05-06,10.679
2021-05-07,10.635
2021-05-08,10.914
2021-05-09,10.796
2021-05-10,10.748
2021-05-11,10.377
2021-05-12,10.365
2021-05-13,9.224
2021-05-14,9.262
2021-05-15,9.002
2021-05-16,8.775
2021-05-17,7.963
2021-05-18,7.937
2021-05-19,7.017
2021-05-20,7.171
2021-05-21,6.987
2021-05-22,6.654
2021-05-23,6.178
2021-05-24,6.544
2021-05-25,6.668
2021-05-26,6.772
2021-05-27,6.54
2021-05-28,6.093
2021-05-29,5.873
2021-05-30,5.889
2021-05-31,5.947
2021-06-01,5.794
2021-06-02,5.881
2021-06-03,6.056
2021-06-04,5.785
2021-06-05,5.667
2021-06-06,5.52
2021-06-07,5.45
2021-06-08,4.948
2021-06-09,5.205
2021-06-10,5.469
2021-06-11,5.382
2021-06-12,5.053
2021-06-13,5.017
2021-06-14,5.404
2021-06-15,5.421
2021-06-16,5.263
2021-06-17,5.141
2021-06-18,4.838
2021-06-19,4.638
2021-06-20,4.539
2021-06-21,4.27
2021-06-22,4.126
2021-06-23,4.294
2021-06-24,4.278
2021-06-25,4.19
2021-06-26,3.959
2021-06-27,4.149
2021-06-28,4.311
2021-06-29,4.442
2021-06-30,4.344
2021-07-01,4.167
2021-07-02,4.105
2021-07-03,4.208
2021-07-04,4.309
2021-07-05,4.142
2021-07-06,4.146
2021-07-07,4.18
2021-07-08,3.959
2021-07-09,3.978
2021-07-10,4.005
2021-07-11,4.009
2021-07-12,3.987
2021-07-13,3.873
2021-07-14,3.717
2021-07-15,3.611
2021-07-16,3.541
2021-07-17,3.445
2021-07-18,3.441
2021-07-19,3.363
2021-07-20,3.21
2021-07-21,3.351
2021-07-22,3.426
2021-07-23,3.399
2021-07-24,3.51
2021-07-25,3.495
2021-07-26,3.868
2021-07-27,3.77
2021-07-28,3.879
2021-07-29,3.822
2021-07-30,3.757
2021-07-31,3.92
2021-08-01,3.893
2021-08-02,3.713
2021-08-03,3.59
2021-08-04,3.604
2021-08-05,3.659
2021-08-06,3.829
2021-08-07,3.987
2021-08-08,4.039
2021-08-09,4.088
2021-08-10,4.128
2021-08-11,4.151
2021-08-12,4.022
2021-08-13,4.072
2021-08-14,4.096
2021-08-15,4.021
2021-08-16,4.037
2021-08-17,3.93
2021-08-18,3.787
2021-08-19,3.774
2021-08-20,3.979
2021-08-21,4.068
2021-08-22,4.041
2021-08-23,4.103
2021-08-24,4.008
2021-08-25,3.931
2021-08-26,3.843
2021-08-27,3.865
2021-08-28,3.928
2021-08-29,3.872
2021-08-30,3.822
2021-08-31,3.748
2021-09-01,3.768
2021-09-02,3.908
2021-09-03,3.901
2021-09-04,3.899
2021-09-05,3.915
2021-09-06,4.02
2021-09-07,3.866
2021-09-08,3.511
2021-09-09,3.513
2021-09-10,3.459
2021-09-11,3.415
2021-09-12,3.404
2021-09-13,3.332
2021-09-14,3.413
2021-09-15,3.507
2021-09-16,3.486
2021-09-17,3.448
2021-09-18,3.478
2021-09-19,3.43
2021-09-20,3.156
2021-09-21,2.993
2021-09-22,2.998
2021-09-23,3.101
2021-09-24,3.002
2021-09-25,2.95
2021-09-26,2.958
2021-09-27,2.99
2021-09-28,2.874
2021-09-29,2.856
2021-09-30,2.949
2021-10-01,3.107
2021-10-02,3.208
2021-10-03,3.217
2021-10-04,3.228
2021-10-05,3.348
2021-10-06,3.522
2021-10-07,3.604
2021-10-08,3.601
2021-10-09,3.565
2021-10-10,3.58
2021-10-11,3.673
2021-10-12,3.653
2021-10-13,3.608
2021-10-14,3.682
2021-10-15,3.828
2021-10-16,3.893
2021-10-17,3.863
2021-10-18,3.92
2021-10-19,3.974
2021-10-20,4.116
2021-10-21,4.042
2021-10-22,3.914
2021-10-23,3.841
2021-10-24,3.851
2021-10-25,3.981
2021-10-26,3.95
2021-10-27,3.768
2021-10-28,3.816
2021-10-29,3.896
2021-10-30,3.892
2021-10-31,3.847
2021-11-01,3.854
2021-11-02,3.943
2021-11-03,3.971
2021-11-04,3.901
2021-11-05,3.873
2021-11-06,3.841
2021-11-07,3.915
2021-11-08,4.147
2021-11-09,4.252
2021-11-10,4.2
2021-11-11,4.082
2021-11-12,4.027
2021-11-13,4.017
2021-11-14,4.046
2021-11-15,4.077
2021-11-16,3.812
2021-11-17,3.755
2021-11-18,3.694
2021-11-19,3.586
2021-11-20,3.674
2021-11-21,3.698
2021-11-22,3.584
2021-11-23,3.559
2021-11-24,3.543
2021-11-25,3.65
2021-11-26,3.475
2021-11-27,3.417
2021-11-28,3.42
2021-11-29,3.603
2021-11-30,3.587
2021-12-01,3.59
2021-12-02,3.545
2021-12-03,3.485
2021-12-04,3.042
2021-12-05,3.057
2021-12-06,3.039
2021-12-07,3.173
2021-12-08,3.126
2021-12-09,3.046
2021-12-10,2.998
2021-12-11,3.017
2021-12-12,3.084
2021-12-13,2.997
2021-12-14,2.939
2021-12-15,2.995
2021-12-16,3.024
2021-12-17,2.929
2021-12-18,2.901
2021-12-19,2.93
2021-12-20,2.885
2021-12-21,3.01
2021-12-22,3.04
2021-12-23,3.058
2021-12-24,3.174
2021-12-25,3.162
2021-12-26,3.124
2021-12-27,3.176
2021-12-28,3.028
2021-12-29,2.934
2021-12-30,2.89
2021-12-31,2.867
2022-01-01,2.859
2022-01-02,2.862
2022-01-03,2.834
2022-01-04,2.812
2022-01-05,2.78
2022-01-06,2.614
2022-01-07,2.546
2022-01-08,2.527
2022-01-09,2.539
2022-01-10,2.52
2022-01-11,2.552
2022-01-12,2.61
2022-01-13,2.613
2022-01-14,2.574
2022-01-15,2.595
2022-01-16,2.586
2022-01-17,2.551
2022-01-18,2.515
2022-01-19,2.511
2022-01-20,2.525
2022-01-21,2.308
2022-01-22,2.122
2022-01-23,2.121
2022-01-24,2.1
2022-01-25,2.181
2022-01-26,2.239
2022-01-27,2.169
2022-01-28,2.206
2022-01-29,2.252
2022-01-30,2.258
2022-01-31,2.235
2022-02-01,2.278
2022-02-02,2.242
2022-02-03,2.17
2022-02-04,2.279
2022-02-05,2.438
2022-02-06,2.442
2022-02-07,2.533
2022-02-08,2.574
2022-02-09,2.575
2022-02-10,2.593
2022-02-11,2.522
2022-02-12,2.474
2022-02-13,2.473
2022-02-14,2.466
2022-02-15,2.564
2022-02-16,2.565
2022-02-17,2.481
2022-02-18,2.35
2022-02-19,2.329
2022-02-20,2.249
2022-02-21,2.234
2022-02-22,2.175
2022-02-23,2.217
2022-02-24,2.096
2022-02-25,2.256
2022-02-26,2.274
2022-02-27,2.243
2022-02-28,2.313
2022-03-01,2.559
2022-03-02,2.577
2022-03-03,2.521
2022-03-04,2.393
2022-03-05,2.289
2022-03-06,2.279
2022-03-07,2.232
2022-03-08,2.257
2022-03-09,2.429
2022-03-10,2.307
2022-03-11,2.262
2022-03-12,2.269
2022-03-13,2.253
2022-03-14,2.244
2022-03-15,2.254
2022-03-16,2.317
2022-03-17,2.354
2022-03-18,2.353
2022-03-19,2.4
2022-03-20,2.381
2022-03-21,2.352
2022-03-22,2.426
2022-03-23,2.409
2022-03-24,2.46
2022-03-25,2.502
2022-03-26,2.498
2022-03-27,2.53
2022-03-28,2.642
2022-03-29,2.649
2022-03-30,2.626
2022-03-31,2.591
2022-04-01,2.527
2022-04-02,2.575
2022-04-03,2.565
2022-04-04,2.546
2022-04-05,2.557
2022-04-06,2.459
2022-04-07,2.378
2022-04-08,2.365
2022-04-09,2.314
2022-04-10,2.324
2022-04-11,2.238
2022-04-12,2.165
2022-04-13,2.189
2022-04-14,2.193
2022-04-15,2.167
2022-04-16,2.111
2022-04-17,2.103
2022-04-18,2.07
2022-04-19,2.136
2022-04-20,2.152
2022-04-21,2.158
2022-04-22,2.073
2022-04-23,2.047
2022-04-24,2.044
2022-04-25,2.022
2022-04-26,2.041
2022-04-27,2.0
2022-04-28,2.037
2022-04-29,1.997
2022-04-30,1.966
2022-05-01,1.944
2022-05-02,1.976
2022-05-03,1.955
2022-05-04,1.981
2022-05-05,1.953
2022-05-06,1.837
2022-05-07,1.818
2022-05-08,1.75
2022-05-09,1.65
2022-05-10,1.586
2022-05-11,1.545
2022-05-12,1.436
2022-05-13,1.525
2022-05-14,1.482
2022-05-15,1.519
2022-05-16,1.509
2022-05-17,1.526
2022-05-18,1.488
2022-05-19,1.491
2022-05-20,1.501
2022-05-21,1.478
2022-05-22,1.5
2022-05-23,1.514
2022-05-24,1.476
2022-05-25,1.497
2022-05-26,1.477
2022-05-27,1.444
2022-05-28,1.445
2022-05-29,1.456
2022-05-30,1.532
2022-05-31,1.583
2022-06-01,1.549
2022-06-02,1.505
2022-06-03,1.5
2022-06-04,1.484
2022-06-05,1.489
2022-06-06,1.562
2022-06-07,1.502
2022-06-08,1.517
2022-06-09,1.509
2022-06-10,1.477
2022-06-11,1.44
2022-06-12,1.377
2022-06-13,1.204
2022-06-14,1.11
2022-06-15,1.075
2022-06-16,1.074
2022-06-17,1.041
2022-06-18,0.971
2022-06-19,0.974
2022-06-20,1.024
2022-06-21,1.06
2022-06-22,1.023
2022-06-23,1.036
2022-06-24,1.062
2022-06-25,1.07
2022-06-26,1.075
2022-06-27,1.058
2022-06-28,1.04
2022-06-29,1.012
2022-06-30,0.973
2022-07-01,0.981
2022-07-02,0.967
2022-07-03,0.964
2022-07-04,0.982
2022-07-05,1.005
2022-07-06,1.009
2022-07-07,1.041
2022-07-08,1.086
2022-07-09,1.08
2022-07-10,1.055
2022-07-11,1.024
2022-07-12,0.987
2022-07-13,0.981
2022-07-14,1.009
2022-07-15,1.042
2022-07-16,1.046
2022-07-17,1.062
2022-07-18,1.096
2022-07-19,1.132
2022-07-20,1.182
2022-07-21,1.152
2022-07-22,1.165
2022-07-23,1.133
2022-07-24,1.141
2022-07-25,1.106
2022-07-26,1.06
2022-07-27,1.092
2022-07-28,1.175
2022-07-29,1.202
2022-07-30,1.209
2022-07-31,1.193
2022-08-01,1.168
2022-08-02,1.134
2022-08-03,1.144
2022-08-04,1.126
2022-08-05,1.136
2022-08-06,1.141
2022-08-07,1.135
2022-08-08,1.172
2022-08-09,1.153
2022-08-10,1.153
2022-08-11,1.199
2022-08-12,1.18
2022-08-13,1.205
2022-08-14,1.203
2022-08-15,1.192
2022-08-16,1.176
2022-08-17,1.163
2022-08-18,1.148
2022-08-19,1.069
2022-08-20,1.036
2022-08-21,1.046
2022-08-22,1.041
2022-08-23,1.046
2022-08-24,1.048
2022-08-25,1.055
2022-08-26,1.032
2022-08-27,0.977
2022-08-28,0.969
2022-08-29,0.969
2022-08-30,0.975
2022-08-31,0.978
2022-09-01,0.966
2022-09-02,0.971
2022-09-03,0.958
2022-09-04,0.956
2022-09-05,0.955
2022-09-06,0.944
2022-09-07,0.911
2022-09-08,0.927
2022-09-09,0.999
2022-09-10,1.029
2022-09-11,1.038
2022-09-12,1.065
2022-09-13,1.033
2022-09-14,0.974
2022-09-15,0.962
2022-09-16,0.948
2022-09-17,0.96
2022-09-18,0.954
2022-09-19,0.915
2022-09-20,0.922
2022-09-21,0.915
2022-09-22,0.913
2022-09-23,0.913
2022-09-24,0.913
2022-09-25,0.906
2022-09-26,0.909
2022-09-27,0.942
2022-09-28,0.913
2022-09-29,0.926
2022-09-30,0.932
2022-10-01,0.922
2022-10-02,0.917
2022-10-03,0.922
2022-10-04,0.952
2022-10-05,0.959
2022-10-06,0.96
2022-10-07,0.941
2022-10-08,0.929
2022-10-09,0.926
2022-10-10,0.92
2022-10-11,0.907
2022-10-12,0.91
2022-10-13,0.905
2022-10-14,0.928
2022-10-15,0.909
2022-10-16,0.91
2022-10-17,0.921
2022-10-18,0.923
2022-10-19,0.911
2022-10-20,0.907
2022-10-21,0.904
2022-10-22,0.909
2022-10-23,0.914
2022-10-24,0.918
2022-10-25,0.93
2022-10-26,0.974
2022-10-27,0.977
2022-10-28,0.966
2022-10-29,0.985
2022-10-30,0.982
2022-10-31,0.972
2022-11-01,0.971
2022-11-02,0.966
2022-11-03,0.959
2022-11-04,0.98
2022-11-05,1.009
2022-11-06,1.002
2022-11-07,0.984
2022-11-08,0.925
2022-11-09,0.828
2022-11-10,0.807
2022-11-11,0.812
2022-11-12,0.8
2022-11-13,0.791
2022-11-14,0.783
2022-11-15,0.802
2022-11-16,0.796
2022-11-17,0.794
2022-11-18,0.81
2022-11-19,0.805
2022-11-20,0.802
2022-11-21,0.776
2022-11-22,0.774
2022-11-23,0.798
2022-11-24,0.805
2022-11-25,0.799
2022-11-26,0.803
2022-11-27,0.802
2022-11-28,0.787
2022-11-29,0.797
2022-11-30,0.822
2022-12-01,0.829
2022-12-02,0.826
2022-12-03,0.826
2022-12-04,0.829
2022-12-05,0.839
2022-12-06,0.831
2022-12-07,0.826
2022-12-08,0.829
2022-12-09,0.842
2022-12-10,0.84
2022-12-11,0.84
2022-12-12,0.833
2022-12-13,0.857
2022-12-14,0.878
2022-12-15,0.862
2022-12-16,0.839
2022-12-17,0.821
2022-12-18,0.822
2022-12-19,0.819
2022-12-20,0.826
2022-12-21,0.827
2022-12-22,0.825
2022-12-23,0.827
2022-12-24,0.827
2022-12-25,0.827
2022-12-26,0.828
2022-12-27,0.826
2022-12-28,0.819
2022-12-29,0.817
2022-12-30,0.815
2022-12-31,0.818
2023-01-01,0.817
2023-01-02,0.824
2023-01-03,0.824
2023-01-04,0.831
2023-01-05,0.831
2023-01-06,0.832
2023-01-07,0.837
2023-01-08,0.838
2023-01-09,0.852
2023-01-10,0.856
2023-01-11,0.865
2023-01-12,0.91
2023-01-13,0.946
2023-01-14,1.033
2023-01-15,1.03
2023-01-16,1.043
2023-01-17,1.051
2023-01-18,1.047
2023-01-19,1.035
2023-01-20,1.059
2023-01-21,1.136
2023-01-22,1.133
2023-01-23,1.134
2023-01-24,1.141
2023-01-25,1.129
2023-01-26,1.149
2023-01-27,1.148
2023-01-28,1.149
2023-01-29,1.171
2023-01-30,1.162
2023-01-31,1.148
2023-02-01,1.158
2023-02-02,1.19
2023-02-03,1.174
2023-02-04,1.169
2023-02-05,1.159
2023-02-06,1.146
2023-02-07,1.151
2023-02-08,1.156
2023-02-09,1.127
2023-02-10,1.09
2023-02-11,1.087
2023-02-12,1.095
2023-02-13,1.086
2023-02-14,1.098
2023-02-15,1.139
2023-02-16,1.233
2023-02-17,1.204
2023-02-18,1.234
2023-02-19,1.235
2023-02-20,1.238
2023-02-21,1.238
2023-02-22,1.205
2023-02-23,1.21
2023-02-24,1.186
2023-02-25,1.158
2023-02-26,1.169
2023-02-27,1.178
2023-02-28,1.176
2023-03-01,1.19
2023-03-02,1.181
2023-03-03,1.129
2023-03-04,1.126
2023-03-05,1.132
2023-03-06,1.132
2023-03-07,1.133
2023-03-08,1.118
2023-03-09,1.085
2023-03-10,1.014
2023-03-11,1.033
2023-03-12,1.057
2023-03-13,1.173
2023-03-14,1.266
2023-03-15,1.254
2023-03-16,1.257
2023-03-17,1.342
2023-03-18,1.393
2023-03-19,1.399
2023-03-20,1.42
2023-03-21,1.426
2023-03-22,1.428
2023-03-23,1.419
2023-03-24,1.424
2023-03-25,1.401
2023-03-26,1.414
2023-03-27,1.402
2023-03-28,1.378
2023-03-29,1.432
2023-03-30,1.484
2023-03-31,1.476
2023-04-01,1.489
2023-04-02,1.48
2023-04-03,1.463
2023-04-04,1.47
2023-04-05,1.486
2023-04-06,1.469
2023-04-07,1.467
2023-04-08,1.469
2023-04-09,1.47
2023-04-10,1.503
2023-04-11,1.584
2023-04-12,1.58
2023-04-13,1.594
2023-04-14,1.614
2023-04-15,1.603
2023-04-16,1.6
2023-04-17,1.568
2023-04-18,1.584
2023-04-19,1.562
2023-04-20,1.514
2023-04-21,1.477
2023-04-22,1.452
2023-04-23,1.46
2023-04-24,1.455
2023-04-25,1.459
2023-04-26,1.53
2023-04-27,1.545
2023-04-28,1.555
2023-04-29,1.554
2023-04-30,1.556
2023-05-01,1.507
2023-05-02,1.502
2023-05-03,1.518
2023-05-04,1.541
2023-05-05,1.558
2023-05-06,1.55
2023-05-07,1.537
2023-05-08,1.488
2023-05-09,1.472
2023-05-10,1.475
2023-05-11,1.45
2023-05-12,1.409
2023-05-13,1.426
2023-05-14,1.43
2023-05-15,1.453
2023-05-16,1.439
2023-05-17,1.436
2023-05-18,1.443
2023-05-19,1.429
2023-05-20,1.433
2023-05-21,1.435
2023-05-22,1.428
2023-05-23,1.451
2023-05-24,1.417
2023-05-25,1.402
2023-05-26,1.417
2023-05-27,1.426
2023-05-28,1.458
2023-05-29,1.486
2023-05-30,1.483
2023-05-31,1.452
2023-06-01,1.436
2023-06-02,1.447
2023-06-03,1.451
2023-06-04,1.452
2023-06-05,1.413
2023-06-06,1.398
2023-06-07,1.428
2023-06-08,1.417
2023-06-09,1.419
2023-06-10,1.382
2023-06-11,1.383
2023-06-12,1.385
2023-06-13,1.392
2023-06-14,1.382
2023-06-15,1.346
2023-06-16,1.382
2023-06-17,1.419
2023-06-18,1.421
2023-06-19,1.421
2023-06-20,1.462
2023-06-21,1.575
2023-06-22,1.618
2023-06-23,1.634
2023-06-24,1.647
2023-06-25,1.646
2023-06-26,1.628
2023-06-27,1.642
2023-06-28,1.628
2023-06-29,1.636
2023-06-30,1.644
2023-07-01,1.641
2023-07-02,1.642
2023-07-03,1.658
2023-07-04,1.666
2023-07-05,1.645
2023-07-06,1.646
2023-07-07,1.629
2023-07-08,1.63
2023-07-09,1.633
2023-07-10,1.633
2023-07-11,1.646
2023-07-12,1.649
2023-07-13,1.66
2023-07-14,1.674
2023-07-15,1.637
2023-07-16,1.636
2023-07-17,1.631
2023-07-18,1.618
2023-07-19,1.621
2023-07-20,1.621
2023-07-21,1.615
2023-07-22,1.616
2023-07-23,1.62
2023-07-24,1.59
2023-07-25,1.578
2023-07-26,1.584
2023-07-27,1.592
2023-07-28,1.602
2023-07-29,1.605
2023-07-30,1.604
2023-07-31,1.606
2023-08-01,1.589
2023-08-02,1.611
2023-08-03,1.597
2023-08-04,1.595
2023-08-05,1.589
2023-08-06,1.59
2023-08-07,1.59
2023-08-08,1.613
2023-08-09,1.625
2023-08-10,1.614
2023-08-11,1.609
2023-08-12,1.61
2023-08-13,1.608
2023-08-14,1.609
2023-08-15,1.604
2023-08-16,1.592
2023-08-17,1.539
2023-08-18,1.438
2023-08-19,1.423
2023-08-20,1.429
2023-08-21,1.426
2023-08-22,1.42
2023-08-23,1.43
2023-08-24,1.435
2023-08-25,1.422
2023-08-26,1.421
2023-08-27,1.422
2023-08-28,1.42
2023-08-29,1.46
2023-08-30,1.493
2023-08-31,1.466
2023-09-01,1.405
2023-09-02,1.4
2023-09-03,1.405
2023-09-04,1.404
2023-09-05,1.395
2023-09-06,1.394
2023-09-07,1.4
2023-09-08,1.408
2023-09-09,1.4
2023-09-10,1.397
2023-09-11,1.379
2023-09-12,1.399
2023-09-13,1.409
2023-09-14,1.428
2023-09-15,1.429
2023-09-16,1.432
2023-09-17,1.43
2023-09-18,1.448
2023-09-19,1.457
2023-09-20,1.46
2023-09-21,1.44
2023-09-22,1.431
2023-09-23,1.429
2023-09-24,1.428
2023-09-25,1.408
2023-09-26,1.41
2023-09-27,1.414
2023-09-28,1.434
2023-09-29,1.449
2023-09-30,1.449
2023-10-01,1.508
2023-10-02,1.477
2023-10-03,1.479
2023-10-04,1.485
2023-10-05,1.489
2023-10-06,1.501
2023-10-07,1.5
2023-10-08,1.483
2023-10-09,1.474
2023-10-10,1.447
2023-10-11,1.433
2023-10-12,1.436
2023-10-13,1.438
2023-10-14,1.442
2023-10-15,1.494
2023-10-16,1.519
2023-10-17,1.518
2023-10-18,1.523
2023-10-19,1.575
2023-10-20,1.595
2023-10-21,1.6
2023-10-22,1.659
2023-10-23,1.825
2023-10-24,1.838
2023-10-25,1.835
2023-10-26,1.815
2023-10-27,1.822
2023-10-28,1.834
2023-10-29,1.841
2023-10-30,1.839
2023-10-31,1.85
2023-11-01,1.878
2023-11-02,1.846
2023-11-03,1.858
2023-11-04,1.871
2023-11-05,1.87
2023-11-06,1.868
2023-11-07,1.89
2023-11-08,1.96
2023-11-09,1.977
2023-11-10,1.984
2023-11-11,1.983
2023-11-12,1.971
2023-11-13,1.934
2023-11-14,1.94
2023-11-15,1.972
2023-11-16,1.943
2023-11-17,1.949
2023-11-18,1.958
2023-11-19,1.993
2023-11-20,1.976
2023-11-21,1.955
2023-11-22,1.985
2023-11-23,2.003
2023-11-24,2.008
2023-11-25,1.998
2023-11-26,1.973
2023-11-27,1.99
2023-11-28,2.014
2023-11-29,2.005
2023-11-30,2.037
2023-12-01,2.063
2023-12-02,2.096
2023-12-03,2.198
2023-12-04,2.25
2023-12-05,2.328
2023-12-06,2.31
2023-12-07,2.315
2023-12-08,2.333
2023-12-09,2.323
2023-12-10,2.222
2023-12-11,2.201
2023-12-12,2.207
2023-12-13,2.271
2023-12-14,2.246
2023-12-15,2.236
2023-12-16,2.216
2023-12-17,2.189
2023-12-18,2.257
2023-12-19,2.284
2023-12-20,2.312
2023-12-21,2.318
2023-12-22,2.31
2023-12-23,2.306
2023-12-24,2.291
2023-12-25,2.255
2023-12-26,2.263
2023-12-27,2.266
2023-12-28,2.24
2023-12-29,2.215
2023-12-30,2.232
2023-12-31,2.255
2024-01-01,2.383
2024-01-02,2.312
2024-01-03,2.303
2024-01-04,2.318
2024-01-05,2.322
2024-01-06,2.335
2024-01-07,2.38
2024-01-08,2.47
2024-01-09,2.43
2024-01-10,2.469
2024-01-11,2.386
2024-01-12,2.271
2024-01-13,2.264
2024-01-14,2.257
2024-01-15,2.27
2024-01-16,2.26
2024-01-17,2.233
2024-01-18,2.186
2024-01-19,2.202
2024-01-20,2.206
2024-01-21,2.156
2024-01-22,2.09
2024-01-23,2.117
2024-01-24,2.119
2024-01-25,2.175
2024-01-26,2.22
2024-01-27,2.242
2024-01-28,2.257
2024-01-29,2.308
2024-01-30,2.28
2024-01-31,2.257
2024-02-01,2.288
2024-02-02,2.291
2024-02-03,2.279
2024-02-04,2.273
2024-02-05,2.282
2024-02-06,2.301
2024-02-07,2.388
2024-02-08,2.49
2024-02-09,2.52
2024-02-10,2.561
2024-02-11,2.598
2024-02-12,2.643
2024-02-13,2.717
2024-02-14,2.779
2024-02-15,2.78
2024-02-16,2.757
2024-02-17,2.763
2024-02-18,2.78
2024-02-19,2.77
2024-02-20,2.748
2024-02-21,2.753
2024-02-22,2.73
2024-02-23,2.735
2024-02-24,2.759
2024-02-25,2.8
2024-02-26,3.025
2024-02-27,3.188
2024-02-28,3.332
2024-02-29,3.32
2024-03-01,3.327
2024-03-02,3.339
2024-03-03,3.52
2024-03-04,3.561
2024-03-05,3.562
2024-03-06,3.613
2024-03-07,3.668
2024-03-08,3.7
2024-03-09,3.752
2024-03-10,3.842
2024-03-11,3.884
2024-03-12,3.942
2024-03-13,3.91
2024-03-14,3.719
2024-03-15,3.695
2024-03-16,3.633
2024-03-17,3.673
2024-03-18,3.493
2024-03-19,3.474
2024-03-20,3.622
2024-03-21,3.504
2024-03-22,3.492
2024-03-23,3.53
2024-03-24,3.717
2024-03-25,3.819
2024-03-26,3.784
2024-03-27,3.82
2024-03-28,3.794
2024-03-29,3.792
2024-03-30,3.818
2024-03-31,3.781
2024-04-01,3.598
2024-04-02,3.588
2024-04-03,3.635
2024-04-04,3.663
2024-04-05,3.692
2024-04-06,3.763
2024-04-07,3.858
2024-04-08,3.802
2024-04-09,3.758
2024-04-10,3.819
2024-04-11,3.764
2024-04-12,3.601
2024-04-13,3.481
2024-04-14,3.519
2024-04-15,3.413
2024-04-16,3.383
2024-04-17,3.384
2024-04-18,3.457
2024-04-19,3.477
2024-04-20,3.514
2024-04-21,3.574
2024-04-22,3.595
2024-04-23,3.558
2024-04-24,3.473
2024-04-25,3.467
2024-04-26,3.407
2024-04-27,3.44
2024-04-28,3.393
2024-04-29,3.333
2024-04-30,3.147
2024-05-01,3.152
2024-05-02,3.274
2024-05-03,3.425
2024-05-04,3.438
2024-05-05,3.442
2024-05-06,3.417
2024-05-07,3.349
2024-05-08,3.315
2024-05-09,3.326
2024-05-10,3.261
2024-05-11,3.272
2024-05-12,3.337
2024-05-13,3.306
2024-05-14,3.387
2024-05-15,3.499
2024-05-16,3.526
2024-05-17,3.556
2024-05-18,3.549
2024-05-19,3.596
2024-05-20,3.743
2024-05-21,3.702
2024-05-22,3.641
2024-05-23,3.597
2024-05-24,3.645
2024-05-25,3.643
2024-05-26,3.649
2024-05-27,3.566
2024-05-28,3.548
2024-05-29,3.56
2024-05-30,3.542
2024-05-31,3.523
2024-06-01,3.527
2024-06-02,3.585
2024-06-03,3.619
2024-06-04,3.691
2024-06-05,3.681
2024-06-06,3.658
2024-06-07,3.592
2024-06-08,3.592
2024-06-09,3.596
2024-06-10,3.48
2024-06-11,3.516
2024-06-12,3.467
2024-06-13,3.417
2024-06-14,3.4
2024-06-15,3.411
2024-06-16,3.397
2024-06-17,3.343
2024-06-18,3.329
2024-06-19,3.334
2024-06-20,3.26
2024-06-21,3.268
2024-06-22,3.262
2024-06-23,3.122
2024-06-24,3.116
2024-06-25,3.118
2024-06-26,3.106
2024-06-27,3.098
2024-06-28,3.084
2024-06-29,3.114
2024-06-30,3.197
2024-07-01,3.162
2024-07-02,3.061
2024-07-03,2.95
2024-07-04,2.83
2024-07-05,2.894
2024-07-06,2.907
2024-07-07,2.851
2024-07-08,2.91
2024-07-09,2.936
2024-07-10,2.924
2024-07-11,2.9
2024-07-12,2.945
2024-07-13,3.025
2024-07-14,3.168
2024-07-15,3.227
2024-07-16,3.265
2024-07-17,3.224
2024-07-18,3.257
2024-07-19,3.336
2024-07-20,3.354
2024-07-21,3.37
2024-07-22,3.314
2024-07-23,3.283
2024-07-24,3.211
2024-07-25,3.336
2024-07-26,3.381
2024-07-27,3.357
2024-07-28,3.391
2024-07-29,3.292
2024-07-30,3.254
2024-07-31,3.107
2024-08-01,3.07
2024-08-02,2.934
2024-08-03,2.867
2024-08-04,2.552
2024-08-05,2.662
2024-08-06,2.656
2024-08-07,2.705
2024-08-08,2.795
2024-08-09,2.781
2024-08-10,2.764
2024-08-11,2.692
2024-08-12,2.699
2024-08-13,2.701
2024-08-14,2.589
2024-08-15,2.571
2024-08-16,2.6
2024-08-17,2.61
2024-08-18,2.564
2024-08-19,2.618
2024-08-20,2.605
2024-08-21,2.634
2024-08-22,2.677
2024-08-23,2.767
2024-08-24,2.738
2024-08-25,2.715
2024-08-26,2.645
2024-08-27,2.517
2024-08-28,2.528
2024-08-29,2.496
2024-08-30,2.492
2024-08-31,2.454
2024-09-01,2.453
2024-09-02,2.402
2024-09-03,2.343
2024-09-04,2.323
2024-09-05,2.255
2024-09-06,2.211
2024-09-07,2.215
2024-09-08,2.269
2024-09-09,2.323
2024-09-10,2.311
2024-09-11,2.355
2024-09-12,2.383
2024-09-13,2.432
2024-09-14,2.429
2024-09-15,2.361
2024-09-16,2.401
2024-09-17,2.432
2024-09-18,2.532
2024-09-19,2.549
2024-09-20,2.54
2024-09-21,2.535
2024-09-22,2.56
2024-09-23,2.559
2024-09-24,2.567
2024-09-25,2.587
2024-09-26,2.641
2024-09-27,2.644
2024-09-28,2.641
2024-09-29,2.572
2024-09-30,2.523
2024-10-01,2.458
2024-10-02,2.44
2024-10-03,2.467
2024-10-04,2.483
2024-10-05,2.491
2024-10-06,2.534
2024-10-07,2.51
2024-10-08,2.486
2024-10-09,2.433
2024-10-10,2.479
2024-10-11,2.534
2024-10-12,2.524
2024-10-13,2.611
2024-10-14,2.66
2024-10-15,2.714
2024-10-16,2.701
2024-10-17,2.734
2024-10-18,2.737
2024-10-19,2.747
2024-10-20,2.733
2024-10-21,2.697
2024-10-22,2.664
2024-10-23,2.698
2024-10-24,2.696
2024-10-25,2.668
2024-10-26,2.685
2024-10-27,2.735
2024-10-28,2.856
2024-10-29,2.877
2024-10-30,2.845
2024-10-31,2.765
2024-11-01,2.753
2024-11-02,2.709
2024-11-03,2.706
2024-11-04,2.728
2024-11-05,2.991
2024-11-06,3.034
2024-11-07,3.051
2024-11-08,3.055
2024-11-09,3.166
2024-11-10,3.335
2024-11-11,3.528
2024-11-12,3.569
2024-11-13,3.609
2024-11-14,3.59
2024-11-15,3.661
2024-11-16,3.631
2024-11-17,3.656
2024-11-18,3.704
2024-11-19,3.765
2024-11-20,3.925
2024-11-21,4.007
2024-11-22,3.992
2024-11-23,3.939
2024-11-24,3.917
2024-11-25,3.77
2024-11-26,3.819
2024-11-27,3.859
2024-11-28,3.895
2024-11-29,3.884
2024-11-30,3.892
2024-12-01,3.858
2024-12-02,3.831
2024-12-03,3.876
2024-12-04,4.099
2024-12-05,4.076
2024-12-06,4.091
2024-12-07,4.091
2024-12-08,4.039
2024-12-09,3.978
2024-12-10,4.058
2024-12-11,4.135
2024-12-12,4.124
2024-12-13,4.158
2024-12-14,4.209
2024-12-15,4.328
2024-12-16,4.408
2024-12-17,4.287
2024-12-18,4.155
2024-12-19,3.995
2024-12-20,4.039
2024-12-21,3.974
2024-12-22,3.928
2024-12-23,3.978
2024-12-24,4.067
2024-12-25,3.994
2024-12-26,3.933
2024-12-27,3.894
2024-12-28,3.884
2024-12-29,3.851
2024-12-30,3.861
2024-12-31,3.868
2025-01-01,3.96
2025-01-02,3.994
2025-01-03,4.019
2025-01-04,4.02
2025-01-05,4.11
2025-01-06,4.093
2025-01-07,3.913
2025-01-08,3.827
2025-01-09,3.861
2025-01-10,3.855
2025-01-11,3.856
2025-01-12,3.792
2025-01-13,3.909
2025-01-14,4.001
2025-01-15,4.057
2025-01-16,4.191
2025-01-17,4.228
2025-01-18,4.262
2025-01-19,4.261
2025-01-20,4.232
2025-01-21,4.269
2025-01-22,4.193
2025-01-23,4.264
2025-01-24,4.245
2025-01-25,4.245
2025-01-26,4.072
2025-01-27,4.147
2025-01-28,4.133
2025-01-29,4.239
2025-01-30,4.187
2025-01-31,4.104
2025-02-01,3.986
2025-02-02,3.911
2025-02-03,4.025
2025-02-04,3.958
2025-02-05,3.948
2025-02-06,3.941
2025-02-07,3.895
2025-02-08,3.901
2025-02-09,3.929
2025-02-10,3.922
2025-02-11,3.888
2025-02-12,3.89
2025-02-13,3.917
2025-02-14,3.931
2025-02-15,3.913
2025-02-16,3.868
2025-02-17,3.838
2025-02-18,3.859
2025-02-19,3.918
2025-02-20,3.926
2025-02-21,3.875
2025-02-22,3.856
2025-02-23,3.811
2025-02-24,3.585
2025-02-25,3.497
2025-02-26,3.414
2025-02-27,3.287
2025-02-28,3.411
2025-03-01,3.545
2025-03-02,3.626
2025-03-03,3.39
2025-03-04,3.554
2025-03-05,3.623
2025-03-06,3.525
2025-03-07,3.451
2025-03-08,3.372
2025-03-09,3.242
2025-03-10,3.25
2025-03-11,3.273
2025-03-12,3.237
2025-03-13,3.267
2025-03-14,3.288
2025-03-15,3.255
2025-03-16,3.257
2025-03-17,3.21
2025-03-18,3.268
2025-03-19,3.307
2025-03-20,3.264
2025-03-21,3.261
2025-03-22,3.281
2025-03-23,3.372
2025-03-24,3.356
2025-03-25,3.353
2025-03-26,3.347
2025-03-27,3.263
2025-03-28,3.184
2025-03-29,3.173
2025-03-30,3.154
2025-03-31,3.219
2025-04-01,3.256
2025-04-02,3.164
2025-04-03,3.187
2025-04-04,3.179
2025-04-05,3.121
2025-04-06,2.966
2025-04-07,2.999
2025-04-08,2.987
2025-04-09,3.071
2025-04-10,3.111
2025-04-11,3.182
2025-04-12,3.191
2025-04-13,3.197
2025-04-14,3.201
2025-04-15,3.141
2025-04-16,3.149
2025-04-17,3.129
2025-04-18,3.137
2025-04-19,3.12
2025-04-20,3.211
2025-04-21,3.298
2025-04-22,3.423
2025-04-23,3.379
2025-04-24,3.405
2025-04-25,3.369
2025-04-26,3.337
2025-04-27,3.337
2025-04-28,3.315
2025-04-29,3.282
2025-04-30,3.328
2025-05-01,3.362
2025-05-02,3.334
2025-05-03,3.306
2025-05-04,3.264
2025-05-05,3.258
2025-05-06,3.331
2025-05-07,3.433
2025-05-08,3.452
2025-05-09,3.375
2025-05-10,3.392
2025-05-11,3.369
2025-05-12,3.301
2025-05-13,3.269
2025-05-14,3.219
2025-05-15,3.227
2025-05-16,3.19
2025-05-17,3.221
2025-05-18,3.21
2025-05-19,3.226
2025-05-20,3.248
2025-05-21,3.348
2025-05-22,3.305
2025-05-23,3.251
2025-05-24,3.222
2025-05-25,3.279
2025-05-26,3.27
2025-05-27,3.232
2025-05-28,3.205
2025-05-29,3.137
2025-05-30,3.101
2025-05-31,3.114
2025-06-01,3.115
2025-06-02,3.131
2025-06-03,3.079
2025-06-04,3.038
2025-06-05,3.031
2025-06-06,3.07
2025-06-07,3.082
2025-06-08,3.126
2025-06-09,3.186
2025-06-10,3.172
2025-06-11,3.108
2025-06-12,3.034
2025-06-13,3.023
2025-06-14,3.026
2025-06-15,3.076
2025-06-16,3.033
2025-06-17,3.005
2025-06-18,2.995
2025-06-19,2.99
2025-06-20,2.948
2025-06-21,2.889
2025-06-22,2.913
2025-06-23,2.999
2025-06-24,3.039
2025-06-25,3.044
2025-06-26,3.028
2025-06-27,3.027
2025-06-28,3.036
2025-06-29,3.035
2025-06-30,2.994
2025-07-01,3.03
2025-07-02,3.075
2025-07-03,3.03
2025-07-04,3.014
2025-07-05,3.022
2025-07-06,3.024
2025-07-07,3.006
2025-07-08,3.023
2025-07-09,3.092
2025-07-10,3.237
2025-07-11,3.236
2025-07-12,3.253
2025-07-13,3.325
2025-07-14,3.225
2025-07-15,3.292
2025-07-16,3.301
2025-07-17,3.304
2025-07-18,3.276
2025-07-19,3.274
2025-07-20,3.275
2025-07-21,3.288
2025-07-22,3.283
2025-07-23,3.285
2025-07-24,3.219
2025-07-25,3.255
2025-07-26,3.274
2025-07-27,3.274
2025-07-28,3.261
2025-07-29,3.242
2025-07-30,3.242
2025-07-31,3.151
2025-08-01,3.106
2025-08-02,3.12
2025-08-03,3.144
2025-08-04,3.122
2025-08-05,3.132
2025-08-06,3.171
2025-08-07,3.192
2025-08-08,3.191
2025-08-09,3.231
2025-08-10,3.287
2025-08-11,3.255
2025-08-12,3.296
2025-08-13,3.275
2025-08-14,3.212
2025-08-15,3.193
2025-08-16,3.2
2025-08-17,3.143
2025-08-18,3.111
2025-08-19,3.088
2025-08-20,3.077
2025-08-21,3.113
2025-08-22,3.142
2025-08-23,3.114
2025-08-24,3.04
2025-08-25,3.005
2025-08-26,3.03
2025-08-27,3.065
2025-08-28,3.001
2025-08-29,2.966
2025-08-30,2.966
2025-08-31,2.97
2025-09-01,2.965
2025-09-02,3.012
2025-09-03,3.014
2025-09-04,3.04
2025-09-05,3.013
2025-09-06,3.023
2025-09-07,3.044
2025-09-08,3.046
2025-09-09,3.071
2025-09-10,3.114
2025-09-11,3.148
2025-09-12,3.155
2025-09-13,3.152
2025-09-14,3.138
2025-09-15,3.138
2025-09-16,3.155
2025-09-17,3.17
2025-09-18,3.199
2025-09-19,3.171
2025-09-20,3.159
2025-09-21,3.153
2025-09-22,3.085
2025-09-23,3.069
2025-09-24,3.077
2025-09-25,3.021
2025-09-26,2.978
2025-09-27,2.978
2025-09-28,2.986
2025-09-29,3.065
2025-09-30,3.085
2025-10-01,3.154
2025-10-02,3.294
2025-10-03,3.294
2025-10-04,3.294
2025-10-05,3.347
2025-10-06,3.377
2025-10-07,3.322
2025-10-08,3.322
2025-10-09,3.302
2025-10-10,3.302
2025-10-11,3.03
2025-10-12,3.047
2025-10-13,3.118
2025-10-14,3.057
2025-10-15,3.036
2025-10-16,2.986
2025-10-17,2.894
2025-10-18,2.899
2025-10-19,2.923
2025-10-20,2.991
2025-10-21,2.966
2025-10-22,2.913
2025-10-23,2.946
2025-10-24,2.975
2025-10-25,3.014
2025-10-26,3.014
2025-10-27,3.074
