d,sopr
2010-07-17,1.0
2010-07-18,1.175
2010-07-19,1.319
2010-07-20,1.091
2010-07-21,1.066
2010-07-22,0.914
2010-07-23,1.042
2010-07-25,1.02
2010-07-26,1.028
2010-07-27,1.043
2010-07-28,1.034
2010-07-29,1.034
2010-07-30,1.133
2010-07-31,1.031
2010-08-01,1.005
2010-08-02,1.012
2010-08-03,1.007
2010-08-05,0.994
2010-08-06,1.063
2010-08-07,1.02
2010-08-08,1.031
2010-08-09,1.074
2010-08-10,1.052
2010-08-11,1.041
2010-08-12,0.978
2010-08-13,1.08
2010-08-14,1.012
2010-08-15,1.046
2010-08-16,1.017
2010-08-17,1.019
2010-08-18,1.082
2010-08-19,1.017
2010-08-20,0.997
2010-08-21,1.031
2010-08-22,1.662
2010-08-23,1.294
2010-08-26,1.119
2010-08-29,2.374
2010-08-30,1.237
2010-08-31,2.756
2010-09-01,2.302
2010-09-02,1.188
2010-09-03,1.915
2010-09-04,1.211
2010-09-05,4.524
2010-09-06,1.13
2010-09-07,2.394
2010-09-08,1.067
2010-09-09,2.201
2010-09-10,1.038
2010-09-11,1.609
2010-09-12,1.314
2010-09-15,1.78
2010-09-16,1.803
2010-09-17,3.798
2010-09-18,1.14
2010-09-20,1.163
2010-09-21,1.089
2010-09-23,1.037
2010-09-24,1.088
2010-09-25,1.282
2010-09-27,2.612
2010-09-28,3.217
2010-09-29,1.386
2010-09-30,1.098
2010-10-01,3.375
2010-10-02,2.902
2010-10-03,1.021
2010-10-04,1.036
2010-10-05,1.286
2010-10-06,1.003
2010-10-07,1.023
2010-10-08,1.089
2010-10-09,1.058
2010-10-10,1.254
2010-10-11,1.046
2010-10-12,1.021
2010-10-13,1.74
2010-10-14,1.039
2010-10-15,1.062
2010-10-16,1.256
2010-10-17,1.151
2010-10-18,1.001
2010-10-20,1.065
2010-10-21,1.001
2010-10-22,1.0
2010-10-23,1.218
2010-10-24,1.081
2010-10-25,1.009
2010-10-26,1.034
2010-10-27,1.032
2010-10-28,1.088
2010-10-29,1.016
2010-10-30,1.106
2010-10-31,1.014
2010-11-01,1.113
2010-11-02,1.0
2010-11-03,1.003
2010-11-04,1.065
2010-11-05,1.32
2010-11-06,2.408
2010-11-07,1.051
2010-11-08,1.139
2010-11-09,1.061
2010-11-10,1.0
2010-11-11,1.01
2010-11-12,1.007
2010-11-13,1.333
2010-11-14,2.245
2010-11-15,3.04
2010-11-16,1.759
2010-11-18,1.764
2010-11-19,1.829
2010-11-20,2.183
2010-11-21,1.146
2010-11-22,1.225
2010-11-23,1.7
2010-11-24,1.408
2010-11-25,1.436
2010-11-26,2.645
2010-11-27,1.191
2010-11-28,1.271
2010-11-29,1.126
2010-11-30,1.598
2010-12-01,1.122
2010-12-02,1.98
2010-12-03,1.077
2010-12-04,1.173
2010-12-05,1.458
2010-12-06,2.941
2010-12-07,1.282
2010-12-08,1.038
2010-12-09,1.136
2010-12-10,1.636
2010-12-11,1.302
2010-12-13,1.213
2010-12-15,1.401
2010-12-16,1.06
2010-12-17,1.052
2010-12-18,1.228
2010-12-20,1.666
2010-12-21,2.431
2010-12-22,1.016
2010-12-23,1.249
2010-12-24,1.167
2010-12-25,1.095
2010-12-26,1.182
2010-12-27,1.089
2010-12-28,1.049
2010-12-29,1.047
2010-12-30,1.034
2010-12-31,1.061
2011-01-01,1.051
2011-01-02,1.246
2011-01-03,1.088
2011-01-04,1.05
2011-01-05,1.047
2011-01-06,1.103
2011-01-07,1.109
2011-01-08,1.208
2011-01-09,1.096
2011-01-10,1.507
2011-01-11,2.175
2011-01-12,1.012
2011-01-13,1.053
2011-01-14,1.103
2011-01-15,1.006
2011-01-16,1.666
2011-01-17,1.008
2011-01-18,1.004
2011-01-19,1.757
2011-01-20,1.09
2011-01-21,1.086
2011-01-22,1.061
2011-01-23,1.185
2011-01-24,1.148
2011-01-25,1.095
2011-01-26,1.871
2011-01-27,1.76
2011-01-28,1.72
2011-01-29,1.412
2011-01-30,1.05
2011-01-31,1.052
2011-02-01,1.02
2011-02-02,1.016
2011-02-03,1.072
2011-02-04,1.165
2011-02-05,2.07
2011-02-06,2.652
2011-02-07,2.425
2011-02-08,1.128
2011-02-09,2.148
2011-02-10,1.365
2011-02-11,1.439
2011-02-12,1.225
2011-02-13,1.392
2011-02-14,2.097
2011-02-15,1.101
2011-02-16,1.158
2011-02-17,1.148
2011-02-18,1.355
2011-02-20,1.274
2011-02-21,1.147
2011-02-22,1.243
2011-02-24,1.176
2011-02-25,1.083
2011-02-26,1.671
2011-02-27,1.448
2011-02-28,1.523
2011-03-01,2.027
2011-03-02,1.016
2011-03-03,1.017
2011-03-04,1.052
2011-03-05,1.201
2011-03-06,1.013
2011-03-07,1.005
2011-03-08,1.12
2011-03-09,1.009
2011-03-12,1.423
2011-03-13,1.12
2011-03-14,1.184
2011-03-15,1.179
2011-03-16,1.688
2011-03-17,1.253
2011-03-18,1.043
2011-03-19,1.103
2011-03-20,1.041
2011-03-21,1.148
2011-03-22,1.023
2011-03-23,1.168
2011-03-24,1.349
2011-03-26,1.398
2011-03-27,1.117
2011-03-28,1.077
2011-03-29,1.026
2011-03-30,1.019
2011-03-31,1.026
2011-04-02,1.0
2011-04-03,1.035
2011-04-04,1.384
2011-04-05,1.224
2011-04-06,1.063
2011-04-07,1.041
2011-04-10,1.007
2011-04-12,1.045
2011-04-13,1.068
2011-04-14,1.031
2011-04-15,1.136
2011-04-16,1.216
2011-04-18,1.313
2011-04-21,1.002
2011-04-22,1.025
2011-04-23,1.158
2011-04-24,1.104
2011-04-25,1.134
2011-04-26,1.115
2011-04-27,1.093
2011-04-28,1.173
2011-04-29,2.94
2011-04-30,1.458
2011-05-01,1.51
2011-05-02,1.429
2011-05-03,1.62
2011-05-04,2.225
2011-05-05,1.337
2011-05-06,1.793
2011-05-07,1.143
2011-05-08,1.037
2011-05-09,1.278
2011-05-10,1.099
2011-05-11,1.398
2011-05-12,1.815
2011-05-13,1.095
2011-05-14,1.104
2011-05-15,1.461
2011-05-16,1.73
2011-05-17,1.113
2011-05-18,1.156
2011-05-19,1.319
2011-05-20,1.308
2011-05-21,1.031
2011-05-22,1.013
2011-05-23,1.044
2011-05-24,1.373
2011-05-25,1.265
2011-05-26,1.167
2011-05-27,1.012
2011-05-28,1.131
2011-05-29,1.07
2011-05-30,1.384
2011-05-31,1.167
2011-06-01,1.116
2011-06-02,1.477
2011-06-03,1.558
2011-06-04,1.1
2011-06-05,1.469
2011-06-06,1.052
2011-06-07,1.166
2011-06-08,1.616
2011-06-09,1.243
2011-06-10,1.169
2011-06-12,1.03
2011-06-13,1.353
2011-06-14,1.342
2011-06-15,1.461
2011-06-16,1.202
2011-06-17,1.151
2011-06-18,1.027
2011-06-19,1.074
2011-06-21,1.019
2011-06-22,1.01
2011-06-23,1.005
2011-06-25,1.013
2011-06-26,1.143
2011-06-27,1.203
2011-06-29,1.006
2011-06-30,1.014
2011-07-01,0.994
2011-07-02,0.99
2011-07-03,1.005
2011-07-04,0.994
2011-07-05,1.006
2011-07-06,1.006
2011-07-07,0.998
2011-07-08,0.986
2011-07-09,0.999
2011-07-10,1.006
2011-07-11,1.002
2011-07-12,1.001
2011-07-13,1.001
2011-07-14,1.0
2011-07-15,1.002
2011-07-16,0.998
2011-07-17,1.001
2011-07-18,0.951
2011-07-19,1.003
2011-07-20,0.936
2011-07-21,0.999
2011-07-22,0.999
2011-07-23,1.001
2011-07-24,1.003
2011-07-25,1.002
2011-07-26,1.001
2011-07-27,1.002
2011-07-28,0.998
2011-07-29,1.002
2011-07-30,1.013
2011-07-31,0.989
2011-08-01,0.995
2011-08-02,0.989
2011-08-03,0.911
2011-08-04,1.005
2011-08-05,0.98
2011-08-06,0.811
2011-08-07,0.936
2011-08-08,0.929
2011-08-09,1.003
2011-08-10,0.999
2011-08-11,0.984
2011-08-12,0.99
2011-08-13,1.004
2011-08-14,1.006
2011-08-15,1.019
2011-08-16,1.01
2011-08-17,1.014
2011-08-18,1.005
2011-08-19,1.004
2011-08-20,1.011
2011-08-21,0.997
2011-08-22,1.0
2011-08-23,0.994
2011-08-24,1.0
2011-08-25,1.132
2011-08-26,1.021
2011-08-27,0.895
2011-08-28,1.006
2011-08-29,1.014
2011-08-30,0.983
2011-08-31,0.981
2011-09-01,0.973
2011-09-02,1.003
2011-09-03,0.995
2011-09-04,0.997
2011-09-05,0.996
2011-09-06,0.993
2011-09-07,0.977
2011-09-08,0.947
2011-09-09,0.931
2011-09-10,0.948
2011-09-11,0.79
2011-09-12,0.972
2011-09-13,0.932
2011-09-14,0.968
2011-09-15,0.939
2011-09-16,0.972
2011-09-17,0.978
2011-09-18,0.983
2011-09-19,0.968
2011-09-20,0.996
2011-09-21,1.0
2011-09-22,0.955
2011-09-23,0.987
2011-09-24,0.984
2011-09-25,0.858
2011-09-26,0.965
2011-09-27,0.983
2011-09-28,0.978
2011-09-29,0.984
2011-09-30,1.001
2011-10-01,0.967
2011-10-02,0.965
2011-10-03,0.979
2011-10-04,0.986
2011-10-05,0.981
2011-10-06,0.984
2011-10-07,0.941
2011-10-08,0.953
2011-10-09,0.949
2011-10-10,0.942
2011-10-11,0.932
2011-10-12,0.938
2011-10-13,0.974
2011-10-14,0.957
2011-10-15,0.972
2011-10-16,0.957
2011-10-17,0.841
2011-10-18,0.865
2011-10-19,0.719
2011-10-20,0.914
2011-10-21,0.981
2011-10-22,0.967
2011-10-23,0.992
2011-10-24,0.951
2011-10-25,0.965
2011-10-26,0.9
2011-10-27,0.999
2011-10-28,1.013
2011-10-29,0.996
2011-10-30,0.992
2011-10-31,0.981
2011-11-01,0.982
2011-11-02,0.944
2011-11-03,0.989
2011-11-04,0.972
2011-11-05,0.971
2011-11-06,0.981
2011-11-07,0.977
2011-11-08,0.985
2011-11-09,0.692
2011-11-10,0.98
2011-11-11,0.952
2011-11-12,1.0
2011-11-13,0.986
2011-11-14,0.896
2011-11-15,0.959
2011-11-16,0.64
2011-11-17,0.982
2011-11-18,0.973
2011-11-19,0.992
2011-11-20,0.997
2011-11-21,0.998
2011-11-22,0.996
2011-11-23,0.995
2011-11-24,0.99
2011-11-25,1.032
2011-11-26,0.958
2011-11-27,0.999
2011-11-28,0.963
2011-11-29,1.013
2011-11-30,1.006
2011-12-01,1.002
2011-12-02,1.002
2011-12-03,0.984
2011-12-04,1.002
2011-12-05,0.997
2011-12-06,1.003
2011-12-07,0.987
2011-12-08,1.002
2011-12-09,0.996
2011-12-10,0.997
2011-12-11,1.033
2011-12-12,1.007
2011-12-13,1.0
2011-12-14,0.961
2011-12-15,1.004
2011-12-16,1.005
2011-12-17,0.997
2011-12-18,0.997
2011-12-19,1.039
2011-12-20,1.077
2011-12-21,1.024
2011-12-22,1.02
2011-12-23,1.039
2011-12-24,0.998
2011-12-25,0.994
2011-12-26,1.007
2011-12-27,1.007
2011-12-28,1.03
2011-12-29,1.002
2011-12-30,1.021
2011-12-31,1.05
2012-01-01,1.057
2012-01-02,0.963
2012-01-03,1.026
2012-01-04,1.066
2012-01-05,1.097
2012-01-06,1.071
2012-01-07,1.052
2012-01-08,1.073
2012-01-09,1.063
2012-01-10,0.998
2012-01-11,1.043
2012-01-12,1.087
2012-01-13,1.033
2012-01-14,1.031
2012-01-15,1.018
2012-01-16,1.026
2012-01-17,1.012
2012-01-18,0.971
2012-01-19,1.04
2012-01-20,0.993
2012-01-21,1.006
2012-01-22,1.001
2012-01-23,1.004
2012-01-24,1.011
2012-01-25,0.991
2012-01-26,0.957
2012-01-27,0.954
2012-01-28,0.985
2012-01-29,0.978
2012-01-30,0.985
2012-01-31,0.973
2012-02-01,1.011
2012-02-02,1.014
2012-02-03,1.004
2012-02-04,1.002
2012-02-05,0.992
2012-02-06,0.964
2012-02-07,0.993
2012-02-08,0.996
2012-02-09,0.999
2012-02-10,0.99
2012-02-11,1.037
2012-02-12,0.999
2012-02-13,0.871
2012-02-14,0.954
2012-02-15,0.981
2012-02-16,0.979
2012-02-17,0.984
2012-02-18,0.955
2012-02-19,0.971
2012-02-20,0.982
2012-02-21,0.972
2012-02-22,0.992
2012-02-23,1.012
2012-02-24,1.006
2012-02-25,1.014
2012-02-26,1.002
2012-02-27,1.008
2012-02-28,1.008
2012-02-29,0.836
2012-03-01,1.004
2012-03-02,0.971
2012-03-03,0.992
2012-03-04,1.001
2012-03-05,1.007
2012-03-06,1.006
2012-03-07,1.006
2012-03-08,0.994
2012-03-09,0.999
2012-03-10,0.979
2012-03-11,0.992
2012-03-12,0.996
2012-03-13,1.014
2012-03-14,1.02
2012-03-15,1.015
2012-03-16,1.019
2012-03-17,0.992
2012-03-18,0.999
2012-03-19,0.981
2012-03-20,0.982
2012-03-21,0.963
2012-03-22,0.988
2012-03-23,1.0
2012-03-24,0.985
2012-03-25,0.976
2012-03-26,0.99
2012-03-27,0.993
2012-03-28,1.001
2012-03-29,0.994
2012-03-30,0.877
2012-03-31,1.002
2012-04-01,0.997
2012-04-02,1.003
2012-04-03,0.971
2012-04-04,1.002
2012-04-05,1.002
2012-04-06,1.009
2012-04-07,0.992
2012-04-08,0.999
2012-04-09,1.004
2012-04-10,0.998
2012-04-11,1.002
2012-04-12,1.005
2012-04-13,1.0
2012-04-14,1.004
2012-04-15,1.004
2012-04-16,1.003
2012-04-17,1.002
2012-04-18,1.008
2012-04-19,1.009
2012-04-20,1.004
2012-04-21,1.002
2012-04-22,1.009
2012-04-23,0.989
2012-04-24,1.0
2012-04-25,1.039
2012-04-26,0.994
2012-04-27,1.0
2012-04-28,0.996
2012-04-29,0.981
2012-04-30,0.993
2012-05-01,1.0
2012-05-02,1.001
2012-05-03,1.001
2012-05-04,1.001
2012-05-05,1.0
2012-05-06,0.967
2012-05-07,1.0
2012-05-08,0.999
2012-05-09,1.0
2012-05-10,0.999
2012-05-11,0.996
2012-05-12,1.007
2012-05-13,0.992
2012-05-14,0.998
2012-05-15,1.0
2012-05-16,0.998
2012-05-17,0.997
2012-05-18,0.991
2012-05-19,1.0
2012-05-20,0.983
2012-05-21,0.994
2012-05-22,0.999
2012-05-23,1.002
2012-05-24,0.979
2012-05-25,1.0
2012-05-26,0.994
2012-05-27,1.001
2012-05-28,1.0
2012-05-29,1.0
2012-05-30,1.0
2012-05-31,0.992
2012-06-01,1.002
2012-06-02,1.001
2012-06-03,1.0
2012-06-04,1.0
2012-06-05,1.002
2012-06-06,1.002
2012-06-07,1.002
2012-06-08,1.002
2012-06-09,1.003
2012-06-10,1.0
2012-06-11,1.002
2012-06-12,1.004
2012-06-13,1.006
2012-06-14,1.001
2012-06-15,1.008
2012-06-16,1.004
2012-06-17,1.007
2012-06-18,1.002
2012-06-19,1.004
2012-06-20,1.002
2012-06-21,1.01
2012-06-22,1.005
2012-06-23,1.002
2012-06-24,1.001
2012-06-25,0.999
2012-06-26,1.006
2012-06-27,1.004
2012-06-28,1.002
2012-06-29,1.002
2012-06-30,1.003
2012-07-01,1.002
2012-07-02,1.007
2012-07-03,0.999
2012-07-04,1.002
2012-07-05,1.002
2012-07-06,1.003
2012-07-07,0.998
2012-07-08,1.01
2012-07-09,1.004
2012-07-10,0.975
2012-07-11,1.012
2012-07-12,1.007
2012-07-13,1.01
2012-07-14,0.982
2012-07-15,1.003
2012-07-16,1.016
2012-07-17,1.025
2012-07-18,1.021
2012-07-19,1.022
2012-07-20,0.999
2012-07-21,1.008
2012-07-22,1.003
2012-07-23,1.005
2012-07-24,1.005
2012-07-25,1.006
2012-07-26,1.008
2012-07-27,1.006
2012-07-28,1.006
2012-07-29,1.01
2012-07-30,1.012
2012-07-31,1.008
2012-08-01,1.008
2012-08-02,1.027
2012-08-03,1.023
2012-08-04,1.018
2012-08-05,1.009
2012-08-06,1.01
2012-08-07,1.005
2012-08-08,1.016
2012-08-09,1.014
2012-08-10,1.008
2012-08-11,1.006
2012-08-12,1.006
2012-08-13,1.01
2012-08-14,1.014
2012-08-15,1.016
2012-08-16,1.018
2012-08-17,1.02
2012-08-18,1.021
2012-08-19,0.984
2012-08-20,1.002
2012-08-21,1.0
2012-08-22,1.001
2012-08-23,1.0
2012-08-24,1.001
2012-08-25,1.003
2012-08-26,1.003
2012-08-27,1.009
2012-08-28,1.002
2012-08-29,1.0
2012-08-30,1.0
2012-08-31,1.005
2012-09-01,0.998
2012-09-02,1.0
2012-09-03,1.001
2012-09-04,1.001
2012-09-05,1.001
2012-09-06,1.001
2012-09-07,1.0
2012-09-08,1.001
2012-09-09,1.003
2012-09-10,1.004
2012-09-11,1.0
2012-09-12,1.001
2012-09-13,1.0
2012-09-14,1.001
2012-09-15,1.002
2012-09-16,1.001
2012-09-17,1.001
2012-09-18,1.001
2012-09-19,1.001
2012-09-20,1.002
2012-09-21,1.0
2012-09-22,1.0
2012-09-23,1.0
2012-09-24,1.001
2012-09-25,1.005
2012-09-26,1.006
2012-09-27,1.01
2012-09-28,1.007
2012-09-29,1.008
2012-09-30,1.005
2012-10-01,1.003
2012-10-02,1.008
2012-10-03,1.012
2012-10-04,1.013
2012-10-05,1.002
2012-10-06,1.001
2012-10-07,0.997
2012-10-08,0.999
2012-10-09,1.001
2012-10-10,1.005
2012-10-11,1.002
2012-10-12,1.0
2012-10-13,1.0
2012-10-14,1.002
2012-10-15,1.0
2012-10-16,1.002
2012-10-17,1.004
2012-10-18,1.001
2012-10-19,1.0
2012-10-20,0.999
2012-10-21,1.006
2012-10-22,1.0
2012-10-23,1.001
2012-10-24,1.002
2012-10-25,0.997
2012-10-26,0.983
2012-10-27,0.993
2012-10-28,0.996
2012-10-29,0.999
2012-10-30,1.0
2012-10-31,1.002
2012-11-01,0.999
2012-11-02,0.989
2012-11-03,0.999
2012-11-04,1.002
2012-11-05,1.0
2012-11-06,1.001
2012-11-07,1.004
2012-11-08,1.001
2012-11-09,1.0
2012-11-10,1.001
2012-11-11,1.002
2012-11-12,1.018
2012-11-13,1.004
2012-11-14,1.002
2012-11-15,1.002
2012-11-16,1.005
2012-11-17,1.003
2012-11-18,1.004
2012-11-19,1.006
2012-11-20,1.003
2012-11-21,1.007
2012-11-22,1.008
2012-11-23,1.012
2012-11-24,1.005
2012-11-25,1.014
2012-11-26,1.012
2012-11-27,1.002
2012-11-28,1.004
2012-11-29,1.005
2012-11-30,1.015
2012-12-01,1.008
2012-12-02,1.003
2012-12-03,1.005
2012-12-04,1.017
2012-12-05,1.008
2012-12-06,1.005
2012-12-07,1.01
2012-12-08,1.006
2012-12-09,1.007
2012-12-10,1.008
2012-12-11,1.007
2012-12-12,1.005
2012-12-13,1.006
2012-12-14,1.003
2012-12-15,1.002
2012-12-16,1.002
2012-12-17,0.999
2012-12-18,1.002
2012-12-19,1.009
2012-12-20,1.008
2012-12-21,1.006
2012-12-22,1.0
2012-12-23,1.0
2012-12-24,1.001
2012-12-25,1.001
2012-12-26,1.004
2012-12-27,1.003
2012-12-28,1.005
2012-12-29,1.002
2012-12-30,1.003
2012-12-31,1.012
2013-01-01,0.999
2013-01-02,0.999
2013-01-03,1.001
2013-01-04,1.002
2013-01-05,1.0
2013-01-06,1.0
2013-01-07,1.001
2013-01-08,1.006
2013-01-09,1.004
2013-01-10,1.014
2013-01-11,1.01
2013-01-12,1.006
2013-01-13,1.006
2013-01-14,1.006
2013-01-15,1.006
2013-01-16,1.008
2013-01-17,1.018
2013-01-18,1.015
2013-01-19,1.006
2013-01-20,1.008
2013-01-21,1.031
2013-01-22,1.043
2013-01-23,1.013
2013-01-24,1.023
2013-01-25,1.005
2013-01-26,1.008
2013-01-27,1.026
2013-01-28,1.02
2013-01-29,1.031
2013-01-30,1.017
2013-01-31,1.043
2013-02-01,1.055
2013-02-02,1.01
2013-02-03,1.011
2013-02-04,1.01
2013-02-05,1.011
2013-02-06,1.013
2013-02-07,1.015
2013-02-08,1.021
2013-02-09,1.019
2013-02-10,1.014
2013-02-11,1.02
2013-02-12,1.036
2013-02-13,1.039
2013-02-14,1.035
2013-02-15,1.051
2013-02-16,1.027
2013-02-17,1.024
2013-02-18,1.021
2013-02-19,1.03
2013-02-20,1.038
2013-02-21,1.027
2013-02-22,1.027
2013-02-23,1.012
2013-02-24,1.027
2013-02-25,1.631
2013-02-26,1.023
2013-02-27,1.012
2013-02-28,1.062
2013-03-01,1.028
2013-03-02,1.014
2013-03-03,1.018
2013-03-04,1.038
2013-03-05,1.053
2013-03-06,1.066
2013-03-07,1.037
2013-03-08,1.024
2013-03-09,1.048
2013-03-10,1.026
2013-03-11,1.041
2013-03-12,1.02
2013-03-13,1.029
2013-03-14,1.034
2013-03-15,1.006
2013-03-16,1.009
2013-03-17,1.019
2013-03-18,1.009
2013-03-19,1.055
2013-03-20,1.051
2013-03-21,1.069
2013-03-22,1.056
2013-03-23,1.012
2013-03-24,1.059
2013-03-25,1.068
2013-03-26,1.03
2013-03-27,1.158
2013-03-28,1.059
2013-03-29,1.042
2013-03-30,1.045
2013-03-31,1.022
2013-04-01,1.094
2013-04-02,1.043
2013-04-03,1.096
2013-04-04,1.038
2013-04-05,1.09
2013-04-06,1.043
2013-04-07,1.074
2013-04-08,1.118
2013-04-09,1.146
2013-04-10,1.069
2013-04-11,0.901
2013-04-12,0.828
2013-04-13,1.011
2013-04-14,1.0
2013-04-15,0.952
2013-04-16,0.943
2013-04-17,1.024
2013-04-18,1.008
2013-04-19,1.042
2013-04-20,1.044
2013-04-21,1.046
2013-04-22,1.02
2013-04-23,1.04
2013-04-24,1.067
2013-04-25,1.081
2013-04-26,1.014
2013-04-27,1.048
2013-04-28,1.029
2013-04-29,1.026
2013-04-30,1.023
2013-05-01,0.98
2013-05-02,0.974
2013-05-03,0.959
2013-05-04,1.01
2013-05-05,1.024
2013-05-06,1.018
2013-05-07,0.998
2013-05-08,1.002
2013-05-09,1.003
2013-05-10,0.998
2013-05-11,1.029
2013-05-12,1.011
2013-05-13,1.006
2013-05-14,0.999
2013-05-15,1.012
2013-05-16,1.003
2013-05-17,1.009
2013-05-18,1.035
2013-05-19,1.01
2013-05-20,1.012
2013-05-21,1.007
2013-05-22,1.01
2013-05-23,1.015
2013-05-24,1.027
2013-05-25,1.065
2013-05-26,1.011
2013-05-27,1.013
2013-05-28,1.01
2013-05-29,1.025
2013-05-30,1.021
2013-05-31,1.02
2013-06-01,1.017
2013-06-02,1.014
2013-06-03,1.007
2013-06-04,1.013
2013-06-05,1.019
2013-06-06,1.036
2013-06-07,0.994
2013-06-08,0.992
2013-06-09,0.982
2013-06-10,0.995
2013-06-11,1.016
2013-06-12,1.001
2013-06-13,0.991
2013-06-14,0.99
2013-06-15,0.996
2013-06-16,0.999
2013-06-17,0.995
2013-06-18,1.002
2013-06-19,1.005
2013-06-20,1.0
2013-06-21,0.993
2013-06-22,0.996
2013-06-23,0.993
2013-06-24,1.001
2013-06-25,1.004
2013-06-26,1.0
2013-06-27,0.993
2013-06-28,0.977
2013-06-29,1.0
2013-06-30,0.98
2013-07-01,1.003
2013-07-02,1.005
2013-07-03,0.981
2013-07-04,0.978
2013-07-05,0.942
2013-07-06,0.916
2013-07-07,0.989
2013-07-08,1.004
2013-07-09,0.994
2013-07-10,1.026
2013-07-11,1.006
2013-07-12,1.023
2013-07-13,1.018
2013-07-14,1.008
2013-07-15,1.007
2013-07-16,0.998
2013-07-17,0.994
2013-07-18,0.977
2013-07-19,0.99
2013-07-20,0.992
2013-07-21,0.993
2013-07-22,0.997
2013-07-23,1.001
2013-07-24,1.002
2013-07-25,1.006
2013-07-26,1.002
2013-07-27,1.002
2013-07-28,1.006
2013-07-29,0.989
2013-07-30,1.007
2013-07-31,1.019
2013-08-01,1.004
2013-08-02,1.021
2013-08-03,1.067
2013-08-04,1.006
2013-08-05,1.014
2013-08-06,1.001
2013-08-07,1.003
2013-08-08,0.999
2013-08-09,1.0
2013-08-10,1.004
2013-08-11,1.003
2013-08-12,0.998
2013-08-13,1.022
2013-08-14,1.005
2013-08-15,1.015
2013-08-16,1.003
2013-08-17,1.006
2013-08-18,1.003
2013-08-19,1.01
2013-08-20,1.009
2013-08-21,1.01
2013-08-22,1.011
2013-08-23,1.01
2013-08-24,1.006
2013-08-25,1.014
2013-08-26,1.012
2013-08-27,1.018
2013-08-28,1.019
2013-08-29,1.007
2013-08-30,1.023
2013-08-31,1.028
2013-09-01,1.02
2013-09-02,1.022
2013-09-03,1.034
2013-09-04,1.006
2013-09-05,1.002
2013-09-06,1.003
2013-09-07,1.01
2013-09-08,1.005
2013-09-09,1.014
2013-09-10,1.014
2013-09-11,1.016
2013-09-12,1.041
2013-09-13,1.011
2013-09-14,1.034
2013-09-15,1.01
2013-09-16,1.016
2013-09-17,1.008
2013-09-18,1.013
2013-09-19,1.04
2013-09-20,1.003
2013-09-21,1.003
2013-09-22,1.019
2013-09-23,1.002
2013-09-24,1.008
2013-09-25,1.009
2013-09-26,1.007
2013-09-27,1.008
2013-09-28,1.007
2013-09-29,1.01
2013-09-30,1.01
2013-10-01,1.008
2013-10-02,0.985
2013-10-03,1.003
2013-10-04,1.011
2013-10-05,1.01
2013-10-06,1.012
2013-10-07,1.069
2013-10-08,1.007
2013-10-09,1.012
2013-10-10,1.007
2013-10-11,1.009
2013-10-12,1.011
2013-10-13,1.01
2013-10-14,1.019
2013-10-15,1.022
2013-10-16,1.036
2013-10-17,1.022
2013-10-18,1.02
2013-10-19,1.037
2013-10-20,1.028
2013-10-21,1.086
2013-10-22,1.071
2013-10-23,1.075
2013-10-24,1.029
2013-10-25,1.053
2013-10-26,1.017
2013-10-27,1.033
2013-10-28,1.028
2013-10-29,1.032
2013-10-30,1.028
2013-10-31,1.031
2013-11-01,1.039
2013-11-02,1.018
2013-11-03,1.032
2013-11-04,1.107
2013-11-05,1.071
2013-11-06,1.056
2013-11-07,1.112
2013-11-08,1.102
2013-11-09,1.089
2013-11-10,1.038
2013-11-11,1.082
2013-11-12,1.067
2013-11-13,1.072
2013-11-14,1.08
2013-11-15,1.027
2013-11-16,1.033
2013-11-17,1.063
2013-11-18,1.074
2013-11-19,1.06
2013-11-20,1.058
2013-11-21,1.04
2013-11-22,1.098
2013-11-23,1.087
2013-11-24,1.035
2013-11-25,1.07
2013-11-26,1.066
2013-11-27,1.04
2013-11-28,1.042
2013-11-29,1.055
2013-11-30,1.04
2013-12-01,1.023
2013-12-02,1.036
2013-12-03,1.047
2013-12-04,1.049
2013-12-05,1.037
2013-12-06,1.016
2013-12-07,1.007
2013-12-08,1.01
2013-12-09,1.018
2013-12-10,1.036
2013-12-11,1.041
2013-12-12,1.011
2013-12-13,1.035
2013-12-14,0.989
2013-12-15,1.033
2013-12-16,1.003
2013-12-17,0.996
2013-12-18,0.989
2013-12-19,0.985
2013-12-20,1.016
2013-12-21,1.097
2013-12-22,0.934
2013-12-23,1.014
2013-12-24,1.096
2013-12-25,1.023
2013-12-26,1.032
2013-12-27,1.036
2013-12-28,1.005
2013-12-29,1.004
2013-12-30,1.0
2013-12-31,0.991
2014-01-01,0.997
2014-01-02,1.02
2014-01-03,1.022
2014-01-04,1.111
2014-01-05,1.036
2014-01-06,1.026
2014-01-07,1.016
2014-01-08,1.044
2014-01-09,1.013
2014-01-10,1.008
2014-01-11,1.082
2014-01-12,1.029
2014-01-13,1.011
2014-01-14,1.023
2014-01-15,1.041
2014-01-16,1.025
2014-01-17,1.011
2014-01-18,1.007
2014-01-19,1.014
2014-01-20,1.012
2014-01-21,1.009
2014-01-22,1.024
2014-01-23,1.007
2014-01-24,1.009
2014-01-25,1.018
2014-01-26,1.012
2014-01-27,1.005
2014-01-28,1.008
2014-01-29,1.018
2014-01-30,1.011
2014-01-31,1.007
2014-02-01,1.037
2014-02-02,1.007
2014-02-03,1.008
2014-02-04,1.001
2014-02-05,1.227
2014-02-06,1.003
2014-02-07,0.986
2014-02-08,0.993
2014-02-09,1.003
2014-02-10,0.993
2014-02-11,0.995
2014-02-12,0.987
2014-02-13,0.992
2014-02-14,1.002
2014-02-15,0.999
2014-02-16,0.993
2014-02-17,0.995
2014-02-18,0.999
2014-02-19,0.976
2014-02-20,0.989
2014-02-21,0.993
2014-02-22,0.989
2014-02-23,1.001
2014-02-24,0.958
2014-02-25,0.93
2014-02-26,1.011
2014-02-27,0.987
2014-02-28,1.023
2014-03-01,0.989
2014-03-02,0.987
2014-03-03,1.012
2014-03-04,1.005
2014-03-05,1.01
2014-03-06,1.014
2014-03-07,1.085
2014-03-08,1.001
2014-03-09,1.144
2014-03-10,1.011
2014-03-11,1.005
2014-03-12,1.015
2014-03-13,1.006
2014-03-14,0.995
2014-03-15,0.997
2014-03-16,1.003
2014-03-17,1.0
2014-03-18,1.001
2014-03-19,1.0
2014-03-20,0.991
2014-03-21,1.044
2014-03-22,0.996
2014-03-23,0.993
2014-03-24,1.001
2014-03-25,1.009
2014-03-26,1.003
2014-03-27,0.987
2014-03-28,0.982
2014-03-29,0.986
2014-03-30,0.973
2014-03-31,0.969
2014-04-01,0.992
2014-04-02,0.979
2014-04-03,0.989
2014-04-04,0.987
2014-04-05,0.95
2014-04-06,1.001
2014-04-07,0.99
2014-04-08,0.984
2014-04-09,1.002
2014-04-10,0.948
2014-04-11,0.962
2014-04-12,0.992
2014-04-13,0.994
2014-04-14,1.002
2014-04-15,1.005
2014-04-16,1.045
2014-04-17,1.013
2014-04-18,0.989
2014-04-19,1.002
2014-04-20,0.987
2014-04-21,1.0
2014-04-22,0.996
2014-04-23,1.02
2014-04-24,1.002
2014-04-25,0.983
2014-04-26,0.993
2014-04-27,0.992
2014-04-28,0.981
2014-04-29,0.992
2014-04-30,0.995
2014-05-01,0.998
2014-05-02,0.996
2014-05-03,0.993
2014-05-04,0.991
2014-05-05,0.988
2014-05-06,0.987
2014-05-07,0.997
2014-05-08,0.999
2014-05-09,1.0
2014-05-10,0.999
2014-05-11,0.995
2014-05-12,0.993
2014-05-13,0.994
2014-05-14,0.992
2014-05-15,0.981
2014-05-16,0.993
2014-05-17,0.998
2014-05-18,1.0
2014-05-19,0.994
2014-05-20,1.004
2014-05-21,1.008
2014-05-22,1.015
2014-05-23,1.006
2014-05-24,1.009
2014-05-25,1.022
2014-05-26,1.01
2014-05-27,1.068
2014-05-28,1.007
2014-05-29,1.004
2014-05-30,1.041
2014-05-31,1.021
2014-06-01,1.016
2014-06-02,1.024
2014-06-03,1.016
2014-06-04,1.006
2014-06-05,1.011
2014-06-06,1.011
2014-06-07,1.007
2014-06-08,1.008
2014-06-09,1.032
2014-06-10,1.02
2014-06-11,1.013
2014-06-12,1.103
2014-06-13,1.01
2014-06-14,0.99
2014-06-15,0.999
2014-06-16,1.006
2014-06-17,1.002
2014-06-18,1.005
2014-06-19,1.002
2014-06-20,1.001
2014-06-21,1.001
2014-06-22,1.005
2014-06-23,1.005
2014-06-24,1.005
2014-06-25,0.994
2014-06-26,1.012
2014-06-27,1.008
2014-06-28,1.006
2014-06-29,1.039
2014-06-30,1.02
2014-07-01,1.014
2014-07-02,1.018
2014-07-03,1.02
2014-07-04,1.007
2014-07-05,1.006
2014-07-06,1.006
2014-07-07,1.007
2014-07-08,1.001
2014-07-09,1.024
2014-07-10,1.006
2014-07-11,1.007
2014-07-12,1.005
2014-07-13,1.005
2014-07-14,1.001
2014-07-15,1.005
2014-07-16,1.001
2014-07-17,1.007
2014-07-18,1.006
2014-07-19,0.997
2014-07-20,1.006
2014-07-21,1.018
2014-07-22,1.006
2014-07-23,1.017
2014-07-24,1.002
2014-07-25,1.001
2014-07-26,0.999
2014-07-27,1.003
2014-07-28,0.995
2014-07-29,0.995
2014-07-30,0.989
2014-07-31,1.008
2014-08-01,1.019
2014-08-02,1.004
2014-08-03,0.998
2014-08-04,1.018
2014-08-05,1.081
2014-08-06,1.001
2014-08-07,1.006
2014-08-08,1.005
2014-08-09,1.006
2014-08-10,1.005
2014-08-11,1.0
2014-08-12,0.998
2014-08-13,0.996
2014-08-14,0.977
2014-08-15,0.991
2014-08-16,0.997
2014-08-17,1.001
2014-08-18,0.975
2014-08-19,0.993
2014-08-20,1.001
2014-08-21,0.999
2014-08-22,1.0
2014-08-23,0.989
2014-08-24,0.998
2014-08-25,0.998
2014-08-26,1.001
2014-08-27,1.0
2014-08-28,0.947
2014-08-29,0.991
2014-08-30,0.998
2014-08-31,0.997
2014-09-01,1.002
2014-09-02,0.986
2014-09-03,0.994
2014-09-04,1.002
2014-09-05,1.006
2014-09-06,1.004
2014-09-07,0.979
2014-09-08,0.99
2014-09-09,0.978
2014-09-10,0.992
2014-09-11,0.991
2014-09-12,0.983
2014-09-13,0.998
2014-09-14,1.0
2014-09-15,0.99
2014-09-16,0.991
2014-09-17,0.992
2014-09-18,0.972
2014-09-19,0.96
2014-09-20,0.969
2014-09-21,0.949
2014-09-22,0.984
2014-09-23,0.991
2014-09-24,0.995
2014-09-25,0.99
2014-09-26,0.968
2014-09-27,0.988
2014-09-28,0.991
2014-09-29,0.955
2014-09-30,0.981
2014-10-01,0.981
2014-10-02,0.981
2014-10-03,0.946
2014-10-04,0.962
2014-10-05,0.978
2014-10-06,0.908
2014-10-07,0.973
2014-10-08,1.004
2014-10-09,0.989
2014-10-10,0.987
2014-10-11,0.979
2014-10-12,0.978
2014-10-13,1.018
2014-10-14,1.007
2014-10-15,0.978
2014-10-16,0.999
2014-10-17,0.984
2014-10-18,1.003
2014-10-19,1.0
2014-10-20,0.995
2014-10-21,0.996
2014-10-22,0.994
2014-10-23,0.987
2014-10-24,0.977
2014-10-25,0.987
2014-10-26,0.994
2014-10-27,0.989
2014-10-28,0.994
2014-10-29,0.978
2014-10-30,0.983
2014-10-31,0.985
2014-11-01,0.987
2014-11-02,0.983
2014-11-03,0.988
2014-11-04,0.983
2014-11-05,0.994
2014-11-06,1.023
2014-11-07,0.989
2014-11-08,1.0
2014-11-09,0.979
2014-11-10,1.003
2014-11-11,0.994
2014-11-12,1.014
2014-11-13,1.021
2014-11-14,0.995
2014-11-15,0.994
2014-11-16,1.0
2014-11-17,0.992
2014-11-18,0.993
2014-11-19,0.989
2014-11-20,0.982
2014-11-21,0.991
2014-11-22,0.997
2014-11-23,0.997
2014-11-24,1.002
2014-11-25,0.997
2014-11-26,0.994
2014-11-27,0.997
2014-11-28,0.915
2014-11-29,0.998
2014-11-30,1.0
2014-12-01,0.998
2014-12-02,0.989
2014-12-03,0.999
2014-12-04,0.966
2014-12-05,0.998
2014-12-06,0.998
2014-12-07,0.997
2014-12-08,0.944
2014-12-09,0.998
2014-12-10,0.98
2014-12-11,0.993
2014-12-12,0.994
2014-12-13,0.994
2014-12-14,0.996
2014-12-15,0.99
2014-12-16,0.991
2014-12-17,0.987
2014-12-18,0.983
2014-12-19,0.981
2014-12-20,0.988
2014-12-21,0.965
2014-12-22,0.994
2014-12-23,0.955
2014-12-24,0.995
2014-12-25,0.994
2014-12-26,0.995
2014-12-27,0.992
2014-12-28,0.984
2014-12-29,0.987
2014-12-30,0.947
2014-12-31,0.977
2015-01-01,0.996
2015-01-02,0.994
2015-01-03,0.967
2015-01-04,0.973
2015-01-05,0.971
2015-01-06,0.992
2015-01-07,0.987
2015-01-08,0.98
2015-01-09,0.973
2015-01-10,0.986
2015-01-11,0.993
2015-01-12,0.98
2015-01-13,0.965
2015-01-14,0.939
2015-01-15,0.991
2015-01-16,0.986
2015-01-17,0.98
2015-01-18,0.99
2015-01-19,0.988
2015-01-20,0.987
2015-01-21,0.92
2015-01-22,1.0
2015-01-23,0.994
2015-01-24,1.001
2015-01-25,1.0
2015-01-26,0.985
2015-01-27,0.99
2015-01-28,1.013
2015-01-29,0.976
2015-01-30,0.976
2015-01-31,0.964
2015-02-01,0.987
2015-02-02,0.986
2015-02-03,0.996
2015-02-04,0.985
2015-02-05,0.982
2015-02-06,0.992
2015-02-07,0.99
2015-02-08,0.989
2015-02-09,0.98
2015-02-10,0.987
2015-02-11,0.977
2015-02-12,0.991
2015-02-13,1.0
2015-02-14,0.999
2015-02-15,0.998
2015-02-16,0.988
2015-02-17,0.997
2015-02-18,0.995
2015-02-19,0.95
2015-02-20,1.032
2015-02-21,0.998
2015-02-22,0.984
2015-02-23,0.984
2015-02-24,0.987
2015-02-25,0.973
2015-02-26,0.995
2015-02-27,1.002
2015-02-28,0.991
2015-03-01,1.006
2015-03-02,1.001
2015-03-03,0.982
2015-03-04,1.007
2015-03-05,0.989
2015-03-06,1.003
2015-03-07,0.982
2015-03-08,0.99
2015-03-09,0.984
2015-03-10,1.03
2015-03-11,1.008
2015-03-12,1.023
2015-03-13,0.981
2015-03-14,0.998
2015-03-15,0.997
2015-03-16,0.995
2015-03-17,1.002
2015-03-18,0.989
2015-03-19,0.973
2015-03-20,0.991
2015-03-21,0.994
2015-03-22,0.991
2015-03-23,0.994
2015-03-24,0.985
2015-03-25,0.985
2015-03-26,0.991
2015-03-27,0.99
2015-03-28,0.995
2015-03-29,0.99
2015-03-30,0.989
2015-03-31,0.992
2015-04-01,0.962
2015-04-02,1.001
2015-04-03,0.992
2015-04-04,1.0
2015-04-05,0.999
2015-04-06,0.999
2015-04-07,0.995
2015-04-08,0.993
2015-04-09,0.983
2015-04-10,0.957
2015-04-11,0.992
2015-04-12,0.983
2015-04-13,0.977
2015-04-14,0.98
2015-04-15,0.93
2015-04-16,0.994
2015-04-17,0.991
2015-04-18,0.995
2015-04-19,0.997
2015-04-20,0.992
2015-04-21,0.991
2015-04-22,0.998
2015-04-23,1.0
2015-04-24,0.994
2015-04-25,0.995
2015-04-26,0.99
2015-04-27,0.991
2015-04-28,0.996
2015-04-29,0.996
2015-04-30,1.001
2015-05-01,0.998
2015-05-02,0.998
2015-05-03,1.003
2015-05-04,0.999
2015-05-05,0.994
2015-05-06,0.997
2015-05-07,0.995
2015-05-08,1.001
2015-05-09,0.999
2015-05-10,0.997
2015-05-11,0.988
2015-05-12,0.994
2015-05-13,0.997
2015-05-14,0.993
2015-05-15,0.997
2015-05-16,0.996
2015-05-17,0.997
2015-05-18,0.993
2015-05-19,0.995
2015-05-20,0.997
2015-05-21,0.997
2015-05-22,0.996
2015-05-23,0.996
2015-05-24,0.999
2015-05-25,0.991
2015-05-26,0.996
2015-05-27,0.993
2015-05-28,0.991
2015-05-29,0.998
2015-05-30,0.943
2015-05-31,0.99
2015-06-01,0.987
2015-06-02,0.99
2015-06-03,0.992
2015-06-04,0.995
2015-06-05,0.997
2015-06-06,0.998
2015-06-07,0.986
2015-06-08,0.998
2015-06-09,0.999
2015-06-10,0.994
2015-06-11,0.993
2015-06-12,1.001
2015-06-13,0.992
2015-06-14,0.997
2015-06-15,1.0
2015-06-16,1.005
2015-06-17,1.001
2015-06-18,0.998
2015-06-19,1.001
2015-06-20,0.999
2015-06-21,1.001
2015-06-22,1.0
2015-06-23,0.998
2015-06-24,0.994
2015-06-25,0.994
2015-06-26,0.998
2015-06-27,1.001
2015-06-28,1.002
2015-06-29,1.003
2015-06-30,1.007
2015-07-01,1.0
2015-07-02,0.997
2015-07-03,0.981
2015-07-04,1.001
2015-07-05,1.0
2015-07-06,1.005
2015-07-07,1.005
2015-07-08,1.001
2015-07-09,0.991
2015-07-10,1.007
2015-07-11,1.004
2015-07-12,1.014
2015-07-13,0.998
2015-07-14,1.001
2015-07-15,1.002
2015-07-16,0.995
2015-07-17,1.001
2015-07-18,0.995
2015-07-19,0.998
2015-07-20,0.987
2015-07-21,0.998
2015-07-22,0.999
2015-07-23,1.001
2015-07-24,1.004
2015-07-25,1.008
2015-07-26,1.006
2015-07-27,1.002
2015-07-28,1.002
2015-07-29,0.998
2015-07-30,0.996
2015-07-31,1.002
2015-08-01,0.998
2015-08-02,0.999
2015-08-03,1.0
2015-08-04,0.995
2015-08-05,0.999
2015-08-06,0.998
2015-08-07,0.998
2015-08-08,1.002
2015-08-09,0.942
2015-08-10,0.995
2015-08-11,0.998
2015-08-12,0.999
2015-08-13,0.996
2015-08-14,0.993
2015-08-15,0.994
2015-08-16,0.989
2015-08-17,0.995
2015-08-18,0.989
2015-08-19,0.979
2015-08-20,0.986
2015-08-21,0.989
2015-08-22,0.99
2015-08-23,0.999
2015-08-24,0.977
2015-08-25,0.954
2015-08-26,0.979
2015-08-27,0.997
2015-08-28,0.999
2015-08-29,0.993
2015-08-30,0.996
2015-08-31,0.998
2015-09-01,0.995
2015-09-02,0.995
2015-09-03,0.99
2015-09-04,0.996
2015-09-05,0.999
2015-09-06,1.002
2015-09-07,1.001
2015-09-08,1.002
2015-09-09,0.999
2015-09-10,0.989
2015-09-11,0.998
2015-09-12,0.996
2015-09-13,0.994
2015-09-14,0.994
2015-09-15,0.996
2015-09-16,0.997
2015-09-17,0.999
2015-09-18,0.999
2015-09-19,0.997
2015-09-20,0.996
2015-09-21,0.999
2015-09-22,0.997
2015-09-23,0.987
2015-09-24,1.0
2015-09-25,0.999
2015-09-26,0.998
2015-09-27,0.998
2015-09-28,0.997
2015-09-29,1.0
2015-09-30,0.999
2015-10-01,0.997
2015-10-02,1.0
2015-10-03,1.001
2015-10-04,0.998
2015-10-05,0.999
2015-10-06,1.002
2015-10-07,0.994
2015-10-08,0.997
2015-10-09,1.0
2015-10-10,0.998
2015-10-11,0.999
2015-10-12,0.988
2015-10-13,1.002
2015-10-14,0.994
2015-10-15,1.001
2015-10-16,1.005
2015-10-17,1.006
2015-10-18,1.001
2015-10-19,1.001
2015-10-20,1.007
2015-10-21,1.002
2015-10-22,1.003
2015-10-23,1.006
2015-10-24,1.005
2015-10-25,1.009
2015-10-26,1.003
2015-10-27,1.009
2015-10-28,1.011
2015-10-29,1.013
2015-10-30,1.018
2015-10-31,1.01
2015-11-01,1.008
2015-11-02,1.016
2015-11-03,1.011
2015-11-04,1.016
2015-11-05,1.009
2015-11-06,0.998
2015-11-07,1.011
2015-11-08,0.999
2015-11-09,1.004
2015-11-10,0.988
2015-11-11,0.986
2015-11-12,1.0
2015-11-13,1.002
2015-11-14,1.0
2015-11-15,0.997
2015-11-16,0.998
2015-11-17,1.012
2015-11-18,1.001
2015-11-19,0.998
2015-11-20,0.997
2015-11-21,1.0
2015-11-22,1.002
2015-11-23,0.999
2015-11-24,0.998
2015-11-25,1.0
2015-11-26,1.008
2015-11-27,1.006
2015-11-28,1.002
2015-11-29,1.006
2015-11-30,1.011
2015-12-01,1.002
2015-12-02,1.0
2015-12-03,1.002
2015-12-04,1.002
2015-12-05,1.003
2015-12-06,1.004
2015-12-07,1.006
2015-12-08,1.005
2015-12-09,1.011
2015-12-10,1.005
2015-12-11,1.009
2015-12-12,1.003
2015-12-13,1.002
2015-12-14,1.007
2015-12-15,1.007
2015-12-16,1.003
2015-12-17,1.003
2015-12-18,1.005
2015-12-19,1.003
2015-12-20,1.0
2015-12-21,1.0
2015-12-22,1.001
2015-12-23,1.003
2015-12-24,1.003
2015-12-25,1.004
2015-12-26,0.997
2015-12-27,0.999
2015-12-28,1.0
2015-12-29,1.0
2015-12-30,1.001
2015-12-31,1.008
2016-01-01,1.003
2016-01-02,1.001
2016-01-03,1.005
2016-01-04,1.005
2016-01-05,1.003
2016-01-06,1.003
2016-01-07,1.024
2016-01-08,1.009
2016-01-09,1.004
2016-01-10,1.016
2016-01-11,1.006
2016-01-12,1.005
2016-01-13,0.997
2016-01-14,0.999
2016-01-15,0.986
2016-01-16,0.991
2016-01-17,1.0
2016-01-18,0.999
2016-01-19,1.0
2016-01-20,1.004
2016-01-21,1.001
2016-01-22,0.993
2016-01-23,1.0
2016-01-24,1.0
2016-01-25,1.0
2016-01-26,1.0
2016-01-27,1.0
2016-01-28,0.997
2016-01-29,0.997
2016-01-30,1.001
2016-01-31,0.999
2016-02-01,0.995
2016-02-02,0.998
2016-02-03,0.994
2016-02-04,1.003
2016-02-05,1.0
2016-02-06,0.998
2016-02-07,1.0
2016-02-08,0.998
2016-02-09,0.996
2016-02-10,1.001
2016-02-11,1.0
2016-02-12,1.001
2016-02-13,1.002
2016-02-14,1.004
2016-02-15,1.002
2016-02-16,1.004
2016-02-17,1.006
2016-02-18,1.002
2016-02-19,1.003
2016-02-20,1.004
2016-02-21,1.002
2016-02-22,1.002
2016-02-23,1.0
2016-02-24,1.002
2016-02-25,1.001
2016-02-26,1.002
2016-02-27,1.002
2016-02-28,1.001
2016-02-29,1.002
2016-03-01,1.002
2016-03-02,1.001
2016-03-03,1.001
2016-03-04,1.0
2016-03-05,1.0
2016-03-06,1.001
2016-03-07,1.002
2016-03-08,1.0
2016-03-09,0.998
2016-03-10,1.002
2016-03-11,1.002
2016-03-12,1.0
2016-03-13,1.001
2016-03-14,1.002
2016-03-15,1.001
2016-03-16,1.0
2016-03-17,1.001
2016-03-18,1.0
2016-03-19,0.998
2016-03-20,1.001
2016-03-21,1.002
2016-03-22,1.004
2016-03-23,1.001
2016-03-24,1.002
2016-03-25,1.002
2016-03-26,1.003
2016-03-27,1.003
2016-03-28,1.003
2016-03-29,1.0
2016-03-30,1.0
2016-03-31,1.002
2016-04-01,1.001
2016-04-02,1.002
2016-04-03,1.001
2016-04-04,1.001
2016-04-05,1.002
2016-04-06,1.004
2016-04-07,1.009
2016-04-08,1.0
2016-04-09,1.0
2016-04-10,1.007
2016-04-11,1.001
2016-04-12,1.003
2016-04-13,1.001
2016-04-14,1.001
2016-04-15,1.001
2016-04-16,1.001
2016-04-17,1.0
2016-04-18,1.0
2016-04-19,1.001
2016-04-20,1.002
2016-04-21,1.002
2016-04-22,1.002
2016-04-23,1.003
2016-04-24,1.004
2016-04-25,1.008
2016-04-26,1.006
2016-04-27,1.0
2016-04-28,1.0
2016-04-29,1.002
2016-04-30,1.002
2016-05-01,1.005
2016-05-02,1.0
2016-05-03,1.001
2016-05-04,1.001
2016-05-05,1.001
2016-05-06,1.004
2016-05-07,1.004
2016-05-08,1.002
2016-05-09,1.003
2016-05-10,1.002
2016-05-11,1.002
2016-05-12,1.001
2016-05-13,1.001
2016-05-14,1.004
2016-05-15,1.002
2016-05-16,1.0
2016-05-17,1.013
2016-05-18,1.002
2016-05-19,1.001
2016-05-20,1.001
2016-05-21,1.001
2016-05-22,1.0
2016-05-23,1.002
2016-05-24,1.001
2016-05-25,1.002
2016-05-26,1.002
2016-05-27,1.01
2016-05-28,1.01
2016-05-29,1.011
2016-05-30,1.015
2016-05-31,1.01
2016-06-01,1.008
2016-06-02,1.013
2016-06-03,1.012
2016-06-04,1.013
2016-06-05,1.008
2016-06-06,1.013
2016-06-07,1.006
2016-06-08,1.009
2016-06-09,1.006
2016-06-10,1.006
2016-06-11,1.009
2016-06-12,1.021
2016-06-13,1.035
2016-06-14,1.012
2016-06-15,1.021
2016-06-16,1.035
2016-06-17,1.013
2016-06-18,1.011
2016-06-19,1.008
2016-06-20,1.006
2016-06-21,1.002
2016-06-22,0.991
2016-06-23,0.996
2016-06-24,1.009
2016-06-25,1.009
2016-06-26,0.996
2016-06-27,1.005
2016-06-28,1.003
2016-06-29,0.998
2016-06-30,1.012
2016-07-01,1.008
2016-07-02,1.007
2016-07-03,1.001
2016-07-04,1.003
2016-07-05,1.006
2016-07-06,1.005
2016-07-07,0.997
2016-07-08,1.003
2016-07-09,1.005
2016-07-10,1.005
2016-07-11,1.006
2016-07-12,1.004
2016-07-13,1.003
2016-07-14,1.002
2016-07-15,1.002
2016-07-16,1.002
2016-07-17,1.008
2016-07-18,1.003
2016-07-19,1.005
2016-07-20,1.001
2016-07-21,1.001
2016-07-22,1.001
2016-07-23,1.0
2016-07-24,1.01
2016-07-25,1.002
2016-07-26,1.002
2016-07-27,1.003
2016-07-28,1.002
2016-07-29,1.002
2016-07-30,1.003
2016-07-31,0.997
2016-08-01,0.995
2016-08-02,0.991
2016-08-03,0.996
2016-08-04,1.003
2016-08-05,1.0
2016-08-06,0.999
2016-08-07,1.002
2016-08-08,1.0
2016-08-09,0.998
2016-08-10,0.998
2016-08-11,1.0
2016-08-12,1.0
2016-08-13,1.0
2016-08-14,0.999
2016-08-15,0.998
2016-08-16,1.001
2016-08-17,0.999
2016-08-18,1.0
2016-08-19,1.0
2016-08-20,1.008
2016-08-21,1.002
2016-08-22,1.001
2016-08-23,1.0
2016-08-24,0.999
2016-08-25,1.008
2016-08-26,1.001
2016-08-27,0.999
2016-08-28,1.0
2016-08-29,0.998
2016-08-30,1.003
2016-08-31,1.004
2016-09-01,1.0
2016-09-02,1.001
2016-09-03,1.004
2016-09-04,1.008
2016-09-05,1.003
2016-09-06,1.006
2016-09-07,1.004
2016-09-08,1.006
2016-09-09,1.004
2016-09-10,1.003
2016-09-11,1.002
2016-09-12,1.0
2016-09-13,1.005
2016-09-14,1.002
2016-09-15,1.002
2016-09-16,1.003
2016-09-17,1.001
2016-09-18,1.002
2016-09-19,1.001
2016-09-20,1.006
2016-09-21,0.999
2016-09-22,1.0
2016-09-23,1.001
2016-09-24,0.999
2016-09-25,1.004
2016-09-26,1.002
2016-09-27,1.002
2016-09-28,1.001
2016-09-29,1.001
2016-09-30,1.0
2016-10-01,1.002
2016-10-02,1.001
2016-10-03,1.005
2016-10-04,1.004
2016-10-05,1.002
2016-10-06,1.002
2016-10-07,1.002
2016-10-08,1.002
2016-10-09,1.001
2016-10-10,1.001
2016-10-11,1.006
2016-10-12,1.007
2016-10-13,1.003
2016-10-14,1.002
2016-10-15,1.001
2016-10-16,1.002
2016-10-17,1.008
2016-10-18,1.004
2016-10-19,1.002
2016-10-20,1.001
2016-10-21,1.003
2016-10-22,1.005
2016-10-23,1.003
2016-10-24,1.002
2016-10-25,1.004
2016-10-26,1.008
2016-10-27,1.007
2016-10-28,1.007
2016-10-29,1.012
2016-10-30,1.003
2016-10-31,1.008
2016-11-01,1.011
2016-11-02,1.003
2016-11-03,1.001
2016-11-04,1.001
2016-11-05,1.001
2016-11-06,1.001
2016-11-07,1.001
2016-11-08,1.004
2016-11-09,1.007
2016-11-10,1.004
2016-11-11,1.005
2016-11-12,1.002
2016-11-13,1.001
2016-11-14,1.004
2016-11-15,1.006
2016-11-16,1.013
2016-11-17,1.013
2016-11-18,1.009
2016-11-19,1.007
2016-11-20,1.002
2016-11-21,1.006
2016-11-22,1.008
2016-11-23,1.016
2016-11-24,1.013
2016-11-25,1.003
2016-11-26,1.005
2016-11-27,1.006
2016-11-28,1.006
2016-11-29,1.004
2016-11-30,1.007
2016-12-01,1.009
2016-12-02,1.012
2016-12-03,1.053
2016-12-04,1.005
2016-12-05,1.004
2016-12-06,1.004
2016-12-07,1.006
2016-12-08,1.01
2016-12-09,1.004
2016-12-10,1.012
2016-12-11,1.004
2016-12-12,1.007
2016-12-13,1.007
2016-12-14,1.006
2016-12-15,1.007
2016-12-16,1.005
2016-12-17,1.008
2016-12-18,1.008
2016-12-19,1.004
2016-12-20,1.007
2016-12-21,1.013
2016-12-22,1.016
2016-12-23,1.02
2016-12-24,1.009
2016-12-25,1.008
2016-12-26,1.012
2016-12-27,1.013
2016-12-28,1.022
2016-12-29,1.02
2016-12-30,1.01
2016-12-31,1.008
2017-01-01,1.021
2017-01-02,1.024
2017-01-03,1.018
2017-01-04,1.029
2017-01-05,1.027
2017-01-06,0.996
2017-01-07,0.996
2017-01-08,1.006
2017-01-09,1.003
2017-01-10,1.003
2017-01-11,0.994
2017-01-12,0.997
2017-01-13,1.0
2017-01-14,1.001
2017-01-15,1.001
2017-01-16,1.002
2017-01-17,1.01
2017-01-18,1.003
2017-01-19,1.004
2017-01-20,1.002
2017-01-21,1.009
2017-01-22,1.011
2017-01-23,1.007
2017-01-24,1.006
2017-01-25,1.006
2017-01-26,1.006
2017-01-27,1.005
2017-01-28,1.004
2017-01-29,1.017
2017-01-30,1.005
2017-01-31,1.009
2017-02-01,1.009
2017-02-02,1.011
2017-02-03,1.011
2017-02-04,1.006
2017-02-05,1.007
2017-02-06,1.011
2017-02-07,1.012
2017-02-08,1.01
2017-02-09,1.004
2017-02-10,1.005
2017-02-11,1.005
2017-02-12,1.009
2017-02-13,1.009
2017-02-14,1.006
2017-02-15,1.003
2017-02-16,1.004
2017-02-17,1.011
2017-02-18,1.01
2017-02-19,1.007
2017-02-20,1.008
2017-02-21,1.014
2017-02-22,1.013
2017-02-23,1.01
2017-02-24,1.028
2017-02-25,1.008
2017-02-26,1.008
2017-02-27,1.011
2017-02-28,1.009
2017-03-01,1.012
2017-03-02,1.013
2017-03-03,1.009
2017-03-04,1.009
2017-03-05,1.012
2017-03-06,1.015
2017-03-07,1.008
2017-03-08,1.003
2017-03-09,1.001
2017-03-10,1.005
2017-03-11,1.005
2017-03-12,1.011
2017-03-13,1.021
2017-03-14,1.006
2017-03-15,1.012
2017-03-16,1.005
2017-03-17,1.0
2017-03-18,0.996
2017-03-19,1.001
2017-03-20,0.999
2017-03-21,1.003
2017-03-22,1.001
2017-03-23,1.0
2017-03-24,1.0
2017-03-25,1.035
2017-03-26,1.007
2017-03-27,1.005
2017-03-28,1.007
2017-03-29,1.003
2017-03-30,1.003
2017-03-31,1.007
2017-04-01,1.004
2017-04-02,1.003
2017-04-03,1.006
2017-04-04,1.006
2017-04-05,1.006
2017-04-06,1.011
2017-04-07,1.004
2017-04-08,1.001
2017-04-09,1.012
2017-04-10,1.008
2017-04-11,1.008
2017-04-12,1.009
2017-04-13,1.002
2017-04-14,1.005
2017-04-15,1.003
2017-04-16,1.002
2017-04-17,1.008
2017-04-18,1.006
2017-04-19,1.005
2017-04-20,1.008
2017-04-21,1.006
2017-04-22,1.004
2017-04-23,1.005
2017-04-24,1.009
2017-04-25,1.006
2017-04-26,1.009
2017-04-27,1.01
2017-04-28,1.014
2017-04-29,1.008
2017-04-30,1.011
2017-05-01,1.018
2017-05-02,1.016
2017-05-03,1.013
2017-05-04,1.023
2017-05-05,1.018
2017-05-06,1.01
2017-05-07,1.01
2017-05-08,1.013
2017-05-09,1.019
2017-05-10,1.011
2017-05-11,1.022
2017-05-12,1.01
2017-05-13,1.007
2017-05-14,1.007
2017-05-15,1.008
2017-05-16,1.008
2017-05-17,1.013
2017-05-18,1.009
2017-05-19,1.018
2017-05-20,1.015
2017-05-21,1.017
2017-05-22,1.029
2017-05-23,1.021
2017-05-24,1.024
2017-05-25,1.035
2017-05-26,1.018
2017-05-27,1.0
2017-05-28,1.01
2017-05-29,1.011
2017-05-30,1.008
2017-05-31,1.015
2017-06-01,1.017
2017-06-02,1.011
2017-06-03,1.013
2017-06-04,1.009
2017-06-05,1.016
2017-06-06,1.025
2017-06-07,1.014
2017-06-08,1.017
2017-06-09,1.018
2017-06-10,1.021
2017-06-11,1.018
2017-06-12,1.021
2017-06-13,1.017
2017-06-14,1.14
2017-06-15,0.995
2017-06-16,1.01
2017-06-17,1.009
2017-06-18,1.018
2017-06-19,1.12
2017-06-20,1.014
2017-06-21,1.008
2017-06-22,1.011
2017-06-23,1.01
2017-06-24,1.003
2017-06-25,1.003
2017-06-26,1.0
2017-06-27,1.003
2017-06-28,1.01
2017-06-29,1.008
2017-06-30,1.009
2017-07-01,1.003
2017-07-02,1.007
2017-07-03,1.01
2017-07-04,1.009
2017-07-05,1.012
2017-07-06,1.008
2017-07-07,1.012
2017-07-08,1.004
2017-07-09,1.004
2017-07-10,1.0
2017-07-11,1.001
2017-07-12,1.001
2017-07-13,1.004
2017-07-14,1.0
2017-07-15,0.987
2017-07-16,0.986
2017-07-17,1.011
2017-07-18,1.01
2017-07-19,1.008
2017-07-20,1.024
2017-07-21,1.016
2017-07-22,1.019
2017-07-23,1.011
2017-07-24,1.011
2017-07-25,1.007
2017-07-26,1.003
2017-07-27,1.019
2017-07-28,1.031
2017-07-29,1.021
2017-07-30,1.015
2017-07-31,1.063
2017-08-01,1.031
2017-08-02,1.021
2017-08-03,1.035
2017-08-04,1.059
2017-08-05,1.06
2017-08-06,1.074
2017-08-07,1.055
2017-08-08,1.04
2017-08-09,1.028
2017-08-10,1.02
2017-08-11,1.017
2017-08-12,1.032
2017-08-13,1.033
2017-08-14,1.032
2017-08-15,1.02
2017-08-16,1.019
2017-08-17,1.03
2017-08-18,1.018
2017-08-19,1.025
2017-08-20,1.039
2017-08-21,1.013
2017-08-22,1.024
2017-08-23,1.025
2017-08-24,1.02
2017-08-25,1.027
2017-08-26,1.023
2017-08-27,1.022
2017-08-28,1.022
2017-08-29,1.038
2017-08-30,1.026
2017-08-31,1.04
2017-09-01,1.036
2017-09-02,1.023
2017-09-03,1.018
2017-09-04,1.014
2017-09-05,1.003
2017-09-06,1.017
2017-09-07,1.03
2017-09-08,1.005
2017-09-09,1.005
2017-09-10,1.015
2017-09-11,1.004
2017-09-12,1.006
2017-09-13,0.994
2017-09-14,0.988
2017-09-15,0.998
2017-09-16,1.007
2017-09-17,1.002
2017-09-18,1.01
2017-09-19,1.008
2017-09-20,1.007
2017-09-21,1.0
2017-09-22,1.002
2017-09-23,1.008
2017-09-24,1.001
2017-09-25,1.038
2017-09-26,1.009
2017-09-27,1.012
2017-09-28,1.013
2017-09-29,1.008
2017-09-30,1.02
2017-10-01,1.013
2017-10-02,1.018
2017-10-03,1.011
2017-10-04,1.01
2017-10-05,1.027
2017-10-06,1.016
2017-10-07,1.014
2017-10-08,1.022
2017-10-09,1.023
2017-10-10,1.024
2017-10-11,1.013
2017-10-12,1.026
2017-10-13,1.043
2017-10-14,1.023
2017-10-15,1.025
2017-10-16,1.025
2017-10-17,1.014
2017-10-18,1.011
2017-10-19,1.028
2017-10-20,1.019
2017-10-21,1.021
2017-10-22,1.033
2017-10-23,1.035
2017-10-24,1.016
2017-10-25,1.013
2017-10-26,1.017
2017-10-27,1.013
2017-10-28,1.01
2017-10-29,1.017
2017-10-30,1.022
2017-10-31,1.02
2017-11-01,1.03
2017-11-02,1.039
2017-11-03,1.021
2017-11-04,1.006
2017-11-05,1.009
2017-11-06,1.014
2017-11-07,1.011
2017-11-08,1.011
2017-11-09,1.025
2017-11-10,1.018
2017-11-11,1.021
2017-11-12,1.063
2017-11-13,1.015
2017-11-14,1.009
2017-11-15,1.019
2017-11-16,1.023
2017-11-17,1.024
2017-11-18,1.016
2017-11-19,1.008
2017-11-20,1.016
2017-11-21,1.02
2017-11-22,1.011
2017-11-23,1.012
2017-11-24,1.024
2017-11-25,1.025
2017-11-26,1.04
2017-11-27,1.037
2017-11-28,1.039
2017-11-29,1.038
2017-11-30,1.019
2017-12-01,1.029
2017-12-02,1.031
2017-12-03,1.026
2017-12-04,1.026
2017-12-05,1.023
2017-12-06,1.033
2017-12-07,1.087
2017-12-08,1.062
2017-12-09,1.023
2017-12-10,1.032
2017-12-11,1.038
2017-12-12,1.046
2017-12-13,1.031
2017-12-14,1.021
2017-12-15,1.028
2017-12-16,1.031
2017-12-17,1.038
2017-12-18,1.02
2017-12-19,1.026
2017-12-20,1.037
2017-12-21,1.018
2017-12-22,1.002
2017-12-23,1.019
2017-12-24,1.01
2017-12-25,1.008
2017-12-26,1.023
2017-12-27,1.027
2017-12-28,1.006
2017-12-29,1.014
2017-12-30,1.018
2017-12-31,1.004
2018-01-01,1.003
2018-01-02,1.016
2018-01-03,1.012
2018-01-04,1.018
2018-01-05,1.027
2018-01-06,1.019
2018-01-07,1.028
2018-01-08,1.002
2018-01-09,1.01
2018-01-10,1.007
2018-01-11,1.011
2018-01-12,1.01
2018-01-13,1.014
2018-01-14,1.006
2018-01-15,1.005
2018-01-16,0.989
2018-01-17,0.988
2018-01-18,0.998
2018-01-19,0.999
2018-01-20,1.008
2018-01-21,0.991
2018-01-22,0.99
2018-01-23,0.987
2018-01-24,0.999
2018-01-25,1.001
2018-01-26,1.008
2018-01-27,1.005
2018-01-28,1.01
2018-01-29,0.998
2018-01-30,0.983
2018-01-31,0.993
2018-02-01,0.982
2018-02-02,0.943
2018-02-03,0.984
2018-02-04,1.008
2018-02-05,0.958
2018-02-06,0.962
2018-02-07,0.981
2018-02-08,0.986
2018-02-09,0.986
2018-02-10,1.0
2018-02-11,0.993
2018-02-12,1.004
2018-02-13,0.991
2018-02-14,1.01
2018-02-15,1.024
2018-02-16,1.012
2018-02-17,1.012
2018-02-18,1.007
2018-02-19,1.015
2018-02-20,1.027
2018-02-21,1.007
2018-02-22,1.084
2018-02-23,1.008
2018-02-24,0.999
2018-02-25,0.993
2018-02-26,1.005
2018-02-27,1.016
2018-02-28,1.014
2018-03-01,1.008
2018-03-02,1.012
2018-03-03,1.011
2018-03-04,1.023
2018-03-05,1.03
2018-03-06,0.998
2018-03-07,0.991
2018-03-08,0.986
2018-03-09,0.946
2018-03-10,0.985
2018-03-11,1.006
2018-03-12,0.996
2018-03-13,0.994
2018-03-14,0.976
2018-03-15,0.99
2018-03-16,0.987
2018-03-17,0.994
2018-03-18,0.99
2018-03-19,0.999
2018-03-20,0.997
2018-03-21,1.004
2018-03-22,0.991
2018-03-23,0.993
2018-03-24,1.006
2018-03-25,0.983
2018-03-26,0.985
2018-03-27,0.987
2018-03-28,0.986
2018-03-29,0.959
2018-03-30,0.967
2018-03-31,0.992
2018-04-01,0.978
2018-04-02,0.992
2018-04-03,0.994
2018-04-04,0.985
2018-04-05,0.98
2018-04-06,0.979
2018-04-07,0.989
2018-04-08,0.994
2018-04-09,0.982
2018-04-10,0.982
2018-04-11,0.995
2018-04-12,1.001
2018-04-13,1.014
2018-04-14,0.999
2018-04-15,1.005
2018-04-16,0.998
2018-04-17,0.998
2018-04-18,1.002
2018-04-19,1.025
2018-04-20,1.008
2018-04-21,1.015
2018-04-22,1.009
2018-04-23,1.011
2018-04-24,1.012
2018-04-25,1.004
2018-04-26,1.017
2018-04-27,1.001
2018-04-28,1.003
2018-04-29,1.002
2018-04-30,1.006
2018-05-01,1.001
2018-05-02,1.018
2018-05-03,1.007
2018-05-04,1.01
2018-05-05,1.007
2018-05-06,1.001
2018-05-07,1.0
2018-05-08,0.999
2018-05-09,1.008
2018-05-10,1.004
2018-05-11,0.992
2018-05-12,0.996
2018-05-13,1.0
2018-05-14,1.044
2018-05-15,1.001
2018-05-16,0.988
2018-05-17,1.043
2018-05-18,0.99
2018-05-19,1.004
2018-05-20,1.002
2018-05-21,1.005
2018-05-22,0.993
2018-05-23,0.988
2018-05-24,0.997
2018-05-25,0.989
2018-05-26,0.992
2018-05-27,0.992
2018-05-28,0.986
2018-05-29,0.993
2018-05-30,0.997
2018-05-31,0.996
2018-06-01,0.994
2018-06-02,1.0
2018-06-03,1.002
2018-06-04,0.995
2018-06-05,0.992
2018-06-06,0.998
2018-06-07,0.998
2018-06-08,0.995
2018-06-09,0.994
2018-06-10,0.98
2018-06-11,0.983
2018-06-12,0.989
2018-06-13,0.975
2018-06-14,0.993
2018-06-15,0.992
2018-06-16,0.993
2018-06-17,0.989
2018-06-18,0.99
2018-06-19,0.996
2018-06-20,0.993
2018-06-21,1.003
2018-06-22,0.985
2018-06-23,0.991
2018-06-24,0.982
2018-06-25,0.992
2018-06-26,0.943
2018-06-27,0.888
2018-06-28,0.978
2018-06-29,0.988
2018-06-30,1.0
2018-07-01,0.962
2018-07-02,1.001
2018-07-03,0.995
2018-07-04,1.002
2018-07-05,0.997
2018-07-06,0.987
2018-07-07,0.997
2018-07-08,0.986
2018-07-09,0.999
2018-07-10,0.99
2018-07-11,0.984
2018-07-12,0.98
2018-07-13,0.982
2018-07-14,0.993
2018-07-15,0.999
2018-07-16,0.999
2018-07-17,1.01
2018-07-18,1.007
2018-07-19,1.007
2018-07-20,1.004
2018-07-21,1.005
2018-07-22,1.005
2018-07-23,1.011
2018-07-24,1.013
2018-07-25,1.012
2018-07-26,1.004
2018-07-27,1.004
2018-07-28,1.008
2018-07-29,1.012
2018-07-30,1.003
2018-07-31,1.0
2018-08-01,0.995
2018-08-02,0.996
2018-08-03,0.991
2018-08-04,0.989
2018-08-05,0.995
2018-08-06,0.99
2018-08-07,0.993
2018-08-08,0.983
2018-08-09,0.982
2018-08-10,0.991
2018-08-11,0.984
2018-08-12,0.992
2018-08-13,0.995
2018-08-14,0.977
2018-08-15,0.99
2018-08-16,0.997
2018-08-17,1.003
2018-08-18,0.993
2018-08-19,1.005
2018-08-20,0.997
2018-08-21,0.998
2018-08-22,1.006
2018-08-23,0.998
2018-08-24,1.001
2018-08-25,1.014
2018-08-26,1.01
2018-08-27,1.007
2018-08-28,1.006
2018-08-29,1.017
2018-08-30,0.999
2018-08-31,1.0
2018-09-01,1.004
2018-09-02,1.004
2018-09-03,1.001
2018-09-04,1.004
2018-09-05,0.988
2018-09-06,0.984
2018-09-07,0.992
2018-09-08,0.991
2018-09-09,0.992
2018-09-10,0.99
2018-09-11,0.984
2018-09-12,0.989
2018-09-13,0.988
2018-09-14,0.998
2018-09-15,0.998
2018-09-16,0.998
2018-09-17,0.994
2018-09-18,0.995
2018-09-19,0.996
2018-09-20,0.994
2018-09-21,0.986
2018-09-22,0.997
2018-09-23,1.0
2018-09-24,0.997
2018-09-25,0.987
2018-09-26,0.998
2018-09-27,0.999
2018-09-28,1.003
2018-09-29,0.994
2018-09-30,0.998
2018-10-01,0.99
2018-10-02,0.996
2018-10-03,0.991
2018-10-04,0.997
2018-10-05,0.998
2018-10-06,0.997
2018-10-07,0.998
2018-10-08,1.001
2018-10-09,0.997
2018-10-10,0.999
2018-10-11,0.948
2018-10-12,0.995
2018-10-13,0.994
2018-10-14,0.993
2018-10-15,1.004
2018-10-16,0.991
2018-10-17,0.992
2018-10-18,0.995
2018-10-19,1.003
2018-10-20,0.909
2018-10-21,0.999
2018-10-22,0.995
2018-10-23,0.995
2018-10-24,0.997
2018-10-25,0.995
2018-10-26,0.984
2018-10-27,0.998
2018-10-28,0.997
2018-10-29,0.993
2018-10-30,0.994
2018-10-31,0.991
2018-11-01,0.991
2018-11-02,0.998
2018-11-03,0.997
2018-11-04,0.996
2018-11-05,0.999
2018-11-06,0.998
2018-11-07,1.002
2018-11-08,1.0
2018-11-09,0.999
2018-11-10,0.998
2018-11-11,0.998
2018-11-12,0.999
2018-11-13,0.993
2018-11-14,0.984
2018-11-15,0.939
2018-11-16,0.981
2018-11-17,0.987
2018-11-18,0.992
2018-11-19,0.953
2018-11-20,0.937
2018-11-21,0.968
2018-11-22,0.97
2018-11-23,0.967
2018-11-24,0.961
2018-11-25,0.943
2018-11-26,0.952
2018-11-27,0.94
2018-11-28,0.987
2018-11-29,1.012
2018-11-30,0.982
2018-12-01,1.013
2018-12-02,0.987
2018-12-03,1.042
2018-12-04,1.057
2018-12-05,0.878
2018-12-06,0.916
2018-12-07,0.95
2018-12-08,0.977
2018-12-09,0.989
2018-12-10,0.963
2018-12-11,0.922
2018-12-12,0.972
2018-12-13,0.974
2018-12-14,0.954
2018-12-15,0.968
2018-12-16,0.975
2018-12-17,0.983
2018-12-18,0.954
2018-12-19,0.991
2018-12-20,1.001
2018-12-21,0.984
2018-12-22,0.993
2018-12-23,0.988
2018-12-24,0.993
2018-12-25,0.981
2018-12-26,0.989
2018-12-27,0.985
2018-12-28,0.954
2018-12-29,0.99
2018-12-30,0.975
2018-12-31,0.974
2019-01-01,0.979
2019-01-02,0.995
2019-01-03,0.981
2019-01-04,0.989
2019-01-05,0.996
2019-01-06,0.984
2019-01-07,0.988
2019-01-08,0.99
2019-01-09,0.998
2019-01-10,0.876
2019-01-11,0.98
2019-01-12,0.987
2019-01-13,0.985
2019-01-14,0.989
2019-01-15,1.011
2019-01-16,0.992
2019-01-17,0.983
2019-01-18,0.989
2019-01-19,0.986
2019-01-20,0.987
2019-01-21,0.993
2019-01-22,0.963
2019-01-23,0.99
2019-01-24,0.994
2019-01-25,0.992
2019-01-26,0.989
2019-01-27,0.987
2019-01-28,0.981
2019-01-29,0.987
2019-01-30,0.989
2019-01-31,0.994
2019-02-01,0.993
2019-02-02,0.995
2019-02-03,0.99
2019-02-04,0.989
2019-02-05,0.996
2019-02-06,0.993
2019-02-07,0.993
2019-02-08,0.997
2019-02-09,1.0
2019-02-10,0.997
2019-02-11,0.996
2019-02-12,0.996
2019-02-13,0.988
2019-02-14,0.998
2019-02-15,0.996
2019-02-16,0.976
2019-02-17,0.989
2019-02-18,0.997
2019-02-19,0.996
2019-02-20,1.012
2019-02-21,0.955
2019-02-22,0.999
2019-02-23,0.989
2019-02-24,0.993
2019-02-25,0.99
2019-02-26,0.998
2019-02-27,0.996
2019-02-28,0.996
2019-03-01,0.998
2019-03-02,0.996
2019-03-03,0.999
2019-03-04,0.988
2019-03-05,0.998
2019-03-06,0.999
2019-03-07,0.999
2019-03-08,0.994
2019-03-09,0.998
2019-03-10,0.994
2019-03-11,0.992
2019-03-12,0.993
2019-03-13,0.997
2019-03-14,0.996
2019-03-15,0.997
2019-03-16,0.988
2019-03-17,1.001
2019-03-18,0.998
2019-03-19,1.002
2019-03-20,0.999
2019-03-21,0.996
2019-03-22,0.997
2019-03-23,0.996
2019-03-24,0.996
2019-03-25,0.995
2019-03-26,0.994
2019-03-27,1.001
2019-03-28,1.0
2019-03-29,1.005
2019-03-30,0.999
2019-03-31,0.981
2019-04-01,1.0
2019-04-02,1.015
2019-04-03,1.02
2019-04-04,1.01
2019-04-05,1.0
2019-04-06,1.005
2019-04-07,1.005
2019-04-08,1.007
2019-04-09,1.005
2019-04-10,1.008
2019-04-11,1.0
2019-04-12,1.004
2019-04-13,1.003
2019-04-14,0.985
2019-04-15,1.0
2019-04-16,1.003
2019-04-17,1.006
2019-04-18,1.003
2019-04-19,1.018
2019-04-20,1.002
2019-04-21,0.999
2019-04-22,1.003
2019-04-23,1.008
2019-04-24,0.994
2019-04-25,1.0
2019-04-26,0.988
2019-04-27,0.996
2019-04-28,1.003
2019-04-29,0.994
2019-04-30,1.003
2019-05-01,0.967
2019-05-02,1.003
2019-05-03,1.011
2019-05-04,1.006
2019-05-05,1.011
2019-05-06,1.016
2019-05-07,1.009
2019-05-08,1.01
2019-05-09,1.009
2019-05-10,1.01
2019-05-11,1.044
2019-05-12,1.028
2019-05-13,1.038
2019-05-14,1.041
2019-05-15,1.029
2019-05-16,1.048
2019-05-17,0.995
2019-05-18,1.006
2019-05-19,1.021
2019-05-20,1.011
2019-05-21,1.015
2019-05-22,1.007
2019-05-23,1.008
2019-05-24,1.015
2019-05-25,1.014
2019-05-26,1.019
2019-05-27,1.023
2019-05-28,1.019
2019-05-29,1.104
2019-05-30,1.01
2019-05-31,1.006
2019-06-01,1.009
2019-06-02,1.008
2019-06-03,1.016
2019-06-04,0.969
2019-06-05,1.003
2019-06-06,0.998
2019-06-07,1.008
2019-06-08,1.002
2019-06-09,1.003
2019-06-10,1.012
2019-06-11,1.002
2019-06-12,1.01
2019-06-13,1.007
2019-06-14,1.019
2019-06-15,1.012
2019-06-16,1.017
2019-06-17,1.009
2019-06-18,1.005
2019-06-19,1.014
2019-06-20,1.006
2019-06-21,1.018
2019-06-22,1.026
2019-06-23,1.019
2019-06-24,1.019
2019-06-25,1.021
2019-06-26,1.06
2019-06-27,1.019
2019-06-28,1.04
2019-06-29,1.015
2019-06-30,1.017
2019-07-01,1.001
2019-07-02,1.007
2019-07-03,1.016
2019-07-04,1.029
2019-07-05,1.003
2019-07-06,1.01
2019-07-07,1.006
2019-07-08,1.011
2019-07-09,1.013
2019-07-10,1.027
2019-07-11,1.003
2019-07-12,1.009
2019-07-13,1.002
2019-07-14,0.996
2019-07-15,1.002
2019-07-16,0.999
2019-07-17,1.005
2019-07-18,1.006
2019-07-19,1.011
2019-07-20,1.01
2019-07-21,1.006
2019-07-22,1.0
2019-07-23,0.997
2019-07-24,1.021
2019-07-25,1.002
2019-07-26,1.004
2019-07-27,0.998
2019-07-28,0.999
2019-07-29,1.072
2019-07-30,1.002
2019-07-31,1.003
2019-08-01,1.008
2019-08-02,1.014
2019-08-03,1.015
2019-08-04,1.012
2019-08-05,1.023
2019-08-06,1.023
2019-08-07,1.025
2019-08-08,1.017
2019-08-09,1.008
2019-08-10,1.002
2019-08-11,1.012
2019-08-12,1.007
2019-08-13,1.011
2019-08-14,1.006
2019-08-15,0.996
2019-08-16,1.002
2019-08-17,0.999
2019-08-18,1.002
2019-08-19,1.005
2019-08-20,1.001
2019-08-21,1.0
2019-08-22,1.0
2019-08-23,1.057
2019-08-24,1.001
2019-08-25,1.004
2019-08-26,1.007
2019-08-27,1.007
2019-08-28,1.0
2019-08-29,0.99
2019-08-30,0.998
2019-08-31,0.998
2019-09-01,1.004
2019-09-02,1.005
2019-09-03,1.014
2019-09-04,1.007
2019-09-05,1.007
2019-09-06,1.077
2019-09-07,1.006
2019-09-08,1.006
2019-09-09,1.004
2019-09-10,1.001
2019-09-11,1.025
2019-09-12,1.005
2019-09-13,1.008
2019-09-14,1.005
2019-09-15,1.005
2019-09-16,1.001
2019-09-17,1.004
2019-09-18,1.014
2019-09-19,0.997
2019-09-20,1.004
2019-09-21,1.0
2019-09-22,1.0
2019-09-23,0.998
2019-09-24,0.996
2019-09-25,0.972
2019-09-26,0.963
2019-09-27,0.994
2019-09-28,0.987
2019-09-29,0.993
2019-09-30,0.994
2019-10-01,0.992
2019-10-02,0.994
2019-10-03,0.992
2019-10-04,0.994
2019-10-05,0.996
2019-10-06,0.992
2019-10-07,0.995
2019-10-08,1.001
2019-10-09,1.0
2019-10-10,1.0
2019-10-11,0.995
2019-10-12,1.002
2019-10-13,0.996
2019-10-14,1.072
2019-10-15,0.987
2019-10-16,0.992
2019-10-17,0.995
2019-10-18,0.994
2019-10-19,1.0
2019-10-20,1.0
2019-10-21,0.995
2019-10-22,0.998
2019-10-23,0.982
2019-10-24,0.973
2019-10-25,1.009
2019-10-26,1.032
2019-10-27,1.016
2019-10-28,1.012
2019-10-29,1.009
2019-10-30,1.001
2019-10-31,1.002
2019-11-01,1.013
2019-11-02,1.004
2019-11-03,0.999
2019-11-04,1.004
2019-11-05,0.968
2019-11-06,1.0
2019-11-07,1.003
2019-11-08,0.995
2019-11-09,0.997
2019-11-10,1.002
2019-11-11,0.998
2019-11-12,1.001
2019-11-13,1.017
2019-11-14,0.998
2019-11-15,0.998
2019-11-16,0.998
2019-11-17,1.0
2019-11-18,0.996
2019-11-19,0.994
2019-11-20,0.989
2019-11-21,0.989
2019-11-22,0.975
2019-11-23,0.981
2019-11-24,1.002
2019-11-25,0.983
2019-11-26,0.986
2019-11-27,0.984
2019-11-28,0.999
2019-11-29,0.996
2019-11-30,0.99
2019-12-01,0.991
2019-12-02,0.987
2019-12-03,0.987
2019-12-04,0.999
2019-12-05,0.992
2019-12-06,0.995
2019-12-07,1.001
2019-12-08,0.999
2019-12-09,0.997
2019-12-10,0.995
2019-12-11,0.992
2019-12-12,0.991
2019-12-13,0.996
2019-12-14,0.995
2019-12-15,0.998
2019-12-16,0.989
2019-12-17,0.991
2019-12-18,0.979
2019-12-19,1.001
2019-12-20,1.002
2019-12-21,0.998
2019-12-22,1.0
2019-12-23,1.002
2019-12-24,1.002
2019-12-25,0.961
2019-12-26,0.996
2019-12-27,0.995
2019-12-28,0.998
2019-12-29,0.974
2019-12-30,1.001
2019-12-31,0.994
2020-01-01,0.998
2020-01-02,0.997
2020-01-03,1.001
2020-01-04,0.996
2020-01-05,1.002
2020-01-06,1.004
2020-01-07,1.009
2020-01-08,1.01
2020-01-09,1.006
2020-01-10,1.002
2020-01-11,1.003
2020-01-12,1.005
2020-01-13,1.006
2020-01-14,1.024
2020-01-15,1.012
2020-01-16,1.012
2020-01-17,1.01
2020-01-18,1.008
2020-01-19,1.001
2020-01-20,0.999
2020-01-21,1.004
2020-01-22,1.002
2020-01-23,1.001
2020-01-24,1.006
2020-01-25,1.002
2020-01-26,1.004
2020-01-27,1.005
2020-01-28,1.01
2020-01-29,1.027
2020-01-30,1.012
2020-01-31,1.017
2020-02-01,1.005
2020-02-02,1.0
2020-02-03,1.004
2020-02-04,1.003
2020-02-05,1.01
2020-02-06,1.017
2020-02-07,1.026
2020-02-08,1.016
2020-02-09,1.018
2020-02-10,1.028
2020-02-11,1.015
2020-02-12,1.013
2020-02-13,1.011
2020-02-14,1.009
2020-02-15,1.002
2020-02-16,1.004
2020-02-17,1.019
2020-02-18,1.011
2020-02-19,1.007
2020-02-20,0.997
2020-02-21,1.004
2020-02-22,1.004
2020-02-23,1.008
2020-02-24,1.004
2020-02-25,1.015
2020-02-26,0.989
2020-02-27,0.99
2020-02-28,0.995
2020-02-29,0.996
2020-03-01,0.993
2020-03-02,1.005
2020-03-03,1.006
2020-03-04,0.981
2020-03-05,1.003
2020-03-06,1.003
2020-03-07,1.001
2020-03-08,0.991
2020-03-09,0.978
2020-03-10,0.987
2020-03-11,0.978
2020-03-12,0.909
2020-03-13,0.916
2020-03-14,0.96
2020-03-15,0.968
2020-03-16,0.943
2020-03-17,0.964
2020-03-18,0.983
2020-03-19,1.001
2020-03-20,0.991
2020-03-21,0.993
2020-03-22,1.002
2020-03-23,0.992
2020-03-24,1.015
2020-03-25,0.995
2020-03-26,1.002
2020-03-27,0.998
2020-03-28,0.985
2020-03-29,0.98
2020-03-30,0.992
2020-03-31,0.995
2020-04-01,0.943
2020-04-02,1.003
2020-04-03,1.001
2020-04-04,1.0
2020-04-05,1.001
2020-04-06,1.015
2020-04-07,0.976
2020-04-08,1.008
2020-04-09,1.003
2020-04-10,0.951
2020-04-11,0.996
2020-04-12,0.999
2020-04-13,0.992
2020-04-14,0.999
2020-04-15,0.994
2020-04-16,0.999
2020-04-17,1.002
2020-04-18,1.004
2020-04-19,1.001
2020-04-20,0.993
2020-04-21,0.993
2020-04-22,1.002
2020-04-23,1.01
2020-04-24,1.008
2020-04-25,1.005
2020-04-26,1.005
2020-04-27,1.025
2020-04-28,1.004
2020-04-29,1.037
2020-04-30,1.023
2020-05-01,1.017
2020-05-02,1.015
2020-05-03,1.023
2020-05-04,1.009
2020-05-05,1.005
2020-05-06,1.025
2020-05-07,1.04
2020-05-08,1.024
2020-05-09,1.004
2020-05-10,0.991
2020-05-11,0.993
2020-05-12,0.995
2020-05-13,1.011
2020-05-14,1.014
2020-05-15,1.009
2020-05-16,1.005
2020-05-17,1.011
2020-05-18,1.018
2020-05-19,1.012
2020-05-20,1.008
2020-05-21,0.996
2020-05-22,1.0
2020-05-23,1.005
2020-05-24,1.002
2020-05-25,0.989
2020-05-26,0.998
2020-05-27,1.005
2020-05-28,1.005
2020-05-29,1.007
2020-05-30,1.006
2020-05-31,1.004
2020-06-01,1.015
2020-06-02,1.009
2020-06-03,1.005
2020-06-04,1.006
2020-06-05,1.005
2020-06-06,1.006
2020-06-07,1.005
2020-06-08,1.019
2020-06-09,1.007
2020-06-10,1.005
2020-06-11,1.0
2020-06-12,1.002
2020-06-13,1.002
2020-06-14,1.004
2020-06-15,0.996
2020-06-16,1.005
2020-06-17,1.002
2020-06-18,1.039
2020-06-19,1.0
2020-06-20,1.003
2020-06-21,1.006
2020-06-22,1.006
2020-06-23,1.006
2020-06-24,0.998
2020-06-25,0.998
2020-06-26,1.029
2020-06-27,1.0
2020-06-28,1.0
2020-06-29,1.002
2020-06-30,1.005
2020-07-01,1.002
2020-07-02,1.0
2020-07-03,1.001
2020-07-04,1.001
2020-07-05,1.0
2020-07-06,1.003
2020-07-07,1.003
2020-07-08,1.014
2020-07-09,1.004
2020-07-10,1.0
2020-07-11,1.001
2020-07-12,1.001
2020-07-13,1.002
2020-07-14,1.006
2020-07-15,1.006
2020-07-16,1.0
2020-07-17,1.0
2020-07-18,1.001
2020-07-19,1.003
2020-07-20,1.001
2020-07-21,1.004
2020-07-22,1.007
2020-07-23,1.008
2020-07-24,1.005
2020-07-25,1.007
2020-07-26,1.01
2020-07-27,1.029
2020-07-28,1.028
2020-07-29,1.018
2020-07-30,1.015
2020-07-31,1.017
2020-08-01,1.018
2020-08-02,1.01
2020-08-03,1.031
2020-08-04,1.009
2020-08-05,1.025
2020-08-06,1.034
2020-08-07,1.028
2020-08-08,1.024
2020-08-09,1.016
2020-08-10,1.014
2020-08-11,1.017
2020-08-12,1.011
2020-08-13,1.013
2020-08-14,1.011
2020-08-15,1.005
2020-08-16,1.004
2020-08-17,1.011
2020-08-18,1.005
2020-08-19,1.003
2020-08-20,1.005
2020-08-21,1.007
2020-08-22,1.002
2020-08-23,1.002
2020-08-24,1.005
2020-08-25,1.003
2020-08-26,1.003
2020-08-27,1.002
2020-08-28,1.005
2020-08-29,1.001
2020-08-30,1.004
2020-08-31,1.005
2020-09-01,1.008
2020-09-02,1.002
2020-09-03,0.999
2020-09-04,0.999
2020-09-05,0.997
2020-09-06,0.999
2020-09-07,0.998
2020-09-08,0.999
2020-09-09,1.0
2020-09-10,1.0
2020-09-11,0.999
2020-09-12,1.0
2020-09-13,1.0
2020-09-14,1.002
2020-09-15,1.003
2020-09-16,1.004
2020-09-17,1.001
2020-09-18,1.002
2020-09-19,1.003
2020-09-20,1.001
2020-09-21,0.999
2020-09-22,1.003
2020-09-23,0.999
2020-09-24,0.999
2020-09-25,1.002
2020-09-26,1.002
2020-09-27,1.001
2020-09-28,1.002
2020-09-29,1.006
2020-09-30,1.001
2020-10-01,1.001
2020-10-02,1.0
2020-10-03,1.0
2020-10-04,1.001
2020-10-05,1.002
2020-10-06,1.001
2020-10-07,1.002
2020-10-08,1.004
2020-10-09,1.005
2020-10-10,1.004
2020-10-11,1.003
2020-10-12,1.004
2020-10-13,1.004
2020-10-14,1.004
2020-10-15,1.004
2020-10-16,1.002
2020-10-17,1.001
2020-10-18,1.002
2020-10-19,1.008
2020-10-20,1.005
2020-10-21,1.009
2020-10-22,1.018
2020-10-23,1.009
2020-10-24,1.01
2020-10-25,1.006
2020-10-26,1.004
2020-10-27,1.012
2020-10-28,1.007
2020-10-29,1.009
2020-10-30,1.005
2020-10-31,1.01
2020-11-01,1.007
2020-11-02,1.009
2020-11-03,1.042
2020-11-04,1.013
2020-11-05,1.022
2020-11-06,1.013
2020-11-07,1.008
2020-11-08,1.023
2020-11-09,1.01
2020-11-10,1.009
2020-11-11,1.01
2020-11-12,1.017
2020-11-13,1.017
2020-11-14,1.007
2020-11-15,1.005
2020-11-16,1.006
2020-11-17,1.016
2020-11-18,1.025
2020-11-19,1.01
2020-11-20,1.03
2020-11-21,1.018
2020-11-22,1.007
2020-11-23,1.014
2020-11-24,1.02
2020-11-25,1.011
2020-11-26,1.009
2020-11-27,1.01
2020-11-28,1.008
2020-11-29,1.011
2020-11-30,1.022
2020-12-01,1.019
2020-12-02,1.022
2020-12-03,1.02
2020-12-04,1.011
2020-12-05,1.006
2020-12-06,1.007
2020-12-07,1.012
2020-12-08,1.011
2020-12-09,1.016
2020-12-10,1.006
2020-12-11,1.008
2020-12-12,1.015
2020-12-13,1.035
2020-12-14,1.009
2020-12-15,1.012
2020-12-16,1.023
2020-12-17,1.043
2020-12-18,1.047
2020-12-19,1.02
2020-12-20,1.029
2020-12-21,1.018
2020-12-22,1.037
2020-12-23,1.034
2020-12-24,1.028
2020-12-25,1.008
2020-12-26,1.019
2020-12-27,1.028
2020-12-28,1.074
2020-12-29,1.055
2020-12-30,1.036
2020-12-31,1.025
2021-01-01,1.042
2021-01-02,1.051
2021-01-03,1.044
2021-01-04,1.04
2021-01-05,1.038
2021-01-06,1.047
2021-01-07,1.054
2021-01-08,1.054
2021-01-09,1.046
2021-01-10,1.023
2021-01-11,1.013
2021-01-12,1.018
2021-01-13,1.019
2021-01-14,1.031
2021-01-15,1.018
2021-01-16,1.012
2021-01-17,1.01
2021-01-18,1.02
2021-01-19,1.012
2021-01-20,1.005
2021-01-21,1.001
2021-01-22,1.004
2021-01-23,1.006
2021-01-24,1.004
2021-01-25,1.006
2021-01-26,1.002
2021-01-27,1.02
2021-01-28,1.016
2021-01-29,1.022
2021-01-30,1.007
2021-01-31,1.01
2021-02-01,1.008
2021-02-02,1.015
2021-02-03,1.013
2021-02-04,1.018
2021-02-05,1.026
2021-02-06,1.015
2021-02-07,1.013
2021-02-08,1.03
2021-02-09,1.033
2021-02-10,1.026
2021-02-11,1.022
2021-02-12,1.026
2021-02-13,1.009
2021-02-14,1.01
2021-02-15,1.024
2021-02-16,1.015
2021-02-17,1.026
2021-02-18,1.029
2021-02-19,1.048
2021-02-20,1.022
2021-02-21,1.023
2021-02-22,1.02
2021-02-23,1.024
2021-02-24,1.024
2021-02-25,1.016
2021-02-26,1.023
2021-02-27,0.998
2021-02-28,1.003
2021-03-01,1.018
2021-03-02,1.012
2021-03-03,1.013
2021-03-04,1.01
2021-03-05,1.011
2021-03-06,1.006
2021-03-07,1.006
2021-03-08,1.016
2021-03-09,1.017
2021-03-10,1.02
2021-03-11,1.034
2021-03-12,1.032
2021-03-13,1.027
2021-03-14,1.023
2021-03-15,1.02
2021-03-16,1.019
2021-03-17,1.02
2021-03-18,1.013
2021-03-19,1.013
2021-03-20,1.015
2021-03-21,1.012
2021-03-22,1.016
2021-03-23,1.019
2021-03-24,1.016
2021-03-25,1.014
2021-03-26,1.022
2021-03-27,1.014
2021-03-28,1.012
2021-03-29,1.015
2021-03-30,1.021
2021-03-31,1.017
2021-04-01,1.025
2021-04-02,1.017
2021-04-03,1.006
2021-04-04,1.008
2021-04-05,1.008
2021-04-06,1.046
2021-04-07,1.007
2021-04-08,1.011
2021-04-09,1.008
2021-04-10,1.018
2021-04-11,1.009
2021-04-12,1.015
2021-04-13,1.02
2021-04-14,1.027
2021-04-15,1.018
2021-04-16,1.008
2021-04-17,1.016
2021-04-18,1.04
2021-04-19,1.006
2021-04-20,1.004
2021-04-21,1.003
2021-04-22,1.009
2021-04-23,0.998
2021-04-24,1.008
2021-04-25,1.001
2021-04-26,1.009
2021-04-27,1.013
2021-04-28,1.006
2021-04-29,1.011
2021-04-30,1.014
2021-05-01,1.007
2021-05-02,1.006
2021-05-03,1.007
2021-05-04,1.006
2021-05-05,1.01
2021-05-06,1.019
2021-05-07,1.021
2021-05-08,1.007
2021-05-09,1.013
2021-05-10,1.009
2021-05-11,1.006
2021-05-12,1.016
2021-05-13,0.999
2021-05-14,1.0
2021-05-15,1.001
2021-05-16,0.998
2021-05-17,0.992
2021-05-18,0.995
2021-05-19,0.977
2021-05-20,0.99
2021-05-21,0.991
2021-05-22,0.993
2021-05-23,0.992
2021-05-24,1.009
2021-05-25,0.993
2021-05-26,1.003
2021-05-27,0.996
2021-05-28,0.993
2021-05-29,0.994
2021-05-30,1.008
2021-05-31,0.999
2021-06-01,1.004
2021-06-02,0.996
2021-06-03,1.009
2021-06-04,0.987
2021-06-05,0.99
2021-06-06,0.998
2021-06-07,0.994
2021-06-08,0.984
2021-06-09,1.013
2021-06-10,0.999
2021-06-11,1.003
2021-06-12,0.995
2021-06-13,1.003
2021-06-14,1.012
2021-06-15,1.006
2021-06-16,1.001
2021-06-17,0.993
2021-06-18,0.995
2021-06-19,0.996
2021-06-20,0.997
2021-06-21,0.984
2021-06-22,0.991
2021-06-23,1.0
2021-06-24,1.0
2021-06-25,0.958
2021-06-26,0.993
2021-06-27,1.002
2021-06-28,1.002
2021-06-29,1.001
2021-06-30,0.995
2021-07-01,0.993
2021-07-02,0.982
2021-07-03,1.001
2021-07-04,1.002
2021-07-05,0.998
2021-07-06,0.998
2021-07-07,1.002
2021-07-08,0.996
2021-07-09,1.0
2021-07-10,0.999
2021-07-11,1.0
2021-07-12,1.003
2021-07-13,0.994
2021-07-14,0.995
2021-07-15,0.992
2021-07-16,0.994
2021-07-17,1.026
2021-07-18,0.995
2021-07-19,0.995
2021-07-20,0.996
2021-07-21,1.001
2021-07-22,1.003
2021-07-23,0.985
2021-07-24,1.002
2021-07-25,1.001
2021-07-26,1.019
2021-07-27,1.009
2021-07-28,1.01
2021-07-29,1.044
2021-07-30,1.005
2021-07-31,1.003
2021-08-01,1.001
2021-08-02,1.001
2021-08-03,0.998
2021-08-04,1.003
2021-08-05,1.003
2021-08-06,1.008
2021-08-07,1.005
2021-08-08,1.004
2021-08-09,1.011
2021-08-10,1.008
2021-08-11,1.005
2021-08-12,1.003
2021-08-13,1.009
2021-08-14,1.01
2021-08-15,1.002
2021-08-16,1.004
2021-08-17,1.002
2021-08-18,1.004
2021-08-19,1.004
2021-08-20,1.007
2021-08-21,1.004
2021-08-22,1.004
2021-08-23,1.005
2021-08-24,1.001
2021-08-25,1.009
2021-08-26,1.002
2021-08-27,1.002
2021-08-28,1.002
2021-08-29,1.001
2021-08-30,1.002
2021-08-31,1.002
2021-09-01,1.003
2021-09-02,1.003
2021-09-03,1.004
2021-09-04,1.003
2021-09-05,1.003
2021-09-06,1.003
2021-09-07,0.998
2021-09-08,1.0
2021-09-09,1.004
2021-09-10,1.0
2021-09-11,1.0
2021-09-12,1.001
2021-09-13,1.0
2021-09-14,1.001
2021-09-15,1.005
2021-09-16,1.002
2021-09-17,1.002
2021-09-18,1.002
2021-09-19,1.001
2021-09-20,0.997
2021-09-21,0.999
2021-09-22,1.001
2021-09-23,1.001
2021-09-24,0.998
2021-09-25,1.0
2021-09-26,1.021
2021-09-27,1.0
2021-09-28,0.998
2021-09-29,1.0
2021-09-30,1.002
2021-10-01,1.005
2021-10-02,1.004
2021-10-03,1.002
2021-10-04,1.003
2021-10-05,1.004
2021-10-06,1.011
2021-10-07,1.007
2021-10-08,1.003
2021-10-09,1.003
2021-10-10,1.004
2021-10-11,1.004
2021-10-12,1.006
2021-10-13,1.005
2021-10-14,1.008
2021-10-15,1.009
2021-10-16,1.005
2021-10-17,1.002
2021-10-18,1.009
2021-10-19,1.003
2021-10-20,1.009
2021-10-21,1.006
2021-10-22,1.001
2021-10-23,1.002
2021-10-24,1.005
2021-10-25,1.009
2021-10-26,1.004
2021-10-27,0.999
2021-10-28,1.006
2021-10-29,1.005
2021-10-30,1.002
2021-10-31,1.011
2021-11-01,1.005
2021-11-02,1.013
2021-11-03,1.007
2021-11-04,1.001
2021-11-05,1.004
2021-11-06,1.002
2021-11-07,1.002
2021-11-08,1.006
2021-11-09,1.005
2021-11-10,1.004
2021-11-11,1.003
2021-11-12,1.023
2021-11-13,1.002
2021-11-14,1.002
2021-11-15,1.004
2021-11-16,1.001
2021-11-17,1.002
2021-11-18,0.998
2021-11-19,1.0
2021-11-20,1.001
2021-11-21,1.001
2021-11-22,0.999
2021-11-23,1.0
2021-11-24,1.001
2021-11-25,1.011
2021-11-26,0.997
2021-11-27,0.999
2021-11-28,1.001
2021-11-29,1.004
2021-11-30,1.002
2021-12-01,1.004
2021-12-02,1.0
2021-12-03,0.998
2021-12-04,0.99
2021-12-05,0.998
2021-12-06,0.998
2021-12-07,1.005
2021-12-08,0.999
2021-12-09,0.996
2021-12-10,0.998
2021-12-11,1.001
2021-12-12,1.0
2021-12-13,0.998
2021-12-14,1.0
2021-12-15,1.0
2021-12-16,1.001
2021-12-17,0.996
2021-12-18,1.0
2021-12-19,1.0
2021-12-20,0.997
2021-12-21,1.003
2021-12-22,1.001
2021-12-23,1.003
2021-12-24,1.003
2021-12-25,0.999
2021-12-26,1.001
2021-12-27,1.002
2021-12-28,0.997
2021-12-29,0.998
2021-12-30,1.0
2021-12-31,1.0
2022-01-01,1.001
2022-01-02,1.0
2022-01-03,0.999
2022-01-04,0.998
2022-01-05,0.997
2022-01-06,0.996
2022-01-07,0.994
2022-01-08,0.998
2022-01-09,0.999
2022-01-10,0.998
2022-01-11,1.0
2022-01-12,1.001
2022-01-13,0.999
2022-01-14,1.0
2022-01-15,1.0
2022-01-16,1.0
2022-01-17,0.997
2022-01-18,0.999
2022-01-19,0.996
2022-01-20,0.999
2022-01-21,0.988
2022-01-22,0.996
2022-01-23,0.999
2022-01-24,0.996
2022-01-25,1.0
2022-01-26,0.999
2022-01-27,0.996
2022-01-28,0.996
2022-01-29,0.995
2022-01-30,0.997
2022-01-31,0.999
2022-02-01,1.016
2022-02-02,0.998
2022-02-03,0.997
2022-02-04,1.003
2022-02-05,1.002
2022-02-06,1.001
2022-02-07,1.004
2022-02-08,1.001
2022-02-09,1.001
2022-02-10,1.002
2022-02-11,1.001
2022-02-12,1.001
2022-02-13,1.0
2022-02-14,0.999
2022-02-15,1.004
2022-02-16,1.001
2022-02-17,0.998
2022-02-18,0.997
2022-02-19,1.0
2022-02-20,0.998
2022-02-21,0.998
2022-02-22,0.999
2022-02-23,1.001
2022-02-24,0.995
2022-02-25,1.0
2022-02-26,0.999
2022-02-27,1.0
2022-02-28,1.005
2022-03-01,1.004
2022-03-02,1.002
2022-03-03,1.002
2022-03-04,0.997
2022-03-05,0.999
2022-03-06,0.999
2022-03-07,0.998
2022-03-08,0.999
2022-03-09,1.002
2022-03-10,1.001
2022-03-11,0.997
2022-03-12,1.0
2022-03-13,1.0
2022-03-14,1.0
2022-03-15,0.999
2022-03-16,1.003
2022-03-17,0.999
2022-03-18,1.002
2022-03-19,1.001
2022-03-20,1.0
2022-03-21,1.0
2022-03-22,1.003
2022-03-23,1.001
2022-03-24,1.003
2022-03-25,1.013
2022-03-26,1.001
2022-03-27,1.003
2022-03-28,1.007
2022-03-29,1.004
2022-03-30,1.002
2022-03-31,0.999
2022-04-01,1.002
2022-04-02,1.0
2022-04-03,1.001
2022-04-04,1.001
2022-04-05,1.0
2022-04-06,0.998
2022-04-07,0.999
2022-04-08,0.999
2022-04-09,1.0
2022-04-10,1.0
2022-04-11,0.997
2022-04-12,1.002
2022-04-13,1.0
2022-04-14,1.002
2022-04-15,1.0
2022-04-16,1.0
2022-04-17,1.0
2022-04-18,0.999
2022-04-19,1.001
2022-04-20,1.001
2022-04-21,1.004
2022-04-22,0.998
2022-04-23,1.0
2022-04-24,1.0
2022-04-25,0.999
2022-04-26,0.998
2022-04-27,1.0
2022-04-28,1.0
2022-04-29,0.998
2022-04-30,0.998
2022-05-01,0.999
2022-05-02,0.997
2022-05-03,0.998
2022-05-04,1.001
2022-05-05,0.998
2022-05-06,0.998
2022-05-07,0.998
2022-05-08,0.998
2022-05-09,0.99
2022-05-10,0.996
2022-05-11,0.989
2022-05-12,0.995
2022-05-13,0.997
2022-05-14,1.004
2022-05-15,0.999
2022-05-16,0.997
2022-05-17,0.997
2022-05-18,0.993
2022-05-19,0.993
2022-05-20,0.992
2022-05-21,0.997
2022-05-22,1.001
2022-05-23,0.992
2022-05-24,0.997
2022-05-25,0.998
2022-05-26,0.993
2022-05-27,0.99
2022-05-28,0.999
2022-05-29,1.0
2022-05-30,1.002
2022-05-31,1.003
2022-06-01,0.993
2022-06-02,0.984
2022-06-03,0.993
2022-06-04,0.99
2022-06-05,0.997
2022-06-06,0.998
2022-06-07,0.99
2022-06-08,0.995
2022-06-09,0.989
2022-06-10,0.995
2022-06-11,0.992
2022-06-12,0.993
2022-06-13,0.98
2022-06-14,0.989
2022-06-15,0.993
2022-06-16,0.995
2022-06-17,0.992
2022-06-18,0.991
2022-06-19,0.998
2022-06-20,0.996
2022-06-21,0.993
2022-06-22,0.986
2022-06-23,0.996
2022-06-24,0.995
2022-06-25,1.003
2022-06-26,0.997
2022-06-27,0.992
2022-06-28,0.995
2022-06-29,0.995
2022-06-30,0.983
2022-07-01,0.993
2022-07-02,0.997
2022-07-03,0.995
2022-07-04,0.999
2022-07-05,0.997
2022-07-06,0.987
2022-07-07,0.999
2022-07-08,0.998
2022-07-09,0.988
2022-07-10,0.997
2022-07-11,0.986
2022-07-12,0.996
2022-07-13,0.999
2022-07-14,0.994
2022-07-15,0.98
2022-07-16,1.0
2022-07-17,0.998
2022-07-18,1.001
2022-07-19,0.992
2022-07-20,1.004
2022-07-21,0.991
2022-07-22,0.992
2022-07-23,0.995
2022-07-24,0.998
2022-07-25,0.994
2022-07-26,0.996
2022-07-27,1.001
2022-07-28,1.003
2022-07-29,1.0
2022-07-30,1.001
2022-07-31,0.997
2022-08-01,1.0
2022-08-02,0.998
2022-08-03,0.999
2022-08-04,0.996
2022-08-05,1.0
2022-08-06,1.0
2022-08-07,1.0
2022-08-08,1.001
2022-08-09,0.994
2022-08-10,1.002
2022-08-11,1.0
2022-08-12,1.001
2022-08-13,1.0
2022-08-14,0.999
2022-08-15,0.998
2022-08-16,1.0
2022-08-17,0.997
2022-08-18,0.999
2022-08-19,0.992
2022-08-20,0.999
2022-08-21,0.999
2022-08-22,0.998
2022-08-23,0.999
2022-08-24,0.998
2022-08-25,0.997
2022-08-26,0.996
2022-08-27,0.995
2022-08-28,0.999
2022-08-29,1.0
2022-08-30,0.993
2022-08-31,0.998
2022-09-01,0.997
2022-09-02,0.996
2022-09-03,0.998
2022-09-04,1.001
2022-09-05,0.999
2022-09-06,0.996
2022-09-07,0.998
2022-09-08,0.998
2022-09-09,1.003
2022-09-10,1.001
2022-09-11,0.998
2022-09-12,1.001
2022-09-13,0.983
2022-09-14,0.995
2022-09-15,0.994
2022-09-16,0.997
2022-09-17,0.998
2022-09-18,0.997
2022-09-19,0.996
2022-09-20,0.996
2022-09-21,0.997
2022-09-22,0.999
2022-09-23,0.997
2022-09-24,0.998
2022-09-25,0.997
2022-09-26,0.999
2022-09-27,0.997
2022-09-28,0.994
2022-09-29,0.997
2022-09-30,0.995
2022-10-01,0.998
2022-10-02,0.997
2022-10-03,0.998
2022-10-04,0.999
2022-10-05,0.997
2022-10-06,0.997
2022-10-07,0.995
2022-10-08,0.994
2022-10-09,0.999
2022-10-10,0.996
2022-10-11,0.997
2022-10-12,0.99
2022-10-13,0.997
2022-10-14,0.998
2022-10-15,0.997
2022-10-16,0.996
2022-10-17,0.988
2022-10-18,1.006
2022-10-19,0.995
2022-10-20,0.996
2022-10-21,0.997
2022-10-22,0.989
2022-10-23,0.999
2022-10-24,0.999
2022-10-25,1.002
2022-10-26,1.003
2022-10-27,1.0
2022-10-28,0.998
2022-10-29,1.0
2022-10-30,0.996
2022-10-31,0.998
2022-11-01,0.997
2022-11-02,0.998
2022-11-03,0.999
2022-11-04,1.006
2022-11-05,0.998
2022-11-06,0.999
2022-11-07,0.987
2022-11-08,0.984
2022-11-09,0.97
2022-11-10,0.99
2022-11-11,0.991
2022-11-12,0.977
2022-11-13,0.995
2022-11-14,0.987
2022-11-15,0.985
2022-11-16,0.975
2022-11-17,0.944
2022-11-18,0.871
2022-11-19,0.989
2022-11-20,0.99
2022-11-21,0.975
2022-11-22,0.979
2022-11-23,1.008
2022-11-24,0.986
2022-11-25,0.988
2022-11-26,0.987
2022-11-27,0.992
2022-11-28,0.967
2022-11-29,0.988
2022-11-30,0.988
2022-12-01,0.99
2022-12-02,0.982
2022-12-03,0.992
2022-12-04,0.978
2022-12-05,0.928
2022-12-06,0.99
2022-12-07,0.994
2022-12-08,0.989
2022-12-09,0.979
2022-12-10,0.999
2022-12-11,0.989
2022-12-12,0.99
2022-12-13,0.993
2022-12-14,0.988
2022-12-15,0.994
2022-12-16,0.99
2022-12-17,0.988
2022-12-18,0.994
2022-12-19,0.971
2022-12-20,0.994
2022-12-21,0.982
2022-12-22,0.99
2022-12-23,0.989
2022-12-24,0.993
2022-12-25,0.979
2022-12-26,0.996
2022-12-27,0.984
2022-12-28,0.965
2022-12-29,0.975
2022-12-30,0.99
2022-12-31,0.928
2023-01-01,0.994
2023-01-02,0.997
2023-01-03,0.988
2023-01-04,0.985
2023-01-05,0.991
2023-01-06,0.933
2023-01-07,0.993
2023-01-08,0.997
2023-01-09,0.999
2023-01-10,0.988
2023-01-11,0.98
2023-01-12,1.008
2023-01-13,1.01
2023-01-14,1.014
2023-01-15,1.004
2023-01-16,1.01
2023-01-17,1.012
2023-01-18,1.001
2023-01-19,0.992
2023-01-20,1.011
2023-01-21,1.013
2023-01-22,1.009
2023-01-23,1.005
2023-01-24,1.007
2023-01-25,1.005
2023-01-26,0.99
2023-01-27,0.989
2023-01-28,1.005
2023-01-29,1.009
2023-01-30,1.003
2023-01-31,1.006
2023-02-01,1.018
2023-02-02,1.009
2023-02-03,1.005
2023-02-04,1.012
2023-02-05,1.0
2023-02-06,1.003
2023-02-07,1.002
2023-02-08,1.004
2023-02-09,0.999
2023-02-10,0.995
2023-02-11,0.999
2023-02-12,0.998
2023-02-13,0.996
2023-02-14,0.999
2023-02-15,1.01
2023-02-16,1.014
2023-02-17,1.004
2023-02-18,1.004
2023-02-19,1.005
2023-02-20,1.006
2023-02-21,1.004
2023-02-22,0.995
2023-02-23,1.004
2023-02-24,0.998
2023-02-25,0.995
2023-02-26,1.002
2023-02-27,1.004
2023-02-28,0.982
2023-03-01,0.993
2023-03-02,0.997
2023-03-03,0.992
2023-03-04,0.999
2023-03-05,0.983
2023-03-06,0.994
2023-03-07,0.942
2023-03-08,0.995
2023-03-09,0.986
2023-03-10,0.981
2023-03-11,0.995
2023-03-12,1.0
2023-03-13,1.018
2023-03-14,1.02
2023-03-15,1.01
2023-03-16,1.01
2023-03-17,1.03
2023-03-18,1.011
2023-03-19,1.01
2023-03-20,1.011
2023-03-21,1.012
2023-03-22,1.009
2023-03-23,1.019
2023-03-24,1.006
2023-03-25,1.002
2023-03-26,1.008
2023-03-27,1.017
2023-03-28,1.004
2023-03-29,1.01
2023-03-30,0.883
2023-03-31,1.012
2023-04-01,1.007
2023-04-02,1.002
2023-04-03,1.004
2023-04-04,1.004
2023-04-05,1.007
2023-04-06,1.004
2023-04-07,0.996
2023-04-08,1.002
2023-04-09,1.002
2023-04-10,1.009
2023-04-11,1.024
2023-04-12,1.004
2023-04-13,1.014
2023-04-14,1.013
2023-04-15,1.003
2023-04-16,1.004
2023-04-17,1.0
2023-04-18,1.013
2023-04-19,1.009
2023-04-20,0.999
2023-04-21,1.002
2023-04-22,1.0
2023-04-23,1.005
2023-04-24,0.998
2023-04-25,1.0
2023-04-26,1.011
2023-04-27,1.005
2023-04-28,1.011
2023-04-29,1.003
2023-04-30,1.002
2023-05-01,0.997
2023-05-02,1.005
2023-05-03,1.022
2023-05-04,1.002
2023-05-05,1.006
2023-05-06,1.0
2023-05-07,1.075
2023-05-08,1.005
2023-05-09,0.996
2023-05-10,1.0
2023-05-11,0.997
2023-05-12,0.998
2023-05-13,0.999
2023-05-14,1.003
2023-05-15,1.023
2023-05-16,1.005
2023-05-17,1.001
2023-05-18,0.998
2023-05-19,0.996
2023-05-20,1.002
2023-05-21,1.0
2023-05-22,1.024
2023-05-23,1.003
2023-05-24,0.997
2023-05-25,1.01
2023-05-26,1.0
2023-05-27,1.0
2023-05-28,1.007
2023-05-29,1.004
2023-05-30,1.006
2023-05-31,1.0
2023-06-01,1.002
2023-06-02,1.002
2023-06-03,0.999
2023-06-04,1.0
2023-06-05,0.997
2023-06-06,1.0
2023-06-07,1.001
2023-06-08,1.0
2023-06-09,1.0
2023-06-10,0.996
2023-06-11,0.999
2023-06-12,0.997
2023-06-13,0.999
2023-06-14,1.0
2023-06-15,0.994
2023-06-16,1.001
2023-06-17,1.001
2023-06-18,1.006
2023-06-19,0.991
2023-06-20,1.0
2023-06-21,1.014
2023-06-22,1.011
2023-06-23,1.013
2023-06-24,1.01
2023-06-25,1.006
2023-06-26,1.007
2023-06-27,1.014
2023-06-28,1.013
2023-06-29,1.001
2023-06-30,1.01
2023-07-01,1.024
2023-07-02,1.005
2023-07-03,1.007
2023-07-04,1.004
2023-07-05,1.003
2023-07-06,0.986
2023-07-07,1.003
2023-07-08,1.002
2023-07-09,1.002
2023-07-10,1.004
2023-07-11,1.008
2023-07-12,1.005
2023-07-13,1.001
2023-07-14,1.003
2023-07-15,1.001
2023-07-16,1.001
2023-07-17,0.996
2023-07-18,1.005
2023-07-19,1.008
2023-07-20,1.003
2023-07-21,0.994
2023-07-22,1.001
2023-07-23,1.003
2023-07-24,0.997
2023-07-25,0.999
2023-07-26,1.0
2023-07-27,0.986
2023-07-28,0.948
2023-07-29,1.001
2023-07-30,1.0
2023-07-31,0.998
2023-08-01,1.0
2023-08-02,0.995
2023-08-03,1.001
2023-08-04,1.001
2023-08-05,1.0
2023-08-06,1.002
2023-08-07,1.0
2023-08-08,1.001
2023-08-09,1.003
2023-08-10,1.0
2023-08-11,1.003
2023-08-12,1.003
2023-08-13,1.002
2023-08-14,1.002
2023-08-15,1.001
2023-08-16,0.999
2023-08-17,0.995
2023-08-18,0.987
2023-08-19,0.996
2023-08-20,0.997
2023-08-21,0.993
2023-08-22,0.995
2023-08-23,0.997
2023-08-24,0.992
2023-08-25,0.992
2023-08-26,0.998
2023-08-27,1.002
2023-08-28,0.996
2023-08-29,0.993
2023-08-30,1.0
2023-08-31,0.996
2023-09-01,0.994
2023-09-02,0.998
2023-09-03,0.997
2023-09-04,0.997
2023-09-05,0.994
2023-09-06,0.995
2023-09-07,0.997
2023-09-08,0.998
2023-09-09,0.997
2023-09-10,0.999
2023-09-11,0.993
2023-09-12,0.998
2023-09-13,1.0
2023-09-14,1.006
2023-09-15,1.001
2023-09-16,1.0
2023-09-17,1.001
2023-09-18,1.007
2023-09-19,1.012
2023-09-20,0.999
2023-09-21,0.998
2023-09-22,0.999
2023-09-23,1.0
2023-09-24,0.999
2023-09-25,0.998
2023-09-26,0.999
2023-09-27,0.998
2023-09-28,1.002
2023-09-29,1.002
2023-09-30,1.003
2023-10-01,1.003
2023-10-02,1.003
2023-10-03,1.002
2023-10-04,1.004
2023-10-05,0.999
2023-10-06,1.004
2023-10-07,1.005
2023-10-08,1.001
2023-10-09,1.005
2023-10-10,1.0
2023-10-11,0.998
2023-10-12,0.997
2023-10-13,0.998
2023-10-14,1.009
2023-10-15,1.001
2023-10-16,1.007
2023-10-17,1.004
2023-10-18,1.004
2023-10-19,0.994
2023-10-20,1.01
2023-10-21,1.005
2023-10-22,1.004
2023-10-23,1.019
2023-10-24,1.029
2023-10-25,1.016
2023-10-26,1.022
2023-10-27,1.009
2023-10-28,1.01
2023-10-29,1.008
2023-10-30,1.01
2023-10-31,1.013
2023-11-01,1.023
2023-11-02,1.013
2023-11-03,1.011
2023-11-04,1.007
2023-11-05,1.006
2023-11-06,1.01
2023-11-07,1.013
2023-11-08,1.011
2023-11-09,1.027
2023-11-10,1.017
2023-11-11,1.007
2023-11-12,1.005
2023-11-13,1.008
2023-11-14,1.004
2023-11-15,1.015
2023-11-16,1.009
2023-11-17,1.009
2023-11-18,1.006
2023-11-19,1.007
2023-11-20,1.012
2023-11-21,1.014
2023-11-22,1.01
2023-11-23,1.007
2023-11-24,1.008
2023-11-25,1.005
2023-11-26,1.005
2023-11-27,1.003
2023-11-28,1.011
2023-11-29,1.016
2023-11-30,1.002
2023-12-01,1.014
2023-12-02,1.009
2023-12-03,1.01
2023-12-04,1.03
2023-12-05,1.021
2023-12-06,1.033
2023-12-07,1.019
2023-12-08,1.016
2023-12-09,1.01
2023-12-10,1.009
2023-12-11,1.008
2023-12-12,1.022
2023-12-13,1.01
2023-12-14,1.012
2023-12-15,1.02
2023-12-16,1.013
2023-12-17,1.004
2023-12-18,1.015
2023-12-19,1.016
2023-12-20,1.02
2023-12-21,1.013
2023-12-22,1.014
2023-12-23,1.013
2023-12-24,1.021
2023-12-25,1.008
2023-12-26,1.018
2023-12-27,1.04
2023-12-28,1.011
2023-12-29,1.016
2023-12-30,1.009
2023-12-31,1.009
2024-01-01,1.01
2024-01-02,1.023
2024-01-03,1.012
2024-01-04,1.079
2024-01-05,1.016
2024-01-06,1.008
2024-01-07,1.007
2024-01-08,1.018
2024-01-09,1.017
2024-01-10,1.01
2024-01-11,1.015
2024-01-12,1.0
2024-01-13,1.002
2024-01-14,1.002
2024-01-15,1.004
2024-01-16,1.051
2024-01-17,1.004
2024-01-18,1.018
2024-01-19,1.007
2024-01-20,1.001
2024-01-21,1.002
2024-01-22,0.999
2024-01-23,1.002
2024-01-24,1.019
2024-01-25,1.009
2024-01-26,1.007
2024-01-27,1.006
2024-01-28,1.006
2024-01-29,1.009
2024-01-30,1.023
2024-01-31,1.011
2024-02-01,1.003
2024-02-02,1.007
2024-02-03,1.002
2024-02-04,1.005
2024-02-05,1.007
2024-02-06,1.014
2024-02-07,1.009
2024-02-08,1.014
2024-02-09,1.017
2024-02-10,1.013
2024-02-11,1.013
2024-02-12,1.022
2024-02-13,1.014
2024-02-14,1.042
2024-02-15,1.017
2024-02-16,1.015
2024-02-17,1.01
2024-02-18,1.014
2024-02-19,1.035
2024-02-20,1.009
2024-02-21,1.012
2024-02-22,1.018
2024-02-23,1.022
2024-02-24,1.01
2024-02-25,1.009
2024-02-26,1.021
2024-02-27,1.038
2024-02-28,1.075
2024-02-29,1.032
2024-03-01,1.046
2024-03-02,1.011
2024-03-03,1.017
2024-03-04,1.045
2024-03-05,1.037
2024-03-06,1.087
2024-03-07,1.046
2024-03-08,1.04
2024-03-09,1.022
2024-03-10,1.024
2024-03-11,1.049
2024-03-12,1.027
2024-03-13,1.087
2024-03-14,1.024
2024-03-15,1.011
2024-03-16,1.009
2024-03-17,1.032
2024-03-18,1.015
2024-03-19,0.997
2024-03-20,1.009
2024-03-21,1.022
2024-03-22,1.021
2024-03-23,1.144
2024-03-24,1.016
2024-03-25,1.066
2024-03-26,1.012
2024-03-27,1.012
2024-03-28,1.035
2024-03-29,1.008
2024-03-30,1.011
2024-03-31,1.014
2024-04-01,1.03
2024-04-02,1.023
2024-04-03,1.013
2024-04-04,1.009
2024-04-05,1.005
2024-04-06,1.014
2024-04-07,1.01
2024-04-08,1.018
2024-04-09,1.01
2024-04-10,1.009
2024-04-11,1.011
2024-04-12,1.009
2024-04-13,0.997
2024-04-14,1.002
2024-04-15,1.004
2024-04-16,1.008
2024-04-17,0.998
2024-04-18,1.011
2024-04-19,1.013
2024-04-20,1.006
2024-04-21,1.007
2024-04-22,1.013
2024-04-23,1.007
2024-04-24,1.057
2024-04-25,1.005
2024-04-26,1.003
2024-04-27,1.006
2024-04-28,1.015
2024-04-29,1.007
2024-04-30,1.004
2024-05-01,0.987
2024-05-02,0.996
2024-05-03,1.008
2024-05-04,1.009
2024-05-05,1.006
2024-05-06,1.01
2024-05-07,1.006
2024-05-08,1.011
2024-05-09,1.005
2024-05-10,0.999
2024-05-11,1.007
2024-05-12,1.009
2024-05-13,1.008
2024-05-14,1.007
2024-05-15,1.032
2024-05-16,1.013
2024-05-17,1.013
2024-05-18,1.006
2024-05-19,1.009
2024-05-20,1.019
2024-05-21,1.022
2024-05-22,1.016
2024-05-23,1.014
2024-05-24,1.011
2024-05-25,1.01
2024-05-26,1.012
2024-05-27,1.018
2024-05-28,1.173
2024-05-29,1.006
2024-05-30,1.009
2024-05-31,1.006
2024-06-01,1.006
2024-06-02,1.006
2024-06-03,1.019
2024-06-04,1.014
2024-06-05,1.014
2024-06-06,1.03
2024-06-07,1.016
2024-06-08,1.007
2024-06-09,1.008
2024-06-10,1.007
2024-06-11,1.023
2024-06-12,1.012
2024-06-13,1.003
2024-06-14,1.004
2024-06-15,1.008
2024-06-16,1.004
2024-06-17,1.004
2024-06-18,0.999
2024-06-19,1.008
2024-06-20,1.003
2024-06-21,1.009
2024-06-22,1.076
2024-06-23,1.0
2024-06-24,0.994
2024-06-25,0.999
2024-06-26,1.001
2024-06-27,1.014
2024-06-28,1.002
2024-06-29,1.003
2024-06-30,1.007
2024-07-01,1.011
2024-07-02,1.0
2024-07-03,1.011
2024-07-04,0.993
2024-07-05,1.009
2024-07-06,1.0
2024-07-07,1.001
2024-07-08,0.991
2024-07-09,1.009
2024-07-10,1.005
2024-07-11,1.0
2024-07-12,1.003
2024-07-13,1.008
2024-07-14,1.008
2024-07-15,1.018
2024-07-16,1.012
2024-07-17,1.008
2024-07-18,1.016
2024-07-19,1.028
2024-07-20,1.01
2024-07-21,1.012
2024-07-22,1.011
2024-07-23,1.031
2024-07-24,1.007
2024-07-25,1.002
2024-07-26,1.021
2024-07-27,1.014
2024-07-28,1.016
2024-07-29,1.003
2024-07-30,1.002
2024-07-31,1.005
2024-08-01,0.999
2024-08-02,1.002
2024-08-03,0.996
2024-08-04,0.975
2024-08-05,0.994
2024-08-06,1.002
2024-08-07,1.013
2024-08-08,1.009
2024-08-09,1.026
2024-08-10,0.999
2024-08-11,1.002
2024-08-12,0.998
2024-08-13,0.998
2024-08-14,0.997
2024-08-15,1.0
2024-08-16,1.001
2024-08-17,1.002
2024-08-18,0.999
2024-08-19,1.001
2024-08-20,1.005
2024-08-21,1.005
2024-08-22,1.012
2024-08-23,1.012
2024-08-24,1.004
2024-08-25,1.006
2024-08-26,0.998
2024-08-27,1.008
2024-08-28,1.0
2024-08-29,1.0
2024-08-30,1.005
2024-08-31,0.997
2024-09-01,0.999
2024-09-02,0.997
2024-09-03,1.0
2024-09-04,0.995
2024-09-05,0.994
2024-09-06,0.996
2024-09-07,0.998
2024-09-08,1.008
2024-09-09,0.999
2024-09-10,0.999
2024-09-11,1.004
2024-09-12,1.011
2024-09-13,1.003
2024-09-14,1.002
2024-09-15,1.002
2024-09-16,1.009
2024-09-17,1.008
2024-09-18,1.016
2024-09-19,1.017
2024-09-20,1.008
2024-09-21,1.006
2024-09-22,1.017
2024-09-23,1.007
2024-09-24,1.016
2024-09-25,1.014
2024-09-26,1.013
2024-09-27,1.016
2024-09-28,1.005
2024-09-29,1.002
2024-09-30,0.999
2024-10-01,0.997
2024-10-02,0.998
2024-10-03,1.007
2024-10-04,1.004
2024-10-05,1.004
2024-10-06,1.006
2024-10-07,1.083
2024-10-08,1.001
2024-10-09,0.993
2024-10-10,1.05
2024-10-11,1.01
2024-10-12,1.008
2024-10-13,1.019
2024-10-14,1.029
2024-10-15,1.019
2024-10-16,1.017
2024-10-17,1.016
2024-10-18,1.017
2024-10-19,1.06
2024-10-20,1.04
2024-10-21,1.01
2024-10-22,1.008
2024-10-23,1.013
2024-10-24,1.012
2024-10-25,1.007
2024-10-26,1.011
2024-10-27,1.017
2024-10-28,1.028
2024-10-29,1.014
2024-10-30,1.01
2024-10-31,1.011
2024-11-01,1.013
2024-11-02,1.004
2024-11-03,1.012
2024-11-04,1.01
2024-11-05,1.037
2024-11-06,1.024
2024-11-07,1.022
2024-11-08,1.011
2024-11-09,1.027
2024-11-10,1.046
2024-11-11,1.041
2024-11-12,1.045
2024-11-13,1.054
2024-11-14,1.04
2024-11-15,1.023
2024-11-16,1.018
2024-11-17,1.03
2024-11-18,1.056
2024-11-19,1.045
2024-11-20,1.083
2024-11-21,1.051
2024-11-22,1.045
2024-11-23,1.028
2024-11-24,1.025
2024-11-25,1.023
2024-11-26,1.033
2024-11-27,1.031
2024-11-28,1.032
2024-11-29,1.014
2024-11-30,1.02
2024-12-01,1.027
2024-12-02,1.03
2024-12-03,1.036
2024-12-04,1.062
2024-12-05,1.056
2024-12-06,1.018
2024-12-07,1.018
2024-12-08,1.065
2024-12-09,1.036
2024-12-10,1.036
2024-12-11,1.021
2024-12-12,1.026
2024-12-13,1.019
2024-12-14,1.033
2024-12-15,1.043
2024-12-16,1.049
2024-12-17,1.027
2024-12-18,1.058
2024-12-19,1.023
2024-12-20,1.01
2024-12-21,1.067
2024-12-22,1.053
2024-12-23,1.042
2024-12-24,1.011
2024-12-25,1.015
2024-12-26,1.023
2024-12-27,1.011
2024-12-28,1.017
2024-12-29,1.033
2024-12-30,1.024
2024-12-31,1.024
2025-01-01,1.019
2025-01-02,1.011
2025-01-03,1.01
2025-01-04,1.007
2025-01-05,1.02
2025-01-06,1.024
2025-01-07,1.004
2025-01-08,0.999
2025-01-09,1.005
2025-01-10,1.007
2025-01-11,1.006
2025-01-12,1.003
2025-01-13,1.012
2025-01-14,1.02
2025-01-15,1.023
2025-01-16,1.023
2025-01-17,1.015
2025-01-18,1.013
2025-01-19,1.021
2025-01-20,1.022
2025-01-21,1.032
2025-01-22,1.05
2025-01-23,1.015
2025-01-24,1.01
2025-01-25,1.008
2025-01-26,1.012
2025-01-27,1.017
2025-01-28,1.008
2025-01-29,1.02
2025-01-30,1.009
2025-01-31,1.005
2025-02-01,1.001
2025-02-02,1.008
2025-02-03,1.027
2025-02-04,1.026
2025-02-05,1.019
2025-02-06,1.006
2025-02-07,1.007
2025-02-08,1.036
2025-02-09,1.008
2025-02-10,1.015
2025-02-11,1.005
2025-02-12,1.004
2025-02-13,1.008
2025-02-14,1.007
2025-02-15,1.002
2025-02-16,1.003
2025-02-17,1.005
2025-02-18,1.005
2025-02-19,1.007
2025-02-20,1.006
2025-02-21,1.008
2025-02-22,1.003
2025-02-23,1.003
2025-02-24,0.998
2025-02-25,0.995
2025-02-26,1.002
2025-02-27,0.992
2025-02-28,0.999
2025-03-01,1.012
2025-03-02,1.006
2025-03-03,0.994
2025-03-04,1.015
2025-03-05,1.012
2025-03-06,1.001
2025-03-07,1.0
2025-03-08,0.995
2025-03-09,0.997
2025-03-10,1.002
2025-03-11,1.006
2025-03-12,0.999
2025-03-13,1.009
2025-03-14,1.003
2025-03-15,1.001
2025-03-16,1.0
2025-03-17,1.0
2025-03-18,1.01
2025-03-19,1.008
2025-03-20,1.004
2025-03-21,1.002
2025-03-22,1.006
2025-03-23,1.012
2025-03-24,1.002
2025-03-25,1.007
2025-03-26,1.003
2025-03-27,1.015
2025-03-28,0.996
2025-03-29,0.995
2025-03-30,0.997
2025-03-31,0.999
2025-04-01,1.013
2025-04-02,1.021
2025-04-03,1.004
2025-04-04,1.003
2025-04-05,0.996
2025-04-06,1.001
2025-04-07,0.994
2025-04-08,1.006
2025-04-09,1.009
2025-04-10,1.004
2025-04-11,1.008
2025-04-12,1.011
2025-04-13,1.011
2025-04-14,1.009
2025-04-15,1.006
2025-04-16,0.97
2025-04-17,1.004
2025-04-18,1.001
2025-04-19,1.004
2025-04-20,1.012
2025-04-21,1.018
2025-04-22,1.033
2025-04-23,1.02
2025-04-24,1.041
2025-04-25,1.012
2025-04-26,1.008
2025-04-27,1.018
2025-04-28,1.022
2025-04-29,1.012
2025-04-30,1.017
2025-05-01,1.017
2025-05-02,1.01
2025-05-03,1.002
2025-05-04,1.024
2025-05-05,1.02
2025-05-06,1.016
2025-05-07,1.025
2025-05-08,1.026
2025-05-09,1.009
2025-05-10,1.011
2025-05-11,1.019
2025-05-12,1.033
2025-05-13,1.015
2025-05-14,1.026
2025-05-15,1.02
2025-05-16,1.007
2025-05-17,1.015
2025-05-18,1.033
2025-05-19,1.023
2025-05-20,1.027
2025-05-21,1.023
2025-05-22,1.02
2025-05-23,1.008
2025-05-24,1.011
2025-05-25,1.042
2025-05-26,1.04
2025-05-27,1.018
2025-05-28,1.024
2025-05-29,1.012
2025-05-30,1.002
2025-05-31,1.004
2025-06-01,1.03
2025-06-02,1.028
2025-06-03,1.021
2025-06-04,1.002
2025-06-05,1.008
2025-06-06,1.013
2025-06-07,1.011
2025-06-08,1.015
2025-06-09,1.018
2025-06-10,1.016
2025-06-11,1.011
2025-06-12,1.017
2025-06-13,1.005
2025-06-14,1.012
2025-06-15,1.035
2025-06-16,1.004
2025-06-17,1.008
2025-06-18,1.012
2025-06-19,1.009
2025-06-20,1.012
2025-06-21,1.003
2025-06-22,1.012
2025-06-23,1.018
2025-06-24,1.02
2025-06-25,1.03
2025-06-26,1.031
2025-06-27,1.007
2025-06-28,1.015
2025-06-29,1.037
2025-06-30,1.011
2025-07-01,1.022
2025-07-02,1.023
2025-07-03,1.178
2025-07-04,1.009
2025-07-05,1.01
2025-07-06,1.027
2025-07-07,1.035
2025-07-08,1.045
2025-07-09,1.019
2025-07-10,1.031
2025-07-11,1.026
2025-07-12,1.017
2025-07-13,1.032
2025-07-14,1.013
2025-07-15,1.063
2025-07-16,1.032
2025-07-17,1.018
2025-07-18,1.024
2025-07-19,1.01
2025-07-20,1.017
2025-07-21,1.032
2025-07-22,1.029
2025-07-23,1.019
2025-07-24,1.016
2025-07-25,1.01
2025-07-26,1.011
2025-07-27,1.017
2025-07-28,1.027
2025-07-29,1.019
2025-07-30,1.011
2025-07-31,1.005
2025-08-01,1.003
2025-08-02,1.013
2025-08-03,1.008
2025-08-04,1.009
2025-08-05,1.005
2025-08-06,1.02
2025-08-07,1.014
2025-08-08,1.007
2025-08-09,1.01
2025-08-10,1.015
2025-08-11,1.013
2025-08-12,1.018
2025-08-13,1.02
2025-08-14,1.01
2025-08-15,1.073
2025-08-16,1.006
2025-08-17,1.002
2025-08-18,1.014
2025-08-19,1.007
2025-08-20,1.006
2025-08-21,1.02
2025-08-22,1.005
2025-08-23,1.003
2025-08-24,1.004
2025-08-25,1.004
2025-08-26,1.007
2025-08-27,1.008
2025-08-29,1.013
2025-08-30,1.014
2025-08-31,1.026
2025-09-01,1.021
2025-09-02,1.021
2025-09-03,1.021
2025-09-04,1.051
2025-09-05,1.122
2025-09-06,1.034
2025-09-07,1.04
2025-09-08,1.044
2025-09-09,1.024
2025-09-10,1.039
2025-09-11,1.057
2025-09-12,1.049
2025-09-13,1.051
2025-09-14,1.008
2025-09-15,1.056
2025-09-16,1.051
2025-09-17,1.073
2025-09-18,1.055
2025-09-19,1.122
