d,lthSopr
2010-07-17,
2010-07-18,
2010-07-19,
2010-07-20,
2010-07-21,
2010-07-22,
2010-07-23,
2010-07-25,
2010-07-26,
2010-07-27,
2010-07-28,
2010-07-29,
2010-07-30,
2010-07-31,
2010-08-01,
2010-08-02,
2010-08-03,
2010-08-05,
2010-08-06,
2010-08-07,
2010-08-08,
2010-08-09,
2010-08-10,
2010-08-11,
2010-08-12,
2010-08-13,
2010-08-14,
2010-08-15,
2010-08-16,
2010-08-17,
2010-08-18,
2010-08-19,
2010-08-20,
2010-08-21,
2010-08-22,
2010-08-23,
2010-08-26,
2010-08-29,
2010-08-30,
2010-08-31,
2010-09-01,
2010-09-02,
2010-09-03,
2010-09-04,
2010-09-05,
2010-09-06,
2010-09-07,
2010-09-08,
2010-09-09,
2010-09-10,
2010-09-11,
2010-09-12,
2010-09-15,
2010-09-16,
2010-09-17,
2010-09-18,
2010-09-20,
2010-09-21,
2010-09-23,
2010-09-24,
2010-09-25,
2010-09-27,
2010-09-28,
2010-09-29,
2010-09-30,
2010-10-01,
2010-10-02,
2010-10-03,
2010-10-04,
2010-10-05,
2010-10-06,
2010-10-07,
2010-10-08,
2010-10-09,
2010-10-10,
2010-10-11,
2010-10-12,
2010-10-13,
2010-10-14,
2010-10-15,
2010-10-16,
2010-10-17,
2010-10-18,
2010-10-20,
2010-10-21,
2010-10-22,
2010-10-23,
2010-10-24,
2010-10-25,
2010-10-26,
2010-10-27,
2010-10-28,
2010-10-29,
2010-10-30,
2010-10-31,
2010-11-01,
2010-11-02,
2010-11-03,
2010-11-04,
2010-11-05,
2010-11-06,
2010-11-07,
2010-11-08,
2010-11-09,
2010-11-10,
2010-11-11,
2010-11-12,
2010-11-13,
2010-11-14,
2010-11-15,
2010-11-16,
2010-11-18,
2010-11-19,
2010-11-20,
2010-11-21,
2010-11-22,
2010-11-23,
2010-11-24,
2010-11-25,
2010-11-26,
2010-11-27,
2010-11-28,
2010-11-29,
2010-11-30,
2010-12-01,
2010-12-02,
2010-12-03,
2010-12-04,
2010-12-05,
2010-12-06,
2010-12-07,
2010-12-08,
2010-12-09,
2010-12-10,
2010-12-11,
2010-12-13,
2010-12-15,
2010-12-16,
2010-12-17,
2010-12-18,
2010-12-20,
2010-12-21,
2010-12-22,
2010-12-23,
2010-12-24,
2010-12-25,
2010-12-26,
2010-12-27,
2010-12-28,
2010-12-29,
2010-12-30,
2010-12-31,
2011-01-01,
2011-01-02,
2011-01-03,
2011-01-04,
2011-01-05,
2011-01-06,
2011-01-07,
2011-01-08,
2011-01-09,
2011-01-10,
2011-01-11,
2011-01-12,
2011-01-13,
2011-01-14,
2011-01-15,
2011-01-16,
2011-01-17,
2011-01-18,
2011-01-19,
2011-01-20,
2011-01-21,
2011-01-22,
2011-01-23,
2011-01-24,
2011-01-25,
2011-01-26,19.186
2011-01-27,1302.742
2011-01-28,126.328
2011-01-29,812.597
2011-01-30,
2011-01-31,
2011-02-01,
2011-02-02,12.755
2011-02-03,16.169
2011-02-04,15.604
2011-02-05,
2011-02-06,30.535
2011-02-07,169.773
2011-02-08,
2011-02-09,8819.385
2011-02-10,41.705
2011-02-11,107.187
2011-02-12,98.861
2011-02-13,256.751
2011-02-14,713.737
2011-02-15,25.912
2011-02-16,309.05
2011-02-17,3742.828
2011-02-18,553.305
2011-02-20,26.928
2011-02-21,192.368
2011-02-22,75.25
2011-02-24,
2011-02-25,351.352
2011-02-26,
2011-02-27,3257.531
2011-02-28,654.79
2011-03-01,38.613
2011-03-02,121.21
2011-03-03,24.428
2011-03-04,91.536
2011-03-05,
2011-03-06,4638.674
2011-03-07,25.649
2011-03-08,
2011-03-09,1094.152
2011-03-12,
2011-03-13,70.853
2011-03-14,12.214
2011-03-15,
2011-03-16,969.809
2011-03-17,361.181
2011-03-18,24.423
2011-03-19,8811.175
2011-03-20,
2011-03-21,436.814
2011-03-22,45.802
2011-03-23,229.508
2011-03-24,15.562
2011-03-26,14.778
2011-03-27,15.186
2011-03-28,252.373
2011-03-29,73.919
2011-03-30,7040.538
2011-03-31,
2011-04-02,
2011-04-03,28.451
2011-04-04,13.313
2011-04-05,238.781
2011-04-06,80.853
2011-04-07,208.002
2011-04-10,31.58
2011-04-12,546.784
2011-04-13,47.011
2011-04-14,55.822
2011-04-15,180.708
2011-04-16,14.629
2011-04-18,39.754
2011-04-21,91.013
2011-04-22,75.96
2011-04-23,59.489
2011-04-24,53.305
2011-04-25,35.359
2011-04-26,36.857
2011-04-27,36.658
2011-04-28,25.064
2011-04-29,204.563
2011-04-30,270.95
2011-05-01,77.836
2011-05-02,205.63
2011-05-03,42.631
2011-05-04,101.224
2011-05-05,1152.13
2011-05-06,24.462
2011-05-07,623.747
2011-05-08,89.759
2011-05-09,43.037
2011-05-10,134.396
2011-05-11,39.907
2011-05-12,34.516
2011-05-13,521.008
2011-05-14,45.682
2011-05-15,51.42
2011-05-16,90.544
2011-05-17,126.872
2011-05-18,28.938
2011-05-19,34.804
2011-05-20,19.539
2011-05-21,426.455
2011-05-22,398.539
2011-05-23,22.724
2011-05-24,74.891
2011-05-25,22.598
2011-05-26,27.341
2011-05-27,402.673
2011-05-28,183.721
2011-05-29,107.743
2011-05-30,19.084
2011-05-31,67.559
2011-06-01,99.312
2011-06-02,179.558
2011-06-03,304.014
2011-06-04,46.146
2011-06-05,103.576
2011-06-06,146.528
2011-06-07,59.445
2011-06-08,15.519
2011-06-09,34.843
2011-06-10,95.161
2011-06-12,105.673
2011-06-13,949.918
2011-06-14,2652.142
2011-06-15,10.479
2011-06-16,142.978
2011-06-17,27.425
2011-06-18,32.645
2011-06-19,54.778
2011-06-21,37.516
2011-06-22,11.19
2011-06-23,90990.646
2011-06-25,39.529
2011-06-26,35.701
2011-06-27,11.493
2011-06-29,25.239
2011-06-30,13.737
2011-07-01,31.555
2011-07-02,19.349
2011-07-03,108.38
2011-07-04,72.015
2011-07-05,4478.626
2011-07-06,54.826
2011-07-07,8.781
2011-07-08,210.455
2011-07-09,46.612
2011-07-10,38.439
2011-07-11,181.918
2011-07-12,10.835
2011-07-13,25.339
2011-07-14,51.514
2011-07-15,9.755
2011-07-16,75.79
2011-07-17,46.391
2011-07-18,21.19
2011-07-19,5.576
2011-07-20,7.88
2011-07-21,62.469
2011-07-22,62.041
2011-07-23,759.625
2011-07-24,53.365
2011-07-25,324.851
2011-07-26,95.005
2011-07-27,30.727
2011-07-28,44.841
2011-07-29,41.743
2011-07-30,697.326
2011-07-31,105.951
2011-08-01,75.658
2011-08-02,427.726
2011-08-03,66.215
2011-08-04,118.048
2011-08-05,341.791
2011-08-06,25.965
2011-08-07,33.763
2011-08-08,38.897
2011-08-09,97.151
2011-08-10,
2011-08-11,196.898
2011-08-12,52.064
2011-08-13,23.056
2011-08-14,20.381
2011-08-15,62.659
2011-08-16,157.75
2011-08-17,37.88
2011-08-18,102.73
2011-08-19,124.869
2011-08-20,22.064
2011-08-21,54.595
2011-08-22,129.995
2011-08-23,291.405
2011-08-24,51.034
2011-08-25,40.602
2011-08-26,60.402
2011-08-27,705.499
2011-08-28,158.887
2011-08-29,52.055
2011-08-30,23.282
2011-08-31,21.266
2011-09-01,29.121
2011-09-02,235.047
2011-09-03,28.05
2011-09-04,52.988
2011-09-05,261.523
2011-09-06,51.982
2011-09-07,21.763
2011-09-08,27.933
2011-09-09,32.22
2011-09-10,62.366
2011-09-11,21.323
2011-09-12,106.935
2011-09-13,19.361
2011-09-14,32.089
2011-09-15,31.571
2011-09-16,17.152
2011-09-17,2170.675
2011-09-18,17.165
2011-09-19,29.37
2011-09-20,159.334
2011-09-21,28.764
2011-09-22,21.477
2011-09-23,322.835
2011-09-24,18.32
2011-09-25,18.873
2011-09-26,16.881
2011-09-27,6305.709
2011-09-28,16.904
2011-09-29,16.889
2011-09-30,145375.834
2011-10-01,55.47
2011-10-02,16.855
2011-10-03,101.17
2011-10-04,20.767
2011-10-05,34.942
2011-10-06,356.422
2011-10-07,36.195
2011-10-08,7.322
2011-10-09,366.82
2011-10-10,143.657
2011-10-11,7.91
2011-10-12,16.761
2011-10-13,45.918
2011-10-14,7.057
2011-10-15,6.749
2011-10-16,73.995
2011-10-17,5.957
2011-10-18,5.872
2011-10-19,1.974
2011-10-20,2.825
2011-10-21,7.512
2011-10-22,65.884
2011-10-23,4.206
2011-10-24,3.639
2011-10-25,2.055
2011-10-26,8.521
2011-10-27,48.938
2011-10-28,6.335
2011-10-29,4.49
2011-10-30,45.628
2011-10-31,4.992
2011-11-01,7.717
2011-11-02,2.68
2011-11-03,843.731
2011-11-04,173.994
2011-11-05,2.408
2011-11-06,1.892
2011-11-07,4.844
2011-11-08,6.43
2011-11-09,143.356
2011-11-10,18.26
2011-11-11,2.685
2011-11-12,11.009
2011-11-13,6.586
2011-11-14,69.204
2011-11-15,29.988
2011-11-16,46.319
2011-11-17,48.412
2011-11-18,1.994
2011-11-19,2.789
2011-11-20,120.033
2011-11-21,3.958
2011-11-22,9.427
2011-11-23,7.991
2011-11-24,70.709
2011-11-25,7.169
2011-11-26,2.306
2011-11-27,3.166
2011-11-28,2.099
2011-11-29,15.66
2011-11-30,28.976
2011-12-01,22.451
2011-12-02,2.876
2011-12-03,2.258
2011-12-04,15.164
2011-12-05,3.617
2011-12-06,1.902
2011-12-07,1.991
2011-12-08,48.03
2011-12-09,2.207
2011-12-10,2.541
2011-12-11,32.985
2011-12-12,1.88
2011-12-13,2.296
2011-12-14,2.198
2011-12-15,2.59
2011-12-16,8.9
2011-12-17,2.786
2011-12-18,1.877
2011-12-19,9.791
2011-12-20,4.754
2011-12-21,2.158
2011-12-22,1.916
2011-12-23,8.483
2011-12-24,2.012
2011-12-25,1.893
2011-12-26,7.174
2011-12-27,2.249
2011-12-28,3.436
2011-12-29,2.027
2011-12-30,2.143
2011-12-31,1.708
2012-01-01,3.106
2012-01-02,1.878
2012-01-03,1.426
2012-01-04,1.582
2012-01-05,1.262
2012-01-06,1.35
2012-01-07,1.159
2012-01-08,1.14
2012-01-09,0.938
2012-01-10,1.541
2012-01-11,1.823
2012-01-12,2.215
2012-01-13,0.529
2012-01-14,1.259
2012-01-15,1.225
2012-01-16,1.404
2012-01-17,1.478
2012-01-18,0.651
2012-01-19,0.957
2012-01-20,0.777
2012-01-21,0.588
2012-01-22,0.637
2012-01-23,0.913
2012-01-24,1.222
2012-01-25,0.954
2012-01-26,2.097
2012-01-27,1.152
2012-01-28,0.636
2012-01-29,0.532
2012-01-30,1.063
2012-01-31,1.337
2012-02-01,0.417
2012-02-02,1.454
2012-02-03,1.092
2012-02-04,2.615
2012-02-05,1.562
2012-02-06,0.883
2012-02-07,1.811
2012-02-08,0.514
2012-02-09,0.605
2012-02-10,2.07
2012-02-11,23.24
2012-02-12,2.427
2012-02-13,0.811
2012-02-14,1.037
2012-02-15,1.82
2012-02-16,1.963
2012-02-17,1.107
2012-02-18,1.808
2012-02-19,0.461
2012-02-20,0.694
2012-02-21,0.941
2012-02-22,0.44
2012-02-23,0.678
2012-02-24,0.404
2012-02-25,1.252
2012-02-26,0.596
2012-02-27,0.752
2012-02-28,3.638
2012-02-29,2.17
2012-03-01,0.573
2012-03-02,0.784
2012-03-03,0.372
2012-03-04,0.658
2012-03-05,0.484
2012-03-06,0.533
2012-03-07,0.784
2012-03-08,1.271
2012-03-09,1.791
2012-03-10,0.508
2012-03-11,0.421
2012-03-12,0.391
2012-03-13,0.375
2012-03-14,0.908
2012-03-15,0.459
2012-03-16,1.543
2012-03-17,0.854
2012-03-18,1.368
2012-03-19,1.053
2012-03-20,0.519
2012-03-21,0.674
2012-03-22,0.984
2012-03-23,1.733
2012-03-24,0.947
2012-03-25,0.479
2012-03-26,0.548
2012-03-27,0.618
2012-03-28,0.464
2012-03-29,1.347
2012-03-30,2.135
2012-03-31,0.555
2012-04-01,0.472
2012-04-02,0.663
2012-04-03,2.075
2012-04-04,0.868
2012-04-05,1.72
2012-04-06,2.338
2012-04-07,0.499
2012-04-08,1.179
2012-04-09,0.99
2012-04-10,0.717
2012-04-11,1.579
2012-04-12,3.24
2012-04-13,1.329
2012-04-14,0.539
2012-04-15,1.893
2012-04-16,1.848
2012-04-17,1.118
2012-04-18,0.914
2012-04-19,0.791
2012-04-20,0.85
2012-04-21,1.365
2012-04-22,1.252
2012-04-23,1.329
2012-04-24,0.491
2012-04-25,1.079
2012-04-26,1.75
2012-04-27,0.533
2012-04-28,0.783
2012-04-29,0.873
2012-04-30,0.7
2012-05-01,0.866
2012-05-02,0.856
2012-05-03,0.798
2012-05-04,1.112
2012-05-05,0.688
2012-05-06,1.75
2012-05-07,0.779
2012-05-08,1.425
2012-05-09,1.63
2012-05-10,0.805
2012-05-11,0.638
2012-05-12,21.483
2012-05-13,1.548
2012-05-14,3.065
2012-05-15,1.152
2012-05-16,1.761
2012-05-17,0.605
2012-05-18,1.327
2012-05-19,1.186
2012-05-20,1.229
2012-05-21,1.234
2012-05-22,1.629
2012-05-23,0.933
2012-05-24,1.356
2012-05-25,0.877
2012-05-26,1.841
2012-05-27,1.02
2012-05-28,0.836
2012-05-29,0.733
2012-05-30,0.71
2012-05-31,0.356
2012-06-01,0.829
2012-06-02,1.205
2012-06-03,0.964
2012-06-04,1.126
2012-06-05,0.525
2012-06-06,0.775
2012-06-07,0.554
2012-06-08,0.986
2012-06-09,0.874
2012-06-10,1.016
2012-06-11,0.631
2012-06-12,1.143
2012-06-13,0.901
2012-06-14,1.583
2012-06-15,0.797
2012-06-16,0.971
2012-06-17,1.396
2012-06-18,0.724
2012-06-19,1.409
2012-06-20,1.733
2012-06-21,1.528
2012-06-22,1.883
2012-06-23,1.377
2012-06-24,1.832
2012-06-25,1.206
2012-06-26,1.338
2012-06-27,0.996
2012-06-28,1.247
2012-06-29,1.159
2012-06-30,1.251
2012-07-01,1.746
2012-07-02,1.049
2012-07-03,0.782
2012-07-04,1.282
2012-07-05,1.331
2012-07-06,1.294
2012-07-07,2.248
2012-07-08,1.658
2012-07-09,1.12
2012-07-10,2.436
2012-07-11,3.878
2012-07-12,1.138
2012-07-13,1.273
2012-07-14,2.451
2012-07-15,1.423
2012-07-16,1.306
2012-07-17,1.277
2012-07-18,1.189
2012-07-19,1.053
2012-07-20,1.569
2012-07-21,0.908
2012-07-22,0.934
2012-07-23,2.327
2012-07-24,1.205
2012-07-25,1.749
2012-07-26,1.141
2012-07-27,1.234
2012-07-28,1.207
2012-07-29,0.829
2012-07-30,1.387
2012-07-31,1.235
2012-08-01,1.3
2012-08-02,1.41
2012-08-03,1.239
2012-08-04,0.945
2012-08-05,1.074
2012-08-06,1.347
2012-08-07,1.341
2012-08-08,1.24
2012-08-09,1.011
2012-08-10,1.286
2012-08-11,1.288
2012-08-12,1.525
2012-08-13,1.259
2012-08-14,1.687
2012-08-15,1.27
2012-08-16,1.362
2012-08-17,1.808
2012-08-18,1.248
2012-08-19,1.277
2012-08-20,0.983
2012-08-21,1.0
2012-08-22,1.4
2012-08-23,1.385
2012-08-24,1.088
2012-08-25,1.164
2012-08-26,0.8
2012-08-27,1.359
2012-08-28,2.522
2012-08-29,0.781
2012-08-30,1.049
2012-08-31,1.279
2012-09-01,1.025
2012-09-02,1.305
2012-09-03,1.632
2012-09-04,1.443
2012-09-05,1.164
2012-09-06,1.192
2012-09-07,1.277
2012-09-08,1.275
2012-09-09,1.171
2012-09-10,1.457
2012-09-11,1.797
2012-09-12,3.493
2012-09-13,2.274
2012-09-14,2.393
2012-09-15,2.414
2012-09-16,1.453
2012-09-17,0.904
2012-09-18,0.844
2012-09-19,1.854
2012-09-20,1.545
2012-09-21,1.138
2012-09-22,1.469
2012-09-23,1.68
2012-09-24,0.978
2012-09-25,3.449
2012-09-26,2.588
2012-09-27,1.904
2012-09-28,13.371
2012-09-29,2.244
2012-09-30,2.177
2012-10-01,2.166
2012-10-02,1.448
2012-10-03,3.923
2012-10-04,3.324
2012-10-05,1.98
2012-10-06,1.825
2012-10-07,2.284
2012-10-08,2.165
2012-10-09,2.493
2012-10-10,1.425
2012-10-11,4.177
2012-10-12,2.35
2012-10-13,1.89
2012-10-14,7.986
2012-10-15,2.335
2012-10-16,2.227
2012-10-17,8.476
2012-10-18,3.439
2012-10-19,4.148
2012-10-20,2.151
2012-10-21,2.337
2012-10-22,2.099
2012-10-23,1.864
2012-10-24,2.52
2012-10-25,2.482
2012-10-26,2.362
2012-10-27,1.912
2012-10-28,2.328
2012-10-29,2.503
2012-10-30,2.242
2012-10-31,2.214
2012-11-01,1.799
2012-11-02,2.931
2012-11-03,2.236
2012-11-04,2.189
2012-11-05,3.139
2012-11-06,2.416
2012-11-07,1.624
2012-11-08,1.996
2012-11-09,2.942
2012-11-10,4.681
2012-11-11,2.482
2012-11-12,2.458
2012-11-13,2.359
2012-11-14,2.667
2012-11-15,1.88
2012-11-16,2.286
2012-11-17,1.648
2012-11-18,2.599
2012-11-19,4.115
2012-11-20,2.249
2012-11-21,2.283
2012-11-22,1.943
2012-11-23,4.59
2012-11-24,2.603
2012-11-25,1.709
2012-11-26,2.189
2012-11-27,2.462
2012-11-28,2.215
2012-11-29,2.255
2012-11-30,2.696
2012-12-01,3.696
2012-12-02,2.447
2012-12-03,2.156
2012-12-04,12.781
2012-12-05,2.608
2012-12-06,2.069
2012-12-07,2.507
2012-12-08,2.391
2012-12-09,2.599
2012-12-10,2.197
2012-12-11,2.649
2012-12-12,2.589
2012-12-13,2.959
2012-12-14,2.468
2012-12-15,2.128
2012-12-16,2.539
2012-12-17,2.021
2012-12-18,2.472
2012-12-19,2.512
2012-12-20,3.031
2012-12-21,2.396
2012-12-22,2.373
2012-12-23,2.821
2012-12-24,2.092
2012-12-25,1.777
2012-12-26,2.091
2012-12-27,2.118
2012-12-28,2.119
2012-12-29,2.087
2012-12-30,2.065
2012-12-31,10.096
2013-01-01,1.661
2013-01-02,2.237
2013-01-03,2.632
2013-01-04,2.416
2013-01-05,2.389
2013-01-06,2.254
2013-01-07,1.885
2013-01-08,2.323
2013-01-09,3.172
2013-01-10,2.132
2013-01-11,2.476
2013-01-12,1.876
2013-01-13,1.963
2013-01-14,2.084
2013-01-15,2.433
2013-01-16,1.878
2013-01-17,2.363
2013-01-18,2.207
2013-01-19,2.247
2013-01-20,2.303
2013-01-21,3.243
2013-01-22,2.384
2013-01-23,2.426
2013-01-24,2.32
2013-01-25,2.71
2013-01-26,1.306
2013-01-27,2.325
2013-01-28,2.647
2013-01-29,1.958
2013-01-30,2.033
2013-01-31,2.202
2013-02-01,2.823
2013-02-02,3.233
2013-02-03,2.011
2013-02-04,3.311
2013-02-05,3.772
2013-02-06,2.379
2013-02-07,2.573
2013-02-08,2.867
2013-02-09,3.509
2013-02-10,2.269
2013-02-11,2.139
2013-02-12,2.29
2013-02-13,2.02
2013-02-14,2.146
2013-02-15,4.351
2013-02-16,2.032
2013-02-17,2.314
2013-02-18,2.215
2013-02-19,2.294
2013-02-20,3.257
2013-02-21,2.151
2013-02-22,2.081
2013-02-23,1.971
2013-02-24,2.494
2013-02-25,6.116
2013-02-26,5.239
2013-02-27,5.503
2013-02-28,6.176
2013-03-01,4.445
2013-03-02,5.444
2013-03-03,4.122
2013-03-04,5.014
2013-03-05,4.659
2013-03-06,6.009
2013-03-07,5.229
2013-03-08,5.132
2013-03-09,8.399
2013-03-10,4.769
2013-03-11,4.654
2013-03-12,4.763
2013-03-13,9.11
2013-03-14,12.873
2013-03-15,9.29
2013-03-16,8.431
2013-03-17,9.181
2013-03-18,9.702
2013-03-19,9.331
2013-03-20,10.115
2013-03-21,10.397
2013-03-22,10.341
2013-03-23,18.361
2013-03-24,14.562
2013-03-25,10.107
2013-03-26,15.406
2013-03-27,12.243
2013-03-28,16.028
2013-03-29,13.491
2013-03-30,12.079
2013-03-31,13.508
2013-04-01,15.041
2013-04-02,19.562
2013-04-03,19.533
2013-04-04,17.736
2013-04-05,18.136
2013-04-06,25.106
2013-04-07,27.962
2013-04-08,33.409
2013-04-09,34.359
2013-04-10,42.593
2013-04-11,51.237
2013-04-12,30.687
2013-04-13,20.922
2013-04-14,19.984
2013-04-15,26.11
2013-04-16,27.233
2013-04-17,12.925
2013-04-18,17.644
2013-04-19,21.315
2013-04-20,25.988
2013-04-21,23.245
2013-04-22,17.843
2013-04-23,24.895
2013-04-24,15.553
2013-04-25,26.897
2013-04-26,24.876
2013-04-27,21.37
2013-04-28,18.574
2013-04-29,17.333
2013-04-30,19.507
2013-05-01,23.303
2013-05-02,21.185
2013-05-03,14.294
2013-05-04,10.599
2013-05-05,12.373
2013-05-06,15.781
2013-05-07,21.347
2013-05-08,26.827
2013-05-09,37.128
2013-05-10,18.774
2013-05-11,13.554
2013-05-12,24.985
2013-05-13,15.13
2013-05-14,21.627
2013-05-15,17.982
2013-05-16,17.7
2013-05-17,23.129
2013-05-18,14.151
2013-05-19,15.647
2013-05-20,16.827
2013-05-21,13.275
2013-05-22,20.962
2013-05-23,18.49
2013-05-24,17.145
2013-05-25,16.871
2013-05-26,14.809
2013-05-27,33.025
2013-05-28,24.442
2013-05-29,19.612
2013-05-30,22.566
2013-05-31,66.901
2013-06-01,21.125
2013-06-02,17.546
2013-06-03,15.313
2013-06-04,65.104
2013-06-05,32.961
2013-06-06,19.977
2013-06-07,20.513
2013-06-08,18.344
2013-06-09,16.476
2013-06-10,13.63
2013-06-11,22.381
2013-06-12,18.342
2013-06-13,18.667
2013-06-14,23.651
2013-06-15,28.514
2013-06-16,19.906
2013-06-17,10.046
2013-06-18,10.141
2013-06-19,19.439
2013-06-20,21.674
2013-06-21,11.183
2013-06-22,11.264
2013-06-23,35.333
2013-06-24,13.713
2013-06-25,11.775
2013-06-26,9.398
2013-06-27,12.665
2013-06-28,28.912
2013-06-29,43.089
2013-06-30,51.247
2013-07-01,24.009
2013-07-02,12.018
2013-07-03,22.296
2013-07-04,11.003
2013-07-05,10.229
2013-07-06,8.539
2013-07-07,6.903
2013-07-08,7.95
2013-07-09,10.401
2013-07-10,7.399
2013-07-11,8.526
2013-07-12,10.351
2013-07-13,10.75
2013-07-14,10.81
2013-07-15,13.51
2013-07-16,12.377
2013-07-17,12.45
2013-07-18,9.53
2013-07-19,11.673
2013-07-20,15.288
2013-07-21,13.665
2013-07-22,12.775
2013-07-23,9.516
2013-07-24,10.09
2013-07-25,22.979
2013-07-26,16.345
2013-07-27,9.371
2013-07-28,13.211
2013-07-29,12.229
2013-07-30,10.534
2013-07-31,12.924
2013-08-01,9.917
2013-08-02,43.658
2013-08-03,21.185
2013-08-04,10.177
2013-08-05,10.047
2013-08-06,11.376
2013-08-07,7.896
2013-08-08,12.405
2013-08-09,13.286
2013-08-10,8.998
2013-08-11,16.443
2013-08-12,8.48
2013-08-13,31.102
2013-08-14,10.131
2013-08-15,11.083
2013-08-16,20.52
2013-08-17,4.72
2013-08-18,9.412
2013-08-19,5.727
2013-08-20,6.805
2013-08-21,9.165
2013-08-22,6.546
2013-08-23,4.729
2013-08-24,10.166
2013-08-25,10.418
2013-08-26,4.539
2013-08-27,4.027
2013-08-28,9.025
2013-08-29,4.999
2013-08-30,11.421
2013-08-31,6.38
2013-09-01,12.478
2013-09-02,6.79
2013-09-03,5.101
2013-09-04,6.026
2013-09-05,2.752
2013-09-06,5.192
2013-09-07,3.937
2013-09-08,4.631
2013-09-09,9.749
2013-09-10,2.965
2013-09-11,4.352
2013-09-12,8.307
2013-09-13,7.241
2013-09-14,4.726
2013-09-15,1.634
2013-09-16,2.237
2013-09-17,1.675
2013-09-18,8.654
2013-09-19,9.807
2013-09-20,2.398
2013-09-21,1.037
2013-09-22,6.126
2013-09-23,1.596
2013-09-24,2.679
2013-09-25,1.447
2013-09-26,2.273
2013-09-27,1.589
2013-09-28,2.236
2013-09-29,1.634
2013-09-30,3.532
2013-10-01,1.727
2013-10-02,2.386
2013-10-03,1.755
2013-10-04,1.647
2013-10-05,1.91
2013-10-06,2.04
2013-10-07,10.561
2013-10-08,1.73
2013-10-09,4.208
2013-10-10,1.634
2013-10-11,1.69
2013-10-12,5.379
2013-10-13,3.464
2013-10-14,2.459
2013-10-15,1.489
2013-10-16,4.613
2013-10-17,1.325
2013-10-18,1.21
2013-10-19,1.992
2013-10-20,5.885
2013-10-21,11.025
2013-10-22,3.166
2013-10-23,1.759
2013-10-24,3.205
2013-10-25,2.918
2013-10-26,6.307
2013-10-27,5.827
2013-10-28,2.362
2013-10-29,3.186
2013-10-30,3.335
2013-10-31,6.972
2013-11-01,3.237
2013-11-02,2.872
2013-11-03,5.39
2013-11-04,2.635
2013-11-05,3.902
2013-11-06,2.245
2013-11-07,4.043
2013-11-08,3.782
2013-11-09,5.628
2013-11-10,4.723
2013-11-11,5.528
2013-11-12,6.144
2013-11-13,5.772
2013-11-14,2.877
2013-11-15,6.862
2013-11-16,10.066
2013-11-17,12.5
2013-11-18,8.241
2013-11-19,7.205
2013-11-20,20.704
2013-11-21,6.686
2013-11-22,10.342
2013-11-23,6.786
2013-11-24,13.943
2013-11-25,13.736
2013-11-26,9.456
2013-11-27,13.613
2013-11-28,12.9
2013-11-29,15.849
2013-11-30,13.341
2013-12-01,16.937
2013-12-02,17.063
2013-12-03,8.902
2013-12-04,14.78
2013-12-05,10.126
2013-12-06,14.248
2013-12-07,12.018
2013-12-08,9.815
2013-12-09,8.915
2013-12-10,12.522
2013-12-11,14.479
2013-12-12,15.258
2013-12-13,11.437
2013-12-14,17.939
2013-12-15,11.491
2013-12-16,35.675
2013-12-17,14.309
2013-12-18,14.467
2013-12-19,11.602
2013-12-20,35.094
2013-12-21,342.289
2013-12-22,5.867
2013-12-23,12.39
2013-12-24,15.127
2013-12-25,7.746
2013-12-26,7.248
2013-12-27,12.815
2013-12-28,9.184
2013-12-29,24.479
2013-12-30,7.947
2013-12-31,8.249
2014-01-01,14.591
2014-01-02,8.001
2014-01-03,9.729
2014-01-04,11.948
2014-01-05,12.168
2014-01-06,9.148
2014-01-07,11.062
2014-01-08,11.24
2014-01-09,13.868
2014-01-10,15.212
2014-01-11,17.491
2014-01-12,10.624
2014-01-13,11.471
2014-01-14,12.482
2014-01-15,14.371
2014-01-16,21.382
2014-01-17,15.936
2014-01-18,21.586
2014-01-19,36.207
2014-01-20,20.616
2014-01-21,14.607
2014-01-22,12.766
2014-01-23,11.237
2014-01-24,9.716
2014-01-25,12.202
2014-01-26,13.5
2014-01-27,8.539
2014-01-28,11.519
2014-01-29,7.899
2014-01-30,10.688
2014-01-31,12.614
2014-02-01,7.133
2014-02-02,13.763
2014-02-03,14.516
2014-02-04,7.358
2014-02-05,27.347
2014-02-06,16.841
2014-02-07,12.101
2014-02-08,7.988
2014-02-09,10.089
2014-02-10,9.736
2014-02-11,12.194
2014-02-12,9.617
2014-02-13,8.53
2014-02-14,7.901
2014-02-15,10.403
2014-02-16,6.472
2014-02-17,9.259
2014-02-18,28.308
2014-02-19,7.356
2014-02-20,10.184
2014-02-21,5.569
2014-02-22,6.588
2014-02-23,10.008
2014-02-24,7.255
2014-02-25,8.891
2014-02-26,9.377
2014-02-27,6.021
2014-02-28,23.917
2014-03-01,22.596
2014-03-02,6.559
2014-03-03,6.127
2014-03-04,5.865
2014-03-05,8.081
2014-03-06,8.322
2014-03-07,95.723
2014-03-08,5.545
2014-03-09,77.449
2014-03-10,18.767
2014-03-11,12.229
2014-03-12,4.625
2014-03-13,7.412
2014-03-14,6.885
2014-03-15,6.901
2014-03-16,10.168
2014-03-17,13.165
2014-03-18,8.339
2014-03-19,6.543
2014-03-20,10.667
2014-03-21,3.771
2014-03-22,11.166
2014-03-23,7.535
2014-03-24,6.518
2014-03-25,5.139
2014-03-26,6.376
2014-03-27,5.84
2014-03-28,6.0
2014-03-29,5.917
2014-03-30,5.301
2014-03-31,4.448
2014-04-01,3.616
2014-04-02,3.743
2014-04-03,15.588
2014-04-04,5.105
2014-04-05,6.214
2014-04-06,9.943
2014-04-07,6.734
2014-04-08,3.895
2014-04-09,4.706
2014-04-10,5.588
2014-04-11,5.445
2014-04-12,6.226
2014-04-13,3.851
2014-04-14,5.033
2014-04-15,4.31
2014-04-16,8.546
2014-04-17,5.232
2014-04-18,4.306
2014-04-19,3.922
2014-04-20,6.947
2014-04-21,3.866
2014-04-22,3.366
2014-04-23,3.556
2014-04-24,3.951
2014-04-25,3.604
2014-04-26,3.876
2014-04-27,3.295
2014-04-28,4.165
2014-04-29,3.03
2014-04-30,2.12
2014-05-01,3.001
2014-05-02,1.823
2014-05-03,1.619
2014-05-04,2.119
2014-05-05,2.157
2014-05-06,2.137
2014-05-07,3.103
2014-05-08,1.938
2014-05-09,1.64
2014-05-10,3.002
2014-05-11,1.857
2014-05-12,1.749
2014-05-13,0.969
2014-05-14,1.052
2014-05-15,1.792
2014-05-16,0.887
2014-05-17,1.312
2014-05-18,1.889
2014-05-19,1.194
2014-05-20,1.725
2014-05-21,1.53
2014-05-22,2.141
2014-05-23,0.964
2014-05-24,1.29
2014-05-25,1.91
2014-05-26,1.069
2014-05-27,16.087
2014-05-28,1.36
2014-05-29,1.058
2014-05-30,2.244
2014-05-31,2.332
2014-06-01,1.163
2014-06-02,0.974
2014-06-03,1.103
2014-06-04,1.592
2014-06-05,1.106
2014-06-06,1.662
2014-06-07,1.411
2014-06-08,4.469
2014-06-09,2.351
2014-06-10,1.668
2014-06-11,3.523
2014-06-12,3.146
2014-06-13,2.132
2014-06-14,1.175
2014-06-15,1.077
2014-06-16,1.815
2014-06-17,0.939
2014-06-18,1.42
2014-06-19,1.07
2014-06-20,1.398
2014-06-21,1.507
2014-06-22,1.579
2014-06-23,1.028
2014-06-24,2.647
2014-06-25,1.049
2014-06-26,2.5
2014-06-27,2.774
2014-06-28,1.265
2014-06-29,10.543
2014-06-30,2.33
2014-07-01,1.018
2014-07-02,1.288
2014-07-03,2.113
2014-07-04,2.35
2014-07-05,1.251
2014-07-06,1.586
2014-07-07,1.624
2014-07-08,1.034
2014-07-09,2.813
2014-07-10,3.469
2014-07-11,1.526
2014-07-12,1.908
2014-07-13,1.781
2014-07-14,1.099
2014-07-15,2.084
2014-07-16,1.455
2014-07-17,1.294
2014-07-18,1.195
2014-07-19,0.827
2014-07-20,0.745
2014-07-21,1.276
2014-07-22,1.545
2014-07-23,2.392
2014-07-24,1.949
2014-07-25,1.154
2014-07-26,0.952
2014-07-27,1.242
2014-07-28,1.581
2014-07-29,0.838
2014-07-30,1.05
2014-07-31,1.557
2014-08-01,1.035
2014-08-02,1.784
2014-08-03,0.964
2014-08-04,1.676
2014-08-05,2.329
2014-08-06,1.587
2014-08-07,1.164
2014-08-08,1.384
2014-08-09,1.54
2014-08-10,1.132
2014-08-11,1.503
2014-08-12,1.153
2014-08-13,1.594
2014-08-14,1.111
2014-08-15,1.288
2014-08-16,1.644
2014-08-17,2.625
2014-08-18,1.157
2014-08-19,1.077
2014-08-20,1.552
2014-08-21,0.854
2014-08-22,1.645
2014-08-23,2.348
2014-08-24,0.957
2014-08-25,1.296
2014-08-26,1.354
2014-08-27,0.92
2014-08-28,1.408
2014-08-29,0.8
2014-08-30,1.045
2014-08-31,1.838
2014-09-01,1.823
2014-09-02,0.827
2014-09-03,1.376
2014-09-04,1.626
2014-09-05,2.012
2014-09-06,2.481
2014-09-07,0.656
2014-09-08,1.032
2014-09-09,0.838
2014-09-10,0.999
2014-09-11,1.068
2014-09-12,0.773
2014-09-13,0.99
2014-09-14,1.321
2014-09-15,0.875
2014-09-16,0.938
2014-09-17,1.18
2014-09-18,1.289
2014-09-19,0.932
2014-09-20,0.694
2014-09-21,1.059
2014-09-22,0.713
2014-09-23,0.992
2014-09-24,0.813
2014-09-25,0.916
2014-09-26,0.606
2014-09-27,0.587
2014-09-28,1.719
2014-09-29,0.588
2014-09-30,0.935
2014-10-01,0.58
2014-10-02,0.748
2014-10-03,0.688
2014-10-04,0.902
2014-10-05,1.582
2014-10-06,0.434
2014-10-07,0.613
2014-10-08,0.789
2014-10-09,0.756
2014-10-10,0.769
2014-10-11,0.734
2014-10-12,0.366
2014-10-13,1.242
2014-10-14,0.688
2014-10-15,0.883
2014-10-16,1.053
2014-10-17,0.565
2014-10-18,1.119
2014-10-19,1.196
2014-10-20,0.689
2014-10-21,0.788
2014-10-22,0.833
2014-10-23,0.822
2014-10-24,0.653
2014-10-25,0.969
2014-10-26,0.797
2014-10-27,0.745
2014-10-28,0.969
2014-10-29,0.624
2014-10-30,0.592
2014-10-31,0.947
2014-11-01,1.264
2014-11-02,0.805
2014-11-03,0.561
2014-11-04,0.844
2014-11-05,0.906
2014-11-06,2.676
2014-11-07,0.78
2014-11-08,1.187
2014-11-09,0.582
2014-11-10,0.678
2014-11-11,0.728
2014-11-12,0.667
2014-11-13,0.615
2014-11-14,0.909
2014-11-15,0.804
2014-11-16,1.131
2014-11-17,0.69
2014-11-18,1.046
2014-11-19,0.689
2014-11-20,0.757
2014-11-21,0.667
2014-11-22,0.782
2014-11-23,0.742
2014-11-24,0.816
2014-11-25,0.672
2014-11-26,0.885
2014-11-27,0.787
2014-11-28,0.604
2014-11-29,0.77
2014-11-30,1.084
2014-12-01,0.733
2014-12-02,0.813
2014-12-03,0.943
2014-12-04,0.629
2014-12-05,0.82
2014-12-06,0.638
2014-12-07,0.89
2014-12-08,0.614
2014-12-09,1.447
2014-12-10,0.814
2014-12-11,0.778
2014-12-12,0.577
2014-12-13,0.701
2014-12-14,0.825
2014-12-15,0.494
2014-12-16,0.973
2014-12-17,0.766
2014-12-18,0.73
2014-12-19,0.557
2014-12-20,0.445
2014-12-21,0.514
2014-12-22,0.59
2014-12-23,0.648
2014-12-24,0.515
2014-12-25,0.663
2014-12-26,0.516
2014-12-27,0.606
2014-12-28,0.545
2014-12-29,0.563
2014-12-30,0.655
2014-12-31,0.529
2015-01-01,0.722
2015-01-02,0.676
2015-01-03,0.595
2015-01-04,0.76
2015-01-05,0.478
2015-01-06,1.284
2015-01-07,0.625
2015-01-08,0.761
2015-01-09,0.532
2015-01-10,0.62
2015-01-11,1.023
2015-01-12,0.48
2015-01-13,0.789
2015-01-14,0.592
2015-01-15,0.756
2015-01-16,0.39
2015-01-17,0.355
2015-01-18,0.531
2015-01-19,0.379
2015-01-20,0.465
2015-01-21,0.428
2015-01-22,0.409
2015-01-23,0.43
2015-01-24,0.651
2015-01-25,0.336
2015-01-26,0.441
2015-01-27,0.522
2015-01-28,0.466
2015-01-29,0.581
2015-01-30,0.43
2015-01-31,0.556
2015-02-01,0.502
2015-02-02,0.349
2015-02-03,0.782
2015-02-04,0.635
2015-02-05,0.406
2015-02-06,0.648
2015-02-07,0.56
2015-02-08,0.451
2015-02-09,0.516
2015-02-10,0.498
2015-02-11,0.501
2015-02-12,0.486
2015-02-13,0.483
2015-02-14,0.47
2015-02-15,0.983
2015-02-16,0.434
2015-02-17,0.502
2015-02-18,0.543
2015-02-19,0.439
2015-02-20,5.057
2015-02-21,0.388
2015-02-22,0.404
2015-02-23,0.475
2015-02-24,0.414
2015-02-25,0.431
2015-02-26,0.388
2015-02-27,0.486
2015-02-28,0.59
2015-03-01,1.259
2015-03-02,0.411
2015-03-03,0.455
2015-03-04,1.205
2015-03-05,0.679
2015-03-06,1.249
2015-03-07,0.464
2015-03-08,0.469
2015-03-09,0.536
2015-03-10,1.485
2015-03-11,0.658
2015-03-12,1.169
2015-03-13,0.484
2015-03-14,0.7
2015-03-15,0.609
2015-03-16,0.656
2015-03-17,0.823
2015-03-18,0.64
2015-03-19,0.578
2015-03-20,0.529
2015-03-21,0.898
2015-03-22,0.546
2015-03-23,0.529
2015-03-24,0.512
2015-03-25,0.567
2015-03-26,0.575
2015-03-27,0.581
2015-03-28,0.623
2015-03-29,0.552
2015-03-30,0.559
2015-03-31,0.516
2015-04-01,0.409
2015-04-02,1.057
2015-04-03,0.43
2015-04-04,0.988
2015-04-05,0.589
2015-04-06,0.557
2015-04-07,0.479
2015-04-08,0.801
2015-04-09,0.484
2015-04-10,0.557
2015-04-11,0.548
2015-04-12,0.458
2015-04-13,0.472
2015-04-14,0.538
2015-04-15,0.358
2015-04-16,0.441
2015-04-17,0.459
2015-04-18,0.464
2015-04-19,0.463
2015-04-20,0.571
2015-04-21,0.534
2015-04-22,0.427
2015-04-23,0.923
2015-04-24,0.448
2015-04-25,0.677
2015-04-26,0.451
2015-04-27,0.5
2015-04-28,0.589
2015-04-29,0.612
2015-04-30,0.547
2015-05-01,0.473
2015-05-02,0.443
2015-05-03,0.928
2015-05-04,0.478
2015-05-05,0.468
2015-05-06,0.619
2015-05-07,0.359
2015-05-08,0.54
2015-05-09,0.57
2015-05-10,0.459
2015-05-11,0.455
2015-05-12,0.462
2015-05-13,0.55
2015-05-14,0.503
2015-05-15,0.519
2015-05-16,0.549
2015-05-17,0.569
2015-05-18,0.45
2015-05-19,0.658
2015-05-20,0.536
2015-05-21,0.452
2015-05-22,0.648
2015-05-23,0.392
2015-05-24,0.601
2015-05-25,0.452
2015-05-26,0.55
2015-05-27,0.582
2015-05-28,0.55
2015-05-29,0.734
2015-05-30,0.421
2015-05-31,0.457
2015-06-01,0.53
2015-06-02,0.443
2015-06-03,0.454
2015-06-04,0.509
2015-06-05,0.517
2015-06-06,0.487
2015-06-07,0.364
2015-06-08,0.569
2015-06-09,0.508
2015-06-10,0.495
2015-06-11,0.429
2015-06-12,0.905
2015-06-13,0.43
2015-06-14,0.551
2015-06-15,0.541
2015-06-16,0.708
2015-06-17,0.617
2015-06-18,0.616
2015-06-19,0.597
2015-06-20,1.02
2015-06-21,1.263
2015-06-22,0.586
2015-06-23,0.715
2015-06-24,0.398
2015-06-25,0.46
2015-06-26,0.668
2015-06-27,0.86
2015-06-28,0.705
2015-06-29,0.701
2015-06-30,0.809
2015-07-01,0.758
2015-07-02,0.607
2015-07-03,0.42
2015-07-04,0.74
2015-07-05,0.495
2015-07-06,0.763
2015-07-07,1.233
2015-07-08,0.854
2015-07-09,0.429
2015-07-10,0.664
2015-07-11,0.711
2015-07-12,1.095
2015-07-13,0.704
2015-07-14,0.631
2015-07-15,0.621
2015-07-16,0.635
2015-07-17,1.01
2015-07-18,0.609
2015-07-19,0.787
2015-07-20,0.511
2015-07-21,0.616
2015-07-22,0.622
2015-07-23,0.838
2015-07-24,0.652
2015-07-25,1.018
2015-07-26,0.834
2015-07-27,0.643
2015-07-28,0.679
2015-07-29,0.534
2015-07-30,0.608
2015-07-31,1.415
2015-08-01,0.863
2015-08-02,1.053
2015-08-03,0.966
2015-08-04,0.478
2015-08-05,0.804
2015-08-06,0.755
2015-08-07,0.749
2015-08-08,0.652
2015-08-09,0.647
2015-08-10,0.699
2015-08-11,0.877
2015-08-12,0.865
2015-08-13,0.858
2015-08-14,0.645
2015-08-15,0.631
2015-08-16,0.482
2015-08-17,0.606
2015-08-18,0.756
2015-08-19,0.711
2015-08-20,0.526
2015-08-21,0.413
2015-08-22,0.706
2015-08-23,1.181
2015-08-24,0.645
2015-08-25,0.343
2015-08-26,0.601
2015-08-27,0.85
2015-08-28,0.738
2015-08-29,0.631
2015-08-30,0.833
2015-08-31,0.569
2015-09-01,0.699
2015-09-02,0.606
2015-09-03,0.607
2015-09-04,0.525
2015-09-05,0.587
2015-09-06,0.675
2015-09-07,0.528
2015-09-08,0.551
2015-09-09,0.857
2015-09-10,0.541
2015-09-11,0.548
2015-09-12,0.703
2015-09-13,0.654
2015-09-14,0.531
2015-09-15,0.629
2015-09-16,0.773
2015-09-17,0.704
2015-09-18,0.687
2015-09-19,0.593
2015-09-20,0.507
2015-09-21,1.494
2015-09-22,0.798
2015-09-23,0.599
2015-09-24,0.719
2015-09-25,0.527
2015-09-26,0.609
2015-09-27,0.692
2015-09-28,0.566
2015-09-29,0.669
2015-09-30,0.787
2015-10-01,0.69
2015-10-02,0.696
2015-10-03,0.891
2015-10-04,0.589
2015-10-05,0.681
2015-10-06,0.57
2015-10-07,0.807
2015-10-08,0.536
2015-10-09,0.739
2015-10-10,0.588
2015-10-11,0.54
2015-10-12,0.337
2015-10-13,0.779
2015-10-14,0.336
2015-10-15,0.686
2015-10-16,0.732
2015-10-17,0.686
2015-10-18,0.875
2015-10-19,0.589
2015-10-20,0.939
2015-10-21,0.846
2015-10-22,0.655
2015-10-23,0.707
2015-10-24,0.802
2015-10-25,0.952
2015-10-26,0.761
2015-10-27,0.945
2015-10-28,0.977
2015-10-29,1.086
2015-10-30,1.152
2015-10-31,1.712
2015-11-01,1.935
2015-11-02,0.879
2015-11-03,0.81
2015-11-04,1.183
2015-11-05,1.479
2015-11-06,1.143
2015-11-07,1.525
2015-11-08,0.906
2015-11-09,1.236
2015-11-10,0.784
2015-11-11,1.021
2015-11-12,0.964
2015-11-13,1.504
2015-11-14,1.114
2015-11-15,1.006
2015-11-16,1.164
2015-11-17,1.068
2015-11-18,0.814
2015-11-19,0.967
2015-11-20,0.995
2015-11-21,1.052
2015-11-22,1.843
2015-11-23,0.803
2015-11-24,1.038
2015-11-25,1.144
2015-11-26,1.026
2015-11-27,0.858
2015-11-28,1.181
2015-11-29,0.873
2015-11-30,0.712
2015-12-01,1.121
2015-12-02,0.886
2015-12-03,0.935
2015-12-04,1.315
2015-12-05,0.643
2015-12-06,1.266
2015-12-07,1.072
2015-12-08,1.113
2015-12-09,1.502
2015-12-10,1.379
2015-12-11,1.035
2015-12-12,1.183
2015-12-13,1.176
2015-12-14,2.015
2015-12-15,1.325
2015-12-16,1.372
2015-12-17,1.095
2015-12-18,1.559
2015-12-19,1.464
2015-12-20,1.284
2015-12-21,1.118
2015-12-22,1.612
2015-12-23,1.229
2015-12-24,1.344
2015-12-25,1.546
2015-12-26,1.183
2015-12-27,0.829
2015-12-28,1.189
2015-12-29,1.208
2015-12-30,1.102
2015-12-31,1.052
2016-01-01,1.29
2016-01-02,1.17
2016-01-03,0.791
2016-01-04,1.111
2016-01-05,1.081
2016-01-06,1.229
2016-01-07,3.812
2016-01-08,1.236
2016-01-09,0.995
2016-01-10,1.964
2016-01-11,1.288
2016-01-12,1.222
2016-01-13,1.036
2016-01-14,1.304
2016-01-15,1.163
2016-01-16,1.265
2016-01-17,1.208
2016-01-18,1.214
2016-01-19,1.357
2016-01-20,1.065
2016-01-21,1.421
2016-01-22,0.612
2016-01-23,0.976
2016-01-24,1.173
2016-01-25,1.247
2016-01-26,1.081
2016-01-27,1.227
2016-01-28,1.042
2016-01-29,1.205
2016-01-30,1.356
2016-01-31,1.538
2016-02-01,0.483
2016-02-02,1.157
2016-02-03,0.837
2016-02-04,1.041
2016-02-05,0.961
2016-02-06,1.04
2016-02-07,1.282
2016-02-08,0.995
2016-02-09,0.663
2016-02-10,1.239
2016-02-11,1.503
2016-02-12,1.043
2016-02-13,1.136
2016-02-14,1.151
2016-02-15,0.924
2016-02-16,1.183
2016-02-17,1.553
2016-02-18,1.081
2016-02-19,1.508
2016-02-20,1.255
2016-02-21,0.846
2016-02-22,1.225
2016-02-23,1.499
2016-02-24,1.677
2016-02-25,1.021
2016-02-26,1.569
2016-02-27,0.983
2016-02-28,1.761
2016-02-29,1.807
2016-03-01,1.275
2016-03-02,1.935
2016-03-03,1.074
2016-03-04,1.19
2016-03-05,1.76
2016-03-06,1.307
2016-03-07,1.504
2016-03-08,1.063
2016-03-09,0.77
2016-03-10,1.083
2016-03-11,1.079
2016-03-12,1.543
2016-03-13,1.228
2016-03-14,1.496
2016-03-15,1.238
2016-03-16,1.286
2016-03-17,1.287
2016-03-18,1.603
2016-03-19,0.806
2016-03-20,0.68
2016-03-21,1.403
2016-03-22,2.009
2016-03-23,1.337
2016-03-24,1.579
2016-03-25,1.529
2016-03-26,1.694
2016-03-27,1.33
2016-03-28,1.395
2016-03-29,1.522
2016-03-30,1.314
2016-03-31,1.221
2016-04-01,1.824
2016-04-02,1.752
2016-04-03,1.449
2016-04-04,1.506
2016-04-05,1.742
2016-04-06,1.516
2016-04-07,1.717
2016-04-08,0.969
2016-04-09,1.137
2016-04-10,1.612
2016-04-11,1.424
2016-04-12,1.416
2016-04-13,1.031
2016-04-14,1.064
2016-04-15,1.016
2016-04-16,1.053
2016-04-17,0.962
2016-04-18,1.129
2016-04-19,1.28
2016-04-20,1.158
2016-04-21,1.352
2016-04-22,1.807
2016-04-23,1.509
2016-04-24,1.639
2016-04-25,1.331
2016-04-26,1.389
2016-04-27,1.616
2016-04-28,1.535
2016-04-29,1.215
2016-04-30,1.45
2016-05-01,1.897
2016-05-02,1.549
2016-05-03,1.439
2016-05-04,1.181
2016-05-05,1.402
2016-05-06,1.626
2016-05-07,0.719
2016-05-08,1.495
2016-05-09,1.487
2016-05-10,2.145
2016-05-11,1.352
2016-05-12,1.384
2016-05-13,1.181
2016-05-14,1.996
2016-05-15,1.398
2016-05-16,0.915
2016-05-17,1.595
2016-05-18,1.079
2016-05-19,1.628
2016-05-20,1.475
2016-05-21,1.257
2016-05-22,1.525
2016-05-23,1.471
2016-05-24,1.091
2016-05-25,1.323
2016-05-26,1.227
2016-05-27,1.715
2016-05-28,1.195
2016-05-29,1.461
2016-05-30,1.538
2016-05-31,1.641
2016-06-01,1.215
2016-06-02,2.69
2016-06-03,1.283
2016-06-04,1.488
2016-06-05,1.734
2016-06-06,1.332
2016-06-07,1.392
2016-06-08,1.601
2016-06-09,1.607
2016-06-10,1.783
2016-06-11,1.782
2016-06-12,1.522
2016-06-13,1.639
2016-06-14,1.27
2016-06-15,1.954
2016-06-16,1.592
2016-06-17,1.815
2016-06-18,1.92
2016-06-19,1.881
2016-06-20,1.86
2016-06-21,1.901
2016-06-22,1.7
2016-06-23,1.986
2016-06-24,1.665
2016-06-25,1.351
2016-06-26,2.206
2016-06-27,2.394
2016-06-28,1.717
2016-06-29,1.598
2016-06-30,1.663
2016-07-01,1.656
2016-07-02,2.237
2016-07-03,1.915
2016-07-04,1.7
2016-07-05,2.199
2016-07-06,1.997
2016-07-07,1.615
2016-07-08,1.707
2016-07-09,1.793
2016-07-10,3.156
2016-07-11,3.21
2016-07-12,2.075
2016-07-13,1.716
2016-07-14,1.751
2016-07-15,1.733
2016-07-16,1.961
2016-07-17,2.173
2016-07-18,1.736
2016-07-19,1.43
2016-07-20,1.526
2016-07-21,1.706
2016-07-22,1.655
2016-07-23,1.282
2016-07-24,2.495
2016-07-25,1.657
2016-07-26,1.889
2016-07-27,1.917
2016-07-28,2.123
2016-07-29,2.431
2016-07-30,2.248
2016-07-31,1.984
2016-08-01,1.565
2016-08-02,1.701
2016-08-03,1.56
2016-08-04,1.385
2016-08-05,1.605
2016-08-06,1.584
2016-08-07,1.516
2016-08-08,1.497
2016-08-09,1.572
2016-08-10,1.686
2016-08-11,1.732
2016-08-12,1.458
2016-08-13,1.59
2016-08-14,1.404
2016-08-15,1.414
2016-08-16,1.46
2016-08-17,1.609
2016-08-18,2.293
2016-08-19,1.588
2016-08-20,1.834
2016-08-21,1.63
2016-08-22,1.44
2016-08-23,1.508
2016-08-24,1.511
2016-08-25,2.517
2016-08-26,1.725
2016-08-27,1.436
2016-08-28,1.546
2016-08-29,1.126
2016-08-30,1.414
2016-08-31,1.537
2016-09-01,1.859
2016-09-02,1.638
2016-09-03,1.475
2016-09-04,1.399
2016-09-05,1.494
2016-09-06,1.58
2016-09-07,1.472
2016-09-08,1.896
2016-09-09,1.586
2016-09-10,2.09
2016-09-11,2.063
2016-09-12,1.573
2016-09-13,1.967
2016-09-14,1.619
2016-09-15,1.668
2016-09-16,1.854
2016-09-17,1.49
2016-09-18,1.85
2016-09-19,1.674
2016-09-20,2.25
2016-09-21,1.488
2016-09-22,1.556
2016-09-23,1.527
2016-09-24,0.616
2016-09-25,2.306
2016-09-26,1.854
2016-09-27,1.75
2016-09-28,1.482
2016-09-29,1.604
2016-09-30,1.627
2016-10-01,1.604
2016-10-02,1.768
2016-10-03,1.692
2016-10-04,2.487
2016-10-05,1.482
2016-10-06,1.757
2016-10-07,1.602
2016-10-08,1.732
2016-10-09,1.534
2016-10-10,1.594
2016-10-11,1.507
2016-10-12,1.77
2016-10-13,1.608
2016-10-14,1.577
2016-10-15,1.511
2016-10-16,1.85
2016-10-17,1.967
2016-10-18,1.706
2016-10-19,1.785
2016-10-20,1.604
2016-10-21,1.971
2016-10-22,1.872
2016-10-23,1.677
2016-10-24,1.23
2016-10-25,1.61
2016-10-26,1.776
2016-10-27,1.802
2016-10-28,1.783
2016-10-29,1.684
2016-10-30,1.394
2016-10-31,1.703
2016-11-01,2.047
2016-11-02,1.763
2016-11-03,1.725
2016-11-04,1.968
2016-11-05,1.871
2016-11-06,2.109
2016-11-07,1.887
2016-11-08,2.294
2016-11-09,1.681
2016-11-10,2.951
2016-11-11,2.155
2016-11-12,1.655
2016-11-13,1.824
2016-11-14,1.899
2016-11-15,1.528
2016-11-16,2.08
2016-11-17,1.392
2016-11-18,2.216
2016-11-19,1.951
2016-11-20,1.841
2016-11-21,1.807
2016-11-22,1.165
2016-11-23,1.991
2016-11-24,2.697
2016-11-25,1.89
2016-11-26,1.723
2016-11-27,1.922
2016-11-28,1.738
2016-11-29,1.824
2016-11-30,1.548
2016-12-01,1.691
2016-12-02,1.514
2016-12-03,2.021
2016-12-04,1.676
2016-12-05,2.195
2016-12-06,1.654
2016-12-07,1.811
2016-12-08,2.098
2016-12-09,1.777
2016-12-10,1.895
2016-12-11,1.708
2016-12-12,1.684
2016-12-13,2.332
2016-12-14,1.802
2016-12-15,1.943
2016-12-16,1.439
2016-12-17,1.566
2016-12-18,2.326
2016-12-19,1.634
2016-12-20,2.181
2016-12-21,2.717
2016-12-22,2.109
2016-12-23,2.069
2016-12-24,1.933
2016-12-25,1.849
2016-12-26,1.615
2016-12-27,2.111
2016-12-28,3.028
2016-12-29,2.509
2016-12-30,2.669
2016-12-31,2.159
2017-01-01,2.063
2017-01-02,2.461
2017-01-03,2.541
2017-01-04,1.902
2017-01-05,2.26
2017-01-06,2.118
2017-01-07,2.219
2017-01-08,1.675
2017-01-09,1.741
2017-01-10,1.895
2017-01-11,1.63
2017-01-12,1.853
2017-01-13,1.383
2017-01-14,1.865
2017-01-15,1.72
2017-01-16,1.908
2017-01-17,1.626
2017-01-18,2.029
2017-01-19,1.913
2017-01-20,1.526
2017-01-21,2.221
2017-01-22,2.357
2017-01-23,2.264
2017-01-24,1.704
2017-01-25,1.81
2017-01-26,1.72
2017-01-27,3.084
2017-01-28,2.415
2017-01-29,2.844
2017-01-30,2.095
2017-01-31,1.868
2017-02-01,2.124
2017-02-02,2.14
2017-02-03,1.811
2017-02-04,2.427
2017-02-05,2.221
2017-02-06,1.968
2017-02-07,1.927
2017-02-08,2.138
2017-02-09,2.196
2017-02-10,2.256
2017-02-11,2.393
2017-02-12,2.296
2017-02-13,2.241
2017-02-14,2.307
2017-02-15,2.09
2017-02-16,2.029
2017-02-17,2.781
2017-02-18,2.775
2017-02-19,2.9
2017-02-20,2.68
2017-02-21,2.781
2017-02-22,2.572
2017-02-23,2.155
2017-02-24,4.488
2017-02-25,2.58
2017-02-26,2.239
2017-02-27,2.493
2017-02-28,2.672
2017-03-01,2.77
2017-03-02,2.77
2017-03-03,2.541
2017-03-04,2.686
2017-03-05,2.934
2017-03-06,2.41
2017-03-07,2.568
2017-03-08,2.716
2017-03-09,2.4
2017-03-10,2.256
2017-03-11,3.079
2017-03-12,2.585
2017-03-13,2.731
2017-03-14,2.672
2017-03-15,2.465
2017-03-16,2.771
2017-03-17,2.995
2017-03-18,2.126
2017-03-19,2.442
2017-03-20,2.273
2017-03-21,2.337
2017-03-22,2.449
2017-03-23,1.85
2017-03-24,1.563
2017-03-25,1.506
2017-03-26,2.684
2017-03-27,2.527
2017-03-28,2.246
2017-03-29,2.338
2017-03-30,2.207
2017-03-31,2.9
2017-04-01,3.632
2017-04-02,3.585
2017-04-03,2.785
2017-04-04,2.534
2017-04-05,2.596
2017-04-06,2.445
2017-04-07,4.195
2017-04-08,4.013
2017-04-09,2.323
2017-04-10,2.6
2017-04-11,2.532
2017-04-12,4.923
2017-04-13,2.377
2017-04-14,1.557
2017-04-15,2.919
2017-04-16,2.98
2017-04-17,2.193
2017-04-18,2.508
2017-04-19,3.062
2017-04-20,2.404
2017-04-21,2.835
2017-04-22,2.532
2017-04-23,2.621
2017-04-24,2.851
2017-04-25,2.703
2017-04-26,2.56
2017-04-27,2.355
2017-04-28,2.684
2017-04-29,3.352
2017-04-30,3.804
2017-05-01,4.037
2017-05-02,3.238
2017-05-03,2.913
2017-05-04,2.746
2017-05-05,3.202
2017-05-06,3.586
2017-05-07,3.209
2017-05-08,3.433
2017-05-09,3.142
2017-05-10,3.499
2017-05-11,5.993
2017-05-12,3.625
2017-05-13,3.627
2017-05-14,3.184
2017-05-15,3.478
2017-05-16,4.053
2017-05-17,3.352
2017-05-18,3.611
2017-05-19,3.382
2017-05-20,4.707
2017-05-21,3.759
2017-05-22,3.955
2017-05-23,4.596
2017-05-24,4.822
2017-05-25,4.336
2017-05-26,5.387
2017-05-27,4.75
2017-05-28,2.712
2017-05-29,4.068
2017-05-30,4.574
2017-05-31,6.725
2017-06-01,5.097
2017-06-02,4.76
2017-06-03,4.471
2017-06-04,4.684
2017-06-05,4.703
2017-06-06,5.397
2017-06-07,5.472
2017-06-08,4.592
2017-06-09,5.024
2017-06-10,9.978
2017-06-11,5.79
2017-06-12,10.455
2017-06-13,12.163
2017-06-14,5.116
2017-06-15,6.114
2017-06-16,7.237
2017-06-17,4.687
2017-06-18,4.927
2017-06-19,5.347
2017-06-20,5.089
2017-06-21,4.37
2017-06-22,5.538
2017-06-23,4.119
2017-06-24,4.258
2017-06-25,4.365
2017-06-26,4.226
2017-06-27,3.867
2017-06-28,4.478
2017-06-29,4.485
2017-06-30,4.603
2017-07-01,4.288
2017-07-02,4.868
2017-07-03,5.184
2017-07-04,5.663
2017-07-05,5.25
2017-07-06,4.938
2017-07-07,4.323
2017-07-08,4.24
2017-07-09,6.36
2017-07-10,3.985
2017-07-11,4.072
2017-07-12,3.47
2017-07-13,4.323
2017-07-14,3.844
2017-07-15,4.495
2017-07-16,3.29
2017-07-17,5.716
2017-07-18,3.586
2017-07-19,3.7
2017-07-20,4.186
2017-07-21,5.05
2017-07-22,4.532
2017-07-23,5.311
2017-07-24,5.967
2017-07-25,4.121
2017-07-26,4.384
2017-07-27,4.154
2017-07-28,6.033
2017-07-29,4.34
2017-07-30,4.072
2017-07-31,4.267
2017-08-01,4.275
2017-08-02,4.981
2017-08-03,6.154
2017-08-04,6.93
2017-08-05,5.035
2017-08-06,5.959
2017-08-07,4.887
2017-08-08,5.088
2017-08-09,5.225
2017-08-10,5.442
2017-08-11,5.707
2017-08-12,6.639
2017-08-13,7.267
2017-08-14,6.271
2017-08-15,7.332
2017-08-16,7.177
2017-08-17,6.039
2017-08-18,8.408
2017-08-19,8.704
2017-08-20,7.848
2017-08-21,5.921
2017-08-22,6.261
2017-08-23,10.676
2017-08-24,7.322
2017-08-25,7.57
2017-08-26,9.339
2017-08-27,7.018
2017-08-28,6.211
2017-08-29,6.909
2017-08-30,6.547
2017-08-31,7.0
2017-09-01,5.837
2017-09-02,6.626
2017-09-03,8.679
2017-09-04,7.217
2017-09-05,6.808
2017-09-06,7.853
2017-09-07,6.619
2017-09-08,6.81
2017-09-09,7.109
2017-09-10,4.575
2017-09-11,7.656
2017-09-12,5.357
2017-09-13,6.006
2017-09-14,5.983
2017-09-15,4.032
2017-09-16,5.665
2017-09-17,6.214
2017-09-18,5.115
2017-09-19,5.421
2017-09-20,6.889
2017-09-21,5.873
2017-09-22,8.241
2017-09-23,4.495
2017-09-24,5.397
2017-09-25,5.601
2017-09-26,5.512
2017-09-27,6.736
2017-09-28,5.308
2017-09-29,6.231
2017-09-30,5.616
2017-10-01,9.642
2017-10-02,7.024
2017-10-03,7.035
2017-10-04,6.05
2017-10-05,6.909
2017-10-06,7.87
2017-10-07,9.04
2017-10-08,5.684
2017-10-09,7.412
2017-10-10,7.263
2017-10-11,7.251
2017-10-12,7.706
2017-10-13,10.584
2017-10-14,7.479
2017-10-15,15.65
2017-10-16,16.137
2017-10-17,6.831
2017-10-18,7.327
2017-10-19,16.51
2017-10-20,7.601
2017-10-21,6.565
2017-10-22,7.513
2017-10-23,9.395
2017-10-24,9.685
2017-10-25,6.176
2017-10-26,9.334
2017-10-27,4.45
2017-10-28,7.619
2017-10-29,8.095
2017-10-30,7.662
2017-10-31,13.195
2017-11-01,14.674
2017-11-02,6.428
2017-11-03,12.087
2017-11-04,9.438
2017-11-05,21.178
2017-11-06,9.893
2017-11-07,10.312
2017-11-08,12.108
2017-11-09,7.051
2017-11-10,11.648
2017-11-11,14.951
2017-11-12,19.945
2017-11-13,10.339
2017-11-14,9.991
2017-11-15,10.453
2017-11-16,10.885
2017-11-17,11.337
2017-11-18,12.624
2017-11-19,6.707
2017-11-20,11.071
2017-11-21,10.014
2017-11-22,6.53
2017-11-23,8.536
2017-11-24,10.243
2017-11-25,10.002
2017-11-26,11.917
2017-11-27,9.604
2017-11-28,11.605
2017-11-29,10.661
2017-11-30,10.205
2017-12-01,12.519
2017-12-02,11.293
2017-12-03,13.994
2017-12-04,9.362
2017-12-05,12.455
2017-12-06,8.884
2017-12-07,15.247
2017-12-08,15.437
2017-12-09,17.443
2017-12-10,16.697
2017-12-11,14.972
2017-12-12,20.435
2017-12-13,15.365
2017-12-14,15.814
2017-12-15,13.032
2017-12-16,19.331
2017-12-17,27.277
2017-12-18,20.265
2017-12-19,16.923
2017-12-20,31.5
2017-12-21,13.489
2017-12-22,19.048
2017-12-23,18.145
2017-12-24,9.447
2017-12-25,16.108
2017-12-26,13.067
2017-12-27,14.461
2017-12-28,11.464
2017-12-29,12.624
2017-12-30,16.338
2017-12-31,18.631
2018-01-01,14.391
2018-01-02,13.844
2018-01-03,12.836
2018-01-04,12.603
2018-01-05,7.444
2018-01-06,11.086
2018-01-07,57.676
2018-01-08,11.26
2018-01-09,11.839
2018-01-10,8.994
2018-01-11,7.927
2018-01-12,15.019
2018-01-13,10.933
2018-01-14,8.01
2018-01-15,9.44
2018-01-16,7.853
2018-01-17,6.964
2018-01-18,8.425
2018-01-19,5.459
2018-01-20,8.526
2018-01-21,7.477
2018-01-22,12.861
2018-01-23,8.516
2018-01-24,7.634
2018-01-25,5.596
2018-01-26,7.063
2018-01-27,7.285
2018-01-28,5.263
2018-01-29,7.132
2018-01-30,5.963
2018-01-31,9.667
2018-02-01,4.826
2018-02-02,6.078
2018-02-03,5.142
2018-02-04,18.628
2018-02-05,6.269
2018-02-06,6.608
2018-02-07,5.362
2018-02-08,10.218
2018-02-09,4.26
2018-02-10,4.85
2018-02-11,7.594
2018-02-12,3.406
2018-02-13,5.102
2018-02-14,3.325
2018-02-15,5.079
2018-02-16,5.977
2018-02-17,5.928
2018-02-18,8.159
2018-02-19,5.783
2018-02-20,7.433
2018-02-21,7.448
2018-02-22,8.722
2018-02-23,5.458
2018-02-24,4.702
2018-02-25,5.685
2018-02-26,4.591
2018-02-27,6.598
2018-02-28,2.885
2018-03-01,5.887
2018-03-02,5.168
2018-03-03,5.515
2018-03-04,4.366
2018-03-05,3.395
2018-03-06,3.609
2018-03-07,4.515
2018-03-08,4.053
2018-03-09,4.52
2018-03-10,5.15
2018-03-11,3.182
2018-03-12,4.246
2018-03-13,4.102
2018-03-14,3.21
2018-03-15,4.616
2018-03-16,3.438
2018-03-17,5.509
2018-03-18,4.49
2018-03-19,2.659
2018-03-20,3.682
2018-03-21,3.116
2018-03-22,3.296
2018-03-23,4.216
2018-03-24,3.345
2018-03-25,3.223
2018-03-26,3.145
2018-03-27,3.168
2018-03-28,3.339
2018-03-29,2.658
2018-03-30,1.788
2018-03-31,3.135
2018-04-01,2.037
2018-04-02,2.219
2018-04-03,3.59
2018-04-04,2.175
2018-04-05,2.969
2018-04-06,2.013
2018-04-07,2.397
2018-04-08,2.285
2018-04-09,3.087
2018-04-10,1.823
2018-04-11,4.124
2018-04-12,2.944
2018-04-13,3.618
2018-04-14,3.331
2018-04-15,3.002
2018-04-16,1.851
2018-04-17,3.036
2018-04-18,3.768
2018-04-19,7.591
2018-04-20,4.064
2018-04-21,4.544
2018-04-22,4.727
2018-04-23,5.129
2018-04-24,2.205
2018-04-25,3.606
2018-04-26,5.902
2018-04-27,2.645
2018-04-28,2.241
2018-04-29,1.579
2018-04-30,2.988
2018-05-01,2.76
2018-05-02,4.504
2018-05-03,2.157
2018-05-04,2.589
2018-05-05,1.89
2018-05-06,1.931
2018-05-07,2.306
2018-05-08,2.301
2018-05-09,2.239
2018-05-10,5.496
2018-05-11,2.298
2018-05-12,2.795
2018-05-13,1.769
2018-05-14,3.38
2018-05-15,2.104
2018-05-16,1.43
2018-05-17,4.322
2018-05-18,1.392
2018-05-19,2.094
2018-05-20,2.038
2018-05-21,2.719
2018-05-22,1.798
2018-05-23,1.921
2018-05-24,2.241
2018-05-25,1.543
2018-05-26,0.973
2018-05-27,1.376
2018-05-28,1.265
2018-05-29,1.153
2018-05-30,1.47
2018-05-31,1.101
2018-06-01,1.132
2018-06-02,1.421
2018-06-03,2.218
2018-06-04,1.541
2018-06-05,0.912
2018-06-06,1.699
2018-06-07,1.082
2018-06-08,1.146
2018-06-09,1.027
2018-06-10,1.068
2018-06-11,0.911
2018-06-12,0.813
2018-06-13,1.051
2018-06-14,0.672
2018-06-15,0.706
2018-06-16,1.069
2018-06-17,0.955
2018-06-18,0.867
2018-06-19,0.689
2018-06-20,0.794
2018-06-21,2.248
2018-06-22,0.706
2018-06-23,0.927
2018-06-24,0.835
2018-06-25,0.707
2018-06-26,1.094
2018-06-27,0.343
2018-06-28,0.664
2018-06-29,0.734
2018-06-30,0.684
2018-07-01,0.96
2018-07-02,0.962
2018-07-03,0.784
2018-07-04,1.46
2018-07-05,0.739
2018-07-06,0.804
2018-07-07,0.754
2018-07-08,0.765
2018-07-09,0.819
2018-07-10,0.941
2018-07-11,0.768
2018-07-12,0.577
2018-07-13,0.62
2018-07-14,0.802
2018-07-15,1.134
2018-07-16,1.187
2018-07-17,0.8
2018-07-18,0.671
2018-07-19,1.04
2018-07-20,0.905
2018-07-21,1.253
2018-07-22,1.318
2018-07-23,0.968
2018-07-24,0.801
2018-07-25,0.931
2018-07-26,0.848
2018-07-27,1.019
2018-07-28,1.09
2018-07-29,0.813
2018-07-30,0.898
2018-07-31,1.089
2018-08-01,1.041
2018-08-02,0.854
2018-08-03,0.748
2018-08-04,0.766
2018-08-05,0.893
2018-08-06,0.764
2018-08-07,0.752
2018-08-08,0.923
2018-08-09,0.72
2018-08-10,1.099
2018-08-11,0.71
2018-08-12,0.823
2018-08-13,1.29
2018-08-14,0.741
2018-08-15,0.696
2018-08-16,1.143
2018-08-17,1.282
2018-08-18,0.672
2018-08-19,1.967
2018-08-20,1.146
2018-08-21,1.317
2018-08-22,1.254
2018-08-23,1.63
2018-08-24,0.943
2018-08-25,1.712
2018-08-26,1.941
2018-08-27,1.719
2018-08-28,1.431
2018-08-29,1.782
2018-08-30,1.614
2018-08-31,0.756
2018-09-01,0.994
2018-09-02,1.059
2018-09-03,0.714
2018-09-04,0.738
2018-09-05,0.695
2018-09-06,0.86
2018-09-07,0.639
2018-09-08,0.792
2018-09-09,0.946
2018-09-10,1.28
2018-09-11,0.694
2018-09-12,0.696
2018-09-13,0.819
2018-09-14,0.866
2018-09-15,0.803
2018-09-16,0.902
2018-09-17,1.013
2018-09-18,0.739
2018-09-19,0.792
2018-09-20,0.772
2018-09-21,0.516
2018-09-22,0.742
2018-09-23,0.991
2018-09-24,0.87
2018-09-25,0.793
2018-09-26,0.833
2018-09-27,0.846
2018-09-28,1.064
2018-09-29,0.727
2018-09-30,0.902
2018-10-01,0.682
2018-10-02,0.853
2018-10-03,0.795
2018-10-04,0.704
2018-10-05,0.787
2018-10-06,0.885
2018-10-07,0.814
2018-10-08,1.058
2018-10-09,0.931
2018-10-10,0.966
2018-10-11,0.411
2018-10-12,0.918
2018-10-13,0.801
2018-10-14,0.755
2018-10-15,0.795
2018-10-16,0.77
2018-10-17,0.735
2018-10-18,0.717
2018-10-19,1.315
2018-10-20,0.459
2018-10-21,0.813
2018-10-22,0.839
2018-10-23,0.811
2018-10-24,0.738
2018-10-25,0.712
2018-10-26,0.77
2018-10-27,0.811
2018-10-28,0.767
2018-10-29,0.878
2018-10-30,0.777
2018-10-31,0.734
2018-11-01,0.651
2018-11-02,0.941
2018-11-03,0.729
2018-11-04,0.884
2018-11-05,0.801
2018-11-06,0.827
2018-11-07,0.968
2018-11-08,1.07
2018-11-09,1.149
2018-11-10,0.89
2018-11-11,0.961
2018-11-12,0.984
2018-11-13,0.793
2018-11-14,1.132
2018-11-15,0.702
2018-11-16,0.721
2018-11-17,0.696
2018-11-18,0.842
2018-11-19,0.707
2018-11-20,0.649
2018-11-21,0.522
2018-11-22,0.57
2018-11-23,0.515
2018-11-24,0.678
2018-11-25,0.532
2018-11-26,0.428
2018-11-27,0.472
2018-11-28,0.819
2018-11-29,1.582
2018-11-30,0.918
2018-12-01,2.775
2018-12-02,0.485
2018-12-03,2.622
2018-12-04,2.214
2018-12-05,0.45
2018-12-06,0.551
2018-12-07,0.517
2018-12-08,0.511
2018-12-09,0.504
2018-12-10,0.416
2018-12-11,0.419
2018-12-12,0.425
2018-12-13,0.559
2018-12-14,0.359
2018-12-15,0.433
2018-12-16,0.471
2018-12-17,0.445
2018-12-18,0.571
2018-12-19,0.56
2018-12-20,0.525
2018-12-21,0.446
2018-12-22,0.516
2018-12-23,0.387
2018-12-24,0.471
2018-12-25,0.409
2018-12-26,0.488
2018-12-27,0.552
2018-12-28,0.446
2018-12-29,0.585
2018-12-30,0.468
2018-12-31,0.458
2019-01-01,0.425
2019-01-02,0.548
2019-01-03,0.469
2019-01-04,0.538
2019-01-05,0.576
2019-01-06,0.451
2019-01-07,0.666
2019-01-08,0.438
2019-01-09,0.669
2019-01-10,0.386
2019-01-11,0.52
2019-01-12,0.495
2019-01-13,0.572
2019-01-14,1.355
2019-01-15,2.277
2019-01-16,1.675
2019-01-17,0.488
2019-01-18,0.505
2019-01-19,0.432
2019-01-20,0.48
2019-01-21,1.31
2019-01-22,0.274
2019-01-23,0.475
2019-01-24,0.53
2019-01-25,0.324
2019-01-26,0.381
2019-01-27,0.458
2019-01-28,0.456
2019-01-29,0.437
2019-01-30,0.617
2019-01-31,0.527
2019-02-01,0.463
2019-02-02,0.515
2019-02-03,0.425
2019-02-04,0.349
2019-02-05,0.513
2019-02-06,0.621
2019-02-07,0.516
2019-02-08,0.44
2019-02-09,0.641
2019-02-10,0.582
2019-02-11,0.535
2019-02-12,0.49
2019-02-13,0.44
2019-02-14,0.697
2019-02-15,0.458
2019-02-16,0.422
2019-02-17,0.384
2019-02-18,0.447
2019-02-19,0.573
2019-02-20,1.601
2019-02-21,0.613
2019-02-22,0.616
2019-02-23,0.582
2019-02-24,0.554
2019-02-25,0.615
2019-02-26,0.664
2019-02-27,0.497
2019-02-28,0.925
2019-03-01,0.627
2019-03-02,0.463
2019-03-03,0.506
2019-03-04,0.642
2019-03-05,0.695
2019-03-06,0.553
2019-03-07,0.638
2019-03-08,0.532
2019-03-09,0.524
2019-03-10,0.664
2019-03-11,0.56
2019-03-12,0.599
2019-03-13,0.661
2019-03-14,0.499
2019-03-15,0.541
2019-03-16,0.416
2019-03-17,0.626
2019-03-18,0.576
2019-03-19,0.73
2019-03-20,0.668
2019-03-21,0.678
2019-03-22,0.516
2019-03-23,0.578
2019-03-24,0.534
2019-03-25,0.528
2019-03-26,0.687
2019-03-27,0.65
2019-03-28,0.582
2019-03-29,1.212
2019-03-30,0.567
2019-03-31,0.313
2019-04-01,0.642
2019-04-02,0.634
2019-04-03,0.895
2019-04-04,0.688
2019-04-05,0.701
2019-04-06,0.65
2019-04-07,0.612
2019-04-08,0.746
2019-04-09,0.693
2019-04-10,1.032
2019-04-11,0.857
2019-04-12,1.544
2019-04-13,0.941
2019-04-14,0.691
2019-04-15,0.635
2019-04-16,0.748
2019-04-17,0.846
2019-04-18,0.911
2019-04-19,0.739
2019-04-20,0.808
2019-04-21,0.654
2019-04-22,0.844
2019-04-23,0.869
2019-04-24,0.731
2019-04-25,0.712
2019-04-26,0.663
2019-04-27,0.643
2019-04-28,0.711
2019-04-29,0.736
2019-04-30,0.768
2019-05-01,0.535
2019-05-02,0.684
2019-05-03,0.796
2019-05-04,1.181
2019-05-05,1.341
2019-05-06,1.071
2019-05-07,0.77
2019-05-08,0.937
2019-05-09,0.694
2019-05-10,0.874
2019-05-11,0.824
2019-05-12,1.059
2019-05-13,1.379
2019-05-14,1.614
2019-05-15,1.366
2019-05-16,1.163
2019-05-17,0.953
2019-05-18,1.09
2019-05-19,1.159
2019-05-20,1.036
2019-05-21,0.927
2019-05-22,1.045
2019-05-23,1.263
2019-05-24,1.142
2019-05-25,1.976
2019-05-26,1.181
2019-05-27,1.265
2019-05-28,1.302
2019-05-29,1.456
2019-05-30,1.269
2019-05-31,1.541
2019-06-01,1.106
2019-06-02,1.353
2019-06-03,2.418
2019-06-04,0.611
2019-06-05,0.891
2019-06-06,1.081
2019-06-07,1.316
2019-06-08,1.229
2019-06-09,1.444
2019-06-10,1.424
2019-06-11,1.12
2019-06-12,1.259
2019-06-13,1.317
2019-06-14,2.032
2019-06-15,1.165
2019-06-16,1.382
2019-06-17,1.133
2019-06-18,1.369
2019-06-19,1.363
2019-06-20,1.357
2019-06-21,1.524
2019-06-22,1.171
2019-06-23,1.74
2019-06-24,1.852
2019-06-25,1.641
2019-06-26,1.658
2019-06-27,1.97
2019-06-28,1.955
2019-06-29,2.157
2019-06-30,5.573
2019-07-01,1.74
2019-07-02,1.985
2019-07-03,1.477
2019-07-04,1.667
2019-07-05,1.184
2019-07-06,1.575
2019-07-07,1.549
2019-07-08,1.836
2019-07-09,2.331
2019-07-10,2.082
2019-07-11,1.479
2019-07-12,1.823
2019-07-13,1.513
2019-07-14,1.647
2019-07-15,1.949
2019-07-16,1.611
2019-07-17,1.658
2019-07-18,2.32
2019-07-19,1.134
2019-07-20,1.834
2019-07-21,1.899
2019-07-22,1.344
2019-07-23,1.677
2019-07-24,12.214
2019-07-25,1.224
2019-07-26,2.233
2019-07-27,2.126
2019-07-28,1.594
2019-07-29,5.203
2019-07-30,1.551
2019-07-31,1.689
2019-08-01,2.281
2019-08-02,1.82
2019-08-03,1.929
2019-08-04,1.38
2019-08-05,1.391
2019-08-06,1.706
2019-08-07,1.847
2019-08-08,2.432
2019-08-09,2.006
2019-08-10,2.227
2019-08-11,1.651
2019-08-12,2.395
2019-08-13,1.867
2019-08-14,1.984
2019-08-15,1.941
2019-08-16,2.104
2019-08-17,1.89
2019-08-18,2.221
2019-08-19,1.103
2019-08-20,2.213
2019-08-21,2.667
2019-08-22,2.088
2019-08-23,2.336
2019-08-24,1.721
2019-08-25,1.823
2019-08-26,2.008
2019-08-27,1.881
2019-08-28,1.818
2019-08-29,2.103
2019-08-30,1.995
2019-08-31,1.601
2019-09-01,1.849
2019-09-02,1.906
2019-09-03,1.634
2019-09-04,1.482
2019-09-05,1.742
2019-09-06,4.731
2019-09-07,2.316
2019-09-08,1.838
2019-09-09,1.549
2019-09-10,2.043
2019-09-11,1.993
2019-09-12,1.771
2019-09-13,2.341
2019-09-14,2.162
2019-09-15,2.17
2019-09-16,1.776
2019-09-17,1.341
2019-09-18,3.465
2019-09-19,1.701
2019-09-20,1.861
2019-09-21,2.334
2019-09-22,1.731
2019-09-23,1.277
2019-09-24,2.053
2019-09-25,1.885
2019-09-26,1.845
2019-09-27,1.83
2019-09-28,1.412
2019-09-29,1.57
2019-09-30,1.451
2019-10-01,1.405
2019-10-02,1.629
2019-10-03,1.554
2019-10-04,2.046
2019-10-05,1.62
2019-10-06,1.208
2019-10-07,1.264
2019-10-08,1.399
2019-10-09,1.354
2019-10-10,1.745
2019-10-11,1.389
2019-10-12,1.814
2019-10-13,1.447
2019-10-14,2.254
2019-10-15,0.853
2019-10-16,1.613
2019-10-17,1.646
2019-10-18,1.115
2019-10-19,1.58
2019-10-20,1.906
2019-10-21,0.863
2019-10-22,1.219
2019-10-23,1.399
2019-10-24,1.103
2019-10-25,1.243
2019-10-26,1.129
2019-10-27,1.39
2019-10-28,1.701
2019-10-29,1.801
2019-10-30,1.466
2019-10-31,1.313
2019-11-01,1.414
2019-11-02,2.132
2019-11-03,1.368
2019-11-04,1.595
2019-11-05,1.035
2019-11-06,1.107
2019-11-07,2.332
2019-11-08,1.506
2019-11-09,1.514
2019-11-10,1.407
2019-11-11,1.715
2019-11-12,1.11
2019-11-13,2.652
2019-11-14,1.403
2019-11-15,1.407
2019-11-16,1.269
2019-11-17,1.204
2019-11-18,1.122
2019-11-19,1.35
2019-11-20,1.361
2019-11-21,1.027
2019-11-22,1.182
2019-11-23,0.769
2019-11-24,3.626
2019-11-25,1.107
2019-11-26,1.104
2019-11-27,1.84
2019-11-28,0.907
2019-11-29,1.13
2019-11-30,1.165
2019-12-01,1.168
2019-12-02,1.046
2019-12-03,1.191
2019-12-04,0.952
2019-12-05,1.07
2019-12-06,1.117
2019-12-07,1.108
2019-12-08,1.172
2019-12-09,1.069
2019-12-10,1.037
2019-12-11,0.788
2019-12-12,1.051
2019-12-13,1.001
2019-12-14,0.928
2019-12-15,1.335
2019-12-16,0.918
2019-12-17,1.275
2019-12-18,1.199
2019-12-19,1.233
2019-12-20,1.167
2019-12-21,1.173
2019-12-22,0.961
2019-12-23,0.856
2019-12-24,1.349
2019-12-25,0.972
2019-12-26,1.099
2019-12-27,0.874
2019-12-28,1.048
2019-12-29,1.2
2019-12-30,1.135
2019-12-31,1.059
2020-01-01,1.114
2020-01-02,1.305
2020-01-03,0.967
2020-01-04,1.074
2020-01-05,0.991
2020-01-06,0.932
2020-01-07,0.866
2020-01-08,1.07
2020-01-09,1.269
2020-01-10,1.007
2020-01-11,1.044
2020-01-12,1.007
2020-01-13,1.321
2020-01-14,0.771
2020-01-15,1.146
2020-01-16,1.314
2020-01-17,1.152
2020-01-18,1.064
2020-01-19,1.534
2020-01-20,1.077
2020-01-21,1.124
2020-01-22,0.964
2020-01-23,1.281
2020-01-24,1.897
2020-01-25,1.483
2020-01-26,1.36
2020-01-27,1.162
2020-01-28,1.084
2020-01-29,1.513
2020-01-30,1.069
2020-01-31,1.234
2020-02-01,1.063
2020-02-02,0.85
2020-02-03,1.053
2020-02-04,1.101
2020-02-05,1.112
2020-02-06,0.975
2020-02-07,1.527
2020-02-08,1.137
2020-02-09,1.279
2020-02-10,2.741
2020-02-11,1.237
2020-02-12,1.187
2020-02-13,1.471
2020-02-14,1.275
2020-02-15,1.035
2020-02-16,1.279
2020-02-17,1.351
2020-02-18,1.229
2020-02-19,1.384
2020-02-20,1.041
2020-02-21,1.057
2020-02-22,1.401
2020-02-23,1.378
2020-02-24,1.236
2020-02-25,1.418
2020-02-26,1.229
2020-02-27,1.184
2020-02-28,1.285
2020-02-29,0.956
2020-03-01,1.132
2020-03-02,1.643
2020-03-03,1.368
2020-03-04,0.977
2020-03-05,0.903
2020-03-06,1.278
2020-03-07,1.146
2020-03-08,1.291
2020-03-09,0.978
2020-03-10,1.01
2020-03-11,0.875
2020-03-12,0.911
2020-03-13,0.714
2020-03-14,0.675
2020-03-15,0.719
2020-03-16,0.73
2020-03-17,0.677
2020-03-18,0.754
2020-03-19,0.576
2020-03-20,0.751
2020-03-21,0.796
2020-03-22,0.983
2020-03-23,0.763
2020-03-24,0.698
2020-03-25,0.837
2020-03-26,1.227
2020-03-27,1.096
2020-03-28,0.83
2020-03-29,0.685
2020-03-30,0.719
2020-03-31,0.784
2020-04-01,0.812
2020-04-02,0.754
2020-04-03,0.841
2020-04-04,1.027
2020-04-05,0.789
2020-04-06,0.836
2020-04-07,0.811
2020-04-08,0.935
2020-04-09,0.877
2020-04-10,0.848
2020-04-11,0.811
2020-04-12,1.089
2020-04-13,0.888
2020-04-14,0.846
2020-04-15,0.877
2020-04-16,0.866
2020-04-17,0.881
2020-04-18,0.988
2020-04-19,0.952
2020-04-20,0.778
2020-04-21,0.843
2020-04-22,0.76
2020-04-23,0.867
2020-04-24,0.849
2020-04-25,1.014
2020-04-26,1.344
2020-04-27,1.171
2020-04-28,1.003
2020-04-29,0.924
2020-04-30,0.983
2020-05-01,1.049
2020-05-02,1.059
2020-05-03,1.073
2020-05-04,1.01
2020-05-05,1.07
2020-05-06,1.197
2020-05-07,1.286
2020-05-08,1.113
2020-05-09,1.252
2020-05-10,1.268
2020-05-11,1.47
2020-05-12,1.134
2020-05-13,1.131
2020-05-14,1.065
2020-05-15,0.954
2020-05-16,1.655
2020-05-17,1.278
2020-05-18,1.344
2020-05-19,1.236
2020-05-20,1.095
2020-05-21,1.064
2020-05-22,1.132
2020-05-23,1.06
2020-05-24,1.113
2020-05-25,1.184
2020-05-26,1.374
2020-05-27,1.204
2020-05-28,1.013
2020-05-29,0.862
2020-05-30,1.062
2020-05-31,0.964
2020-06-01,1.123
2020-06-02,1.173
2020-06-03,1.546
2020-06-04,1.091
2020-06-05,1.183
2020-06-06,1.54
2020-06-07,1.689
2020-06-08,1.957
2020-06-09,1.395
2020-06-10,1.234
2020-06-11,1.324
2020-06-12,1.139
2020-06-13,1.25
2020-06-14,1.224
2020-06-15,1.219
2020-06-16,1.32
2020-06-17,1.231
2020-06-18,1.379
2020-06-19,1.265
2020-06-20,1.341
2020-06-21,1.412
2020-06-22,1.261
2020-06-23,1.277
2020-06-24,1.013
2020-06-25,1.134
2020-06-26,1.499
2020-06-27,1.247
2020-06-28,1.247
2020-06-29,1.259
2020-06-30,1.112
2020-07-01,1.155
2020-07-02,1.172
2020-07-03,1.228
2020-07-04,1.138
2020-07-05,1.187
2020-07-06,1.156
2020-07-07,1.201
2020-07-08,1.757
2020-07-09,1.282
2020-07-10,1.214
2020-07-11,1.283
2020-07-12,1.285
2020-07-13,0.952
2020-07-14,1.527
2020-07-15,1.525
2020-07-16,1.159
2020-07-17,1.009
2020-07-18,1.155
2020-07-19,1.467
2020-07-20,1.169
2020-07-21,0.973
2020-07-22,1.26
2020-07-23,1.255
2020-07-24,1.25
2020-07-25,1.252
2020-07-26,1.217
2020-07-27,1.246
2020-07-28,1.35
2020-07-29,1.412
2020-07-30,1.363
2020-07-31,1.828
2020-08-01,1.266
2020-08-02,1.473
2020-08-03,1.544
2020-08-04,1.25
2020-08-05,1.303
2020-08-06,1.472
2020-08-07,1.349
2020-08-08,1.493
2020-08-09,1.362
2020-08-10,1.426
2020-08-11,1.442
2020-08-12,1.16
2020-08-13,1.322
2020-08-14,1.496
2020-08-15,1.516
2020-08-16,1.474
2020-08-17,1.799
2020-08-18,1.577
2020-08-19,1.453
2020-08-20,1.349
2020-08-21,1.697
2020-08-22,1.4
2020-08-23,1.508
2020-08-24,1.589
2020-08-25,1.538
2020-08-26,1.165
2020-08-27,1.532
2020-08-28,1.314
2020-08-29,1.295
2020-08-30,1.384
2020-08-31,1.395
2020-09-01,1.717
2020-09-02,1.636
2020-09-03,1.32
2020-09-04,1.454
2020-09-05,1.177
2020-09-06,1.269
2020-09-07,1.528
2020-09-08,1.374
2020-09-09,1.126
2020-09-10,1.101
2020-09-11,1.308
2020-09-12,1.127
2020-09-13,1.324
2020-09-14,1.356
2020-09-15,1.541
2020-09-16,1.331
2020-09-17,1.283
2020-09-18,1.348
2020-09-19,1.338
2020-09-20,1.309
2020-09-21,1.335
2020-09-22,1.661
2020-09-23,1.395
2020-09-24,1.599
2020-09-25,1.401
2020-09-26,1.459
2020-09-27,1.268
2020-09-28,1.327
2020-09-29,1.641
2020-09-30,1.231
2020-10-01,1.326
2020-10-02,1.662
2020-10-03,1.348
2020-10-04,1.476
2020-10-05,1.37
2020-10-06,1.529
2020-10-07,1.752
2020-10-08,1.371
2020-10-09,1.356
2020-10-10,1.545
2020-10-11,1.775
2020-10-12,1.518
2020-10-13,1.583
2020-10-14,1.522
2020-10-15,1.478
2020-10-16,1.531
2020-10-17,1.703
2020-10-18,1.571
2020-10-19,1.594
2020-10-20,1.531
2020-10-21,1.524
2020-10-22,1.425
2020-10-23,1.413
2020-10-24,1.679
2020-10-25,1.734
2020-10-26,2.057
2020-10-27,1.65
2020-10-28,1.723
2020-10-29,1.56
2020-10-30,1.655
2020-10-31,1.717
2020-11-01,1.86
2020-11-02,1.752
2020-11-03,2.661
2020-11-04,1.67
2020-11-05,1.58
2020-11-06,1.952
2020-11-07,2.225
2020-11-08,2.126
2020-11-09,2.141
2020-11-10,2.276
2020-11-11,2.186
2020-11-12,2.403
2020-11-13,2.248
2020-11-14,2.179
2020-11-15,2.056
2020-11-16,2.144
2020-11-17,2.043
2020-11-18,1.951
2020-11-19,2.622
2020-11-20,1.965
2020-11-21,2.041
2020-11-22,2.418
2020-11-23,2.552
2020-11-24,2.373
2020-11-25,2.695
2020-11-26,1.917
2020-11-27,2.13
2020-11-28,2.546
2020-11-29,2.211
2020-11-30,2.581
2020-12-01,2.573
2020-12-02,2.62
2020-12-03,2.407
2020-12-04,2.874
2020-12-05,3.003
2020-12-06,2.9
2020-12-07,2.33
2020-12-08,2.779
2020-12-09,2.494
2020-12-10,2.07
2020-12-11,1.75
2020-12-12,2.337
2020-12-13,2.152
2020-12-14,2.354
2020-12-15,2.801
2020-12-16,2.317
2020-12-17,2.325
2020-12-18,2.687
2020-12-19,2.703
2020-12-20,2.197
2020-12-21,2.396
2020-12-22,2.745
2020-12-23,2.829
2020-12-24,2.88
2020-12-25,3.235
2020-12-26,3.236
2020-12-27,3.542
2020-12-28,3.204
2020-12-29,3.477
2020-12-30,3.242
2020-12-31,3.811
2021-01-01,3.987
2021-01-02,4.273
2021-01-03,4.093
2021-01-04,5.535
2021-01-05,3.946
2021-01-06,4.438
2021-01-07,4.293
2021-01-08,4.617
2021-01-09,5.111
2021-01-10,5.397
2021-01-11,4.675
2021-01-12,4.426
2021-01-13,4.569
2021-01-14,4.483
2021-01-15,4.604
2021-01-16,4.692
2021-01-17,4.452
2021-01-18,5.226
2021-01-19,4.286
2021-01-20,5.041
2021-01-21,4.239
2021-01-22,4.514
2021-01-23,3.697
2021-01-24,4.025
2021-01-25,4.407
2021-01-26,4.619
2021-01-27,4.214
2021-01-28,3.494
2021-01-29,3.951
2021-01-30,4.605
2021-01-31,4.974
2021-02-01,4.312
2021-02-02,3.789
2021-02-03,4.431
2021-02-04,4.26
2021-02-05,5.137
2021-02-06,4.524
2021-02-07,9.288
2021-02-08,4.935
2021-02-09,4.996
2021-02-10,5.148
2021-02-11,5.926
2021-02-12,5.55
2021-02-13,5.912
2021-02-14,6.164
2021-02-15,7.032
2021-02-16,6.572
2021-02-17,5.8
2021-02-18,6.669
2021-02-19,6.02
2021-02-20,6.506
2021-02-21,7.848
2021-02-22,6.724
2021-02-23,7.196
2021-02-24,7.688
2021-02-25,7.121
2021-02-26,6.262
2021-02-27,6.282
2021-02-28,6.776
2021-03-01,5.437
2021-03-02,6.593
2021-03-03,5.897
2021-03-04,6.487
2021-03-05,7.615
2021-03-06,6.018
2021-03-07,5.8
2021-03-08,8.122
2021-03-09,5.967
2021-03-10,6.463
2021-03-11,13.178
2021-03-12,7.275
2021-03-13,7.678
2021-03-14,5.139
2021-03-15,7.803
2021-03-16,8.067
2021-03-17,9.035
2021-03-18,7.023
2021-03-19,7.505
2021-03-20,5.794
2021-03-21,7.254
2021-03-22,7.124
2021-03-23,9.342
2021-03-24,7.527
2021-03-25,8.348
2021-03-26,6.88
2021-03-27,5.963
2021-03-28,6.873
2021-03-29,6.665
2021-03-30,8.417
2021-03-31,8.411
2021-04-01,5.715
2021-04-02,8.427
2021-04-03,7.377
2021-04-04,7.592
2021-04-05,6.824
2021-04-06,6.664
2021-04-07,6.924
2021-04-08,8.126
2021-04-09,7.179
2021-04-10,8.104
2021-04-11,9.602
2021-04-12,6.666
2021-04-13,7.718
2021-04-14,13.2
2021-04-15,10.007
2021-04-16,5.986
2021-04-17,6.857
2021-04-18,5.65
2021-04-19,5.964
2021-04-20,8.273
2021-04-21,7.362
2021-04-22,6.587
2021-04-23,6.617
2021-04-24,6.249
2021-04-25,6.585
2021-04-26,6.314
2021-04-27,6.721
2021-04-28,6.857
2021-04-29,5.951
2021-04-30,8.358
2021-05-01,6.491
2021-05-02,6.405
2021-05-03,6.61
2021-05-04,6.581
2021-05-05,6.137
2021-05-06,5.638
2021-05-07,7.774
2021-05-08,6.888
2021-05-09,6.659
2021-05-10,6.045
2021-05-11,6.163
2021-05-12,5.149
2021-05-13,6.968
2021-05-14,5.797
2021-05-15,6.072
2021-05-16,4.969
2021-05-17,4.691
2021-05-18,5.481
2021-05-19,4.122
2021-05-20,3.203
2021-05-21,4.613
2021-05-22,4.026
2021-05-23,4.196
2021-05-24,3.988
2021-05-25,3.265
2021-05-26,2.768
2021-05-27,3.826
2021-05-28,3.782
2021-05-29,3.661
2021-05-30,10.045
2021-05-31,3.324
2021-06-01,3.686
2021-06-02,3.286
2021-06-03,3.319
2021-06-04,3.904
2021-06-05,2.929
2021-06-06,3.969
2021-06-07,3.899
2021-06-08,3.457
2021-06-09,2.507
2021-06-10,3.043
2021-06-11,3.046
2021-06-12,3.189
2021-06-13,3.487
2021-06-14,1.993
2021-06-15,2.132
2021-06-16,3.399
2021-06-17,2.346
2021-06-18,2.444
2021-06-19,3.208
2021-06-20,3.603
2021-06-21,3.397
2021-06-22,2.325
2021-06-23,2.203
2021-06-24,2.002
2021-06-25,2.973
2021-06-26,2.081
2021-06-27,3.5
2021-06-28,1.97
2021-06-29,1.524
2021-06-30,1.856
2021-07-01,3.367
2021-07-02,1.498
2021-07-03,2.293
2021-07-04,2.824
2021-07-05,3.058
2021-07-06,2.492
2021-07-07,2.469
2021-07-08,2.612
2021-07-09,2.012
2021-07-10,2.382
2021-07-11,2.353
2021-07-12,2.195
2021-07-13,1.683
2021-07-14,1.75
2021-07-15,2.825
2021-07-16,1.53
2021-07-17,11.718
2021-07-18,2.126
2021-07-19,2.136
2021-07-20,2.465
2021-07-21,1.78
2021-07-22,1.958
2021-07-23,1.809
2021-07-24,1.921
2021-07-25,1.894
2021-07-26,2.312
2021-07-27,2.982
2021-07-28,3.394
2021-07-29,5.414
2021-07-30,1.359
2021-07-31,1.176
2021-08-01,1.756
2021-08-02,2.281
2021-08-03,1.49
2021-08-04,1.705
2021-08-05,1.548
2021-08-06,2.595
2021-08-07,2.233
2021-08-08,1.651
2021-08-09,1.966
2021-08-10,2.138
2021-08-11,2.002
2021-08-12,2.41
2021-08-13,2.702
2021-08-14,4.112
2021-08-15,2.171
2021-08-16,2.223
2021-08-17,1.987
2021-08-18,2.467
2021-08-19,2.946
2021-08-20,1.683
2021-08-21,2.159
2021-08-22,2.948
2021-08-23,1.79
2021-08-24,2.264
2021-08-25,4.419
2021-08-26,1.678
2021-08-27,2.23
2021-08-28,3.058
2021-08-29,2.846
2021-08-30,1.879
2021-08-31,2.567
2021-09-01,1.527
2021-09-02,1.443
2021-09-03,2.574
2021-09-04,2.112
2021-09-05,2.591
2021-09-06,1.745
2021-09-07,1.317
2021-09-08,1.619
2021-09-09,3.087
2021-09-10,3.181
2021-09-11,1.515
2021-09-12,2.387
2021-09-13,2.229
2021-09-14,1.538
2021-09-15,2.598
2021-09-16,2.089
2021-09-17,1.563
2021-09-18,1.633
2021-09-19,2.099
2021-09-20,2.309
2021-09-21,1.347
2021-09-22,1.689
2021-09-23,1.758
2021-09-24,1.612
2021-09-25,1.827
2021-09-26,2.497
2021-09-27,2.001
2021-09-28,1.012
2021-09-29,2.053
2021-09-30,1.68
2021-10-01,2.21
2021-10-02,2.131
2021-10-03,2.159
2021-10-04,1.133
2021-10-05,1.769
2021-10-06,1.573
2021-10-07,1.673
2021-10-08,1.765
2021-10-09,1.902
2021-10-10,3.356
2021-10-11,1.818
2021-10-12,2.37
2021-10-13,1.659
2021-10-14,2.009
2021-10-15,1.576
2021-10-16,1.741
2021-10-17,2.061
2021-10-18,2.526
2021-10-19,3.95
2021-10-20,1.823
2021-10-21,2.55
2021-10-22,1.231
2021-10-23,2.972
2021-10-24,1.123
2021-10-25,1.489
2021-10-26,2.102
2021-10-27,2.051
2021-10-28,1.832
2021-10-29,2.435
2021-10-30,2.302
2021-10-31,5.228
2021-11-01,3.731
2021-11-02,2.451
2021-11-03,1.517
2021-11-04,2.281
2021-11-05,4.412
2021-11-06,1.605
2021-11-07,2.202
2021-11-08,2.751
2021-11-09,2.261
2021-11-10,3.813
2021-11-11,2.677
2021-11-12,2.47
2021-11-13,2.991
2021-11-14,2.914
2021-11-15,2.224
2021-11-16,2.244
2021-11-17,3.581
2021-11-18,1.743
2021-11-19,2.196
2021-11-20,2.424
2021-11-21,2.419
2021-11-22,2.032
2021-11-23,2.852
2021-11-24,2.189
2021-11-25,2.224
2021-11-26,1.981
2021-11-27,1.338
2021-11-28,1.614
2021-11-29,1.893
2021-11-30,1.639
2021-12-01,2.226
2021-12-02,2.553
2021-12-03,1.498
2021-12-04,2.014
2021-12-05,1.403
2021-12-06,1.959
2021-12-07,2.148
2021-12-08,1.954
2021-12-09,2.028
2021-12-10,1.3
2021-12-11,1.771
2021-12-12,1.915
2021-12-13,1.359
2021-12-14,1.988
2021-12-15,1.699
2021-12-16,2.041
2021-12-17,2.231
2021-12-18,1.798
2021-12-19,1.973
2021-12-20,1.205
2021-12-21,1.637
2021-12-22,2.04
2021-12-23,1.392
2021-12-24,1.572
2021-12-25,1.21
2021-12-26,1.282
2021-12-27,1.847
2021-12-28,1.596
2021-12-29,1.676
2021-12-30,1.682
2021-12-31,2.015
2022-01-01,2.054
2022-01-02,1.413
2022-01-03,1.681
2022-01-04,1.112
2022-01-05,1.66
2022-01-06,1.523
2022-01-07,1.397
2022-01-08,1.596
2022-01-09,1.499
2022-01-10,1.845
2022-01-11,1.458
2022-01-12,1.712
2022-01-13,1.63
2022-01-14,1.549
2022-01-15,1.475
2022-01-16,1.783
2022-01-17,1.772
2022-01-18,1.213
2022-01-19,1.29
2022-01-20,1.887
2022-01-21,1.352
2022-01-22,1.507
2022-01-23,1.819
2022-01-24,1.36
2022-01-25,1.641
2022-01-26,1.471
2022-01-27,1.541
2022-01-28,1.092
2022-01-29,1.677
2022-01-30,1.287
2022-01-31,1.482
2022-02-01,11.163
2022-02-02,1.358
2022-02-03,0.917
2022-02-04,1.397
2022-02-05,1.029
2022-02-06,1.063
2022-02-07,1.39
2022-02-08,1.258
2022-02-09,1.332
2022-02-10,2.542
2022-02-11,1.523
2022-02-12,1.258
2022-02-13,1.836
2022-02-14,1.431
2022-02-15,1.624
2022-02-16,1.882
2022-02-17,1.477
2022-02-18,1.284
2022-02-19,1.32
2022-02-20,1.676
2022-02-21,1.485
2022-02-22,1.183
2022-02-23,1.792
2022-02-24,1.4
2022-02-25,1.039
2022-02-26,1.254
2022-02-27,1.336
2022-02-28,1.126
2022-03-01,0.975
2022-03-02,1.841
2022-03-03,1.615
2022-03-04,1.333
2022-03-05,1.563
2022-03-06,1.56
2022-03-07,1.666
2022-03-08,1.288
2022-03-09,1.348
2022-03-10,1.793
2022-03-11,3.163
2022-03-12,1.172
2022-03-13,1.521
2022-03-14,1.593
2022-03-15,1.239
2022-03-16,1.687
2022-03-17,1.588
2022-03-18,1.306
2022-03-19,1.634
2022-03-20,1.146
2022-03-21,1.183
2022-03-22,1.225
2022-03-23,1.371
2022-03-24,1.071
2022-03-25,3.416
2022-03-26,1.153
2022-03-27,1.388
2022-03-28,1.382
2022-03-29,3.238
2022-03-30,1.194
2022-03-31,1.227
2022-04-01,1.472
2022-04-02,0.989
2022-04-03,1.571
2022-04-04,1.06
2022-04-05,1.218
2022-04-06,1.236
2022-04-07,1.59
2022-04-08,1.223
2022-04-09,1.386
2022-04-10,1.381
2022-04-11,1.486
2022-04-12,1.704
2022-04-13,0.962
2022-04-14,2.454
2022-04-15,1.172
2022-04-16,1.106
2022-04-17,1.308
2022-04-18,1.027
2022-04-19,1.15
2022-04-20,1.341
2022-04-21,2.549
2022-04-22,0.818
2022-04-23,1.48
2022-04-24,1.043
2022-04-25,1.065
2022-04-26,0.896
2022-04-27,1.066
2022-04-28,1.003
2022-04-29,0.924
2022-04-30,0.987
2022-05-01,1.421
2022-05-02,0.795
2022-05-03,0.823
2022-05-04,1.154
2022-05-05,1.192
2022-05-06,1.076
2022-05-07,0.893
2022-05-08,1.101
2022-05-09,1.021
2022-05-10,0.939
2022-05-11,0.872
2022-05-12,0.828
2022-05-13,0.969
2022-05-14,2.465
2022-05-15,0.725
2022-05-16,0.938
2022-05-17,0.741
2022-05-18,0.858
2022-05-19,0.631
2022-05-20,0.847
2022-05-21,0.678
2022-05-22,0.738
2022-05-23,0.606
2022-05-24,0.858
2022-05-25,0.875
2022-05-26,0.842
2022-05-27,1.009
2022-05-28,1.05
2022-05-29,0.989
2022-05-30,0.848
2022-05-31,1.179
2022-06-01,0.874
2022-06-02,0.609
2022-06-03,0.741
2022-06-04,0.627
2022-06-05,0.89
2022-06-06,0.813
2022-06-07,0.654
2022-06-08,0.916
2022-06-09,0.603
2022-06-10,0.968
2022-06-11,0.579
2022-06-12,0.901
2022-06-13,0.794
2022-06-14,0.603
2022-06-15,0.493
2022-06-16,0.581
2022-06-17,0.81
2022-06-18,0.591
2022-06-19,0.617
2022-06-20,0.629
2022-06-21,0.442
2022-06-22,0.619
2022-06-23,0.544
2022-06-24,0.659
2022-06-25,2.024
2022-06-26,0.713
2022-06-27,0.525
2022-06-28,0.678
2022-06-29,0.983
2022-06-30,0.51
2022-07-01,0.518
2022-07-02,0.516
2022-07-03,0.61
2022-07-04,0.616
2022-07-05,0.623
2022-07-06,0.486
2022-07-07,0.538
2022-07-08,0.669
2022-07-09,0.669
2022-07-10,0.615
2022-07-11,0.449
2022-07-12,0.667
2022-07-13,0.679
2022-07-14,0.477
2022-07-15,0.412
2022-07-16,0.854
2022-07-17,0.6
2022-07-18,0.637
2022-07-19,0.668
2022-07-20,0.819
2022-07-21,0.73
2022-07-22,0.384
2022-07-23,0.534
2022-07-24,0.54
2022-07-25,0.537
2022-07-26,0.823
2022-07-27,0.802
2022-07-28,0.575
2022-07-29,0.561
2022-07-30,0.834
2022-07-31,0.678
2022-08-01,0.648
2022-08-02,0.652
2022-08-03,0.666
2022-08-04,0.66
2022-08-05,0.574
2022-08-06,1.2
2022-08-07,0.893
2022-08-08,0.611
2022-08-09,0.486
2022-08-10,1.628
2022-08-11,0.562
2022-08-12,0.622
2022-08-13,0.604
2022-08-14,0.633
2022-08-15,0.584
2022-08-16,0.677
2022-08-17,0.518
2022-08-18,0.946
2022-08-19,0.617
2022-08-20,0.65
2022-08-21,0.595
2022-08-22,0.549
2022-08-23,0.666
2022-08-24,0.571
2022-08-25,0.593
2022-08-26,0.903
2022-08-27,0.695
2022-08-28,1.541
2022-08-29,1.385
2022-08-30,0.555
2022-08-31,0.549
2022-09-01,0.569
2022-09-02,0.559
2022-09-03,0.816
2022-09-04,2.182
2022-09-05,0.584
2022-09-06,0.568
2022-09-07,0.686
2022-09-08,0.479
2022-09-09,0.561
2022-09-10,0.645
2022-09-11,0.601
2022-09-12,0.557
2022-09-13,0.517
2022-09-14,0.508
2022-09-15,0.457
2022-09-16,0.518
2022-09-17,0.553
2022-09-18,0.516
2022-09-19,0.643
2022-09-20,0.587
2022-09-21,0.589
2022-09-22,0.573
2022-09-23,0.609
2022-09-24,0.627
2022-09-25,0.564
2022-09-26,0.648
2022-09-27,0.706
2022-09-28,0.474
2022-09-29,0.524
2022-09-30,0.509
2022-10-01,0.58
2022-10-02,0.57
2022-10-03,0.525
2022-10-04,0.502
2022-10-05,0.639
2022-10-06,0.6
2022-10-07,0.823
2022-10-08,0.436
2022-10-09,0.613
2022-10-10,0.473
2022-10-11,0.691
2022-10-12,0.601
2022-10-13,0.591
2022-10-14,0.571
2022-10-15,0.597
2022-10-16,0.607
2022-10-17,0.596
2022-10-18,1.421
2022-10-19,0.546
2022-10-20,0.512
2022-10-21,0.527
2022-10-22,0.559
2022-10-23,0.618
2022-10-24,0.657
2022-10-25,1.11
2022-10-26,0.557
2022-10-27,0.963
2022-10-28,0.617
2022-10-29,0.677
2022-10-30,0.508
2022-10-31,0.611
2022-11-01,0.556
2022-11-02,0.938
2022-11-03,0.737
2022-11-04,1.551
2022-11-05,0.828
2022-11-06,0.53
2022-11-07,0.439
2022-11-08,0.582
2022-11-09,0.498
2022-11-10,0.482
2022-11-11,0.79
2022-11-12,0.526
2022-11-13,0.487
2022-11-14,0.484
2022-11-15,0.447
2022-11-16,0.574
2022-11-17,0.373
2022-11-18,0.362
2022-11-19,0.452
2022-11-20,0.513
2022-11-21,0.445
2022-11-22,0.502
2022-11-23,1.354
2022-11-24,0.53
2022-11-25,0.529
2022-11-26,0.351
2022-11-27,0.517
2022-11-28,0.433
2022-11-29,0.607
2022-11-30,0.44
2022-12-01,0.646
2022-12-02,0.443
2022-12-03,0.496
2022-12-04,0.427
2022-12-05,0.406
2022-12-06,0.38
2022-12-07,0.723
2022-12-08,0.524
2022-12-09,0.484
2022-12-10,0.949
2022-12-11,0.524
2022-12-12,0.527
2022-12-13,0.445
2022-12-14,0.451
2022-12-15,0.571
2022-12-16,0.641
2022-12-17,0.573
2022-12-18,0.623
2022-12-19,0.513
2022-12-20,0.482
2022-12-21,0.469
2022-12-22,0.585
2022-12-23,0.683
2022-12-24,0.562
2022-12-25,0.425
2022-12-26,0.559
2022-12-27,0.444
2022-12-28,0.587
2022-12-29,0.525
2022-12-30,0.677
2022-12-31,0.386
2023-01-01,0.599
2023-01-02,0.737
2023-01-03,0.544
2023-01-04,0.556
2023-01-05,0.817
2023-01-06,0.551
2023-01-07,0.61
2023-01-08,0.608
2023-01-09,0.561
2023-01-10,0.521
2023-01-11,0.453
2023-01-12,0.65
2023-01-13,0.548
2023-01-14,0.556
2023-01-15,0.563
2023-01-16,0.906
2023-01-17,0.576
2023-01-18,0.628
2023-01-19,0.527
2023-01-20,0.563
2023-01-21,0.581
2023-01-22,0.792
2023-01-23,0.614
2023-01-24,0.729
2023-01-25,0.792
2023-01-26,0.733
2023-01-27,0.636
2023-01-28,0.833
2023-01-29,0.759
2023-01-30,0.743
2023-01-31,0.759
2023-02-01,0.687
2023-02-02,0.66
2023-02-03,0.741
2023-02-04,0.796
2023-02-05,0.729
2023-02-06,0.857
2023-02-07,0.657
2023-02-08,0.947
2023-02-09,0.765
2023-02-10,0.94
2023-02-11,0.772
2023-02-12,0.635
2023-02-13,0.738
2023-02-14,0.724
2023-02-15,0.686
2023-02-16,0.834
2023-02-17,0.732
2023-02-18,0.732
2023-02-19,0.975
2023-02-20,0.813
2023-02-21,0.795
2023-02-22,0.684
2023-02-23,0.934
2023-02-24,0.727
2023-02-25,0.666
2023-02-26,0.863
2023-02-27,0.926
2023-02-28,0.617
2023-03-01,0.693
2023-03-02,0.715
2023-03-03,0.943
2023-03-04,1.133
2023-03-05,0.63
2023-03-06,0.796
2023-03-07,0.522
2023-03-08,0.871
2023-03-09,0.804
2023-03-10,0.844
2023-03-11,0.875
2023-03-12,0.697
2023-03-13,0.889
2023-03-14,0.9
2023-03-15,0.963
2023-03-16,1.022
2023-03-17,0.769
2023-03-18,1.106
2023-03-19,0.964
2023-03-20,0.942
2023-03-21,1.122
2023-03-22,1.007
2023-03-23,1.159
2023-03-24,1.104
2023-03-25,1.046
2023-03-26,1.12
2023-03-27,0.907
2023-03-28,1.071
2023-03-29,0.871
2023-03-30,0.453
2023-03-31,1.236
2023-04-01,1.193
2023-04-02,1.169
2023-04-03,1.284
2023-04-04,0.849
2023-04-05,0.879
2023-04-06,0.757
2023-04-07,0.812
2023-04-08,1.109
2023-04-09,1.068
2023-04-10,0.893
2023-04-11,0.925
2023-04-12,0.856
2023-04-13,1.069
2023-04-14,1.164
2023-04-15,1.013
2023-04-16,1.065
2023-04-17,0.924
2023-04-18,1.23
2023-04-19,2.386
2023-04-20,1.232
2023-04-21,1.119
2023-04-22,1.115
2023-04-23,1.224
2023-04-24,1.183
2023-04-25,1.023
2023-04-26,1.134
2023-04-27,1.09
2023-04-28,1.352
2023-04-29,1.474
2023-04-30,0.996
2023-05-01,1.06
2023-05-02,1.164
2023-05-03,1.083
2023-05-04,1.161
2023-05-05,1.033
2023-05-06,1.102
2023-05-07,1.784
2023-05-08,1.453
2023-05-09,1.159
2023-05-10,1.062
2023-05-11,1.032
2023-05-12,1.33
2023-05-13,1.034
2023-05-14,1.516
2023-05-15,2.112
2023-05-16,1.182
2023-05-17,0.996
2023-05-18,0.901
2023-05-19,1.15
2023-05-20,1.199
2023-05-21,1.123
2023-05-22,1.101
2023-05-23,1.014
2023-05-24,1.147
2023-05-25,1.263
2023-05-26,1.174
2023-05-27,0.954
2023-05-28,1.358
2023-05-29,1.002
2023-05-30,1.334
2023-05-31,1.152
2023-06-01,1.184
2023-06-02,1.104
2023-06-03,0.942
2023-06-04,0.999
2023-06-05,1.193
2023-06-06,1.082
2023-06-07,1.166
2023-06-08,1.366
2023-06-09,1.277
2023-06-10,0.817
2023-06-11,1.173
2023-06-12,1.173
2023-06-13,1.172
2023-06-14,1.173
2023-06-15,1.016
2023-06-16,1.145
2023-06-17,0.991
2023-06-18,1.507
2023-06-19,1.346
2023-06-20,0.745
2023-06-21,0.931
2023-06-22,1.148
2023-06-23,1.066
2023-06-24,1.556
2023-06-25,1.784
2023-06-26,1.317
2023-06-27,1.445
2023-06-28,1.595
2023-06-29,0.838
2023-06-30,1.467
2023-07-01,2.566
2023-07-02,1.464
2023-07-03,1.213
2023-07-04,1.287
2023-07-05,1.11
2023-07-06,0.615
2023-07-07,1.179
2023-07-08,1.288
2023-07-09,1.373
2023-07-10,1.012
2023-07-11,1.574
2023-07-12,1.1
2023-07-13,0.788
2023-07-14,1.334
2023-07-15,1.316
2023-07-16,1.239
2023-07-17,0.807
2023-07-18,1.42
2023-07-19,1.186
2023-07-20,1.238
2023-07-21,0.7
2023-07-22,2.062
2023-07-23,1.401
2023-07-24,1.243
2023-07-25,0.929
2023-07-26,1.046
2023-07-27,0.742
2023-07-28,0.708
2023-07-29,1.416
2023-07-30,1.074
2023-07-31,0.882
2023-08-01,1.138
2023-08-02,0.764
2023-08-03,1.18
2023-08-04,1.162
2023-08-05,1.152
2023-08-06,1.326
2023-08-07,1.019
2023-08-08,0.921
2023-08-09,1.268
2023-08-10,1.055
2023-08-11,1.441
2023-08-12,1.447
2023-08-13,1.406
2023-08-14,1.108
2023-08-15,1.23
2023-08-16,1.096
2023-08-17,1.316
2023-08-18,1.053
2023-08-19,0.991
2023-08-20,1.146
2023-08-21,1.16
2023-08-22,1.249
2023-08-23,0.93
2023-08-24,1.007
2023-08-25,1.16
2023-08-26,0.902
2023-08-27,1.554
2023-08-28,1.12
2023-08-29,0.716
2023-08-30,1.138
2023-08-31,1.061
2023-09-01,1.099
2023-09-02,0.915
2023-09-03,0.827
2023-09-04,1.017
2023-09-05,1.021
2023-09-06,1.216
2023-09-07,1.011
2023-09-08,1.05
2023-09-09,0.816
2023-09-10,1.071
2023-09-11,0.883
2023-09-12,0.814
2023-09-13,0.985
2023-09-14,1.391
2023-09-15,1.296
2023-09-16,1.054
2023-09-17,1.192
2023-09-18,1.717
2023-09-19,2.359
2023-09-20,1.012
2023-09-21,0.981
2023-09-22,1.161
2023-09-23,1.03
2023-09-24,1.161
2023-09-25,1.135
2023-09-26,1.038
2023-09-27,0.937
2023-09-28,1.181
2023-09-29,1.079
2023-09-30,1.313
2023-10-01,0.996
2023-10-02,0.871
2023-10-03,1.221
2023-10-04,1.319
2023-10-05,0.925
2023-10-06,1.155
2023-10-07,1.562
2023-10-08,1.264
2023-10-09,1.441
2023-10-10,1.178
2023-10-11,1.074
2023-10-12,0.939
2023-10-13,1.047
2023-10-14,1.494
2023-10-15,1.095
2023-10-16,1.009
2023-10-17,0.969
2023-10-18,1.14
2023-10-19,0.883
2023-10-20,1.052
2023-10-21,1.204
2023-10-22,1.169
2023-10-23,1.196
2023-10-24,1.258
2023-10-25,1.38
2023-10-26,1.709
2023-10-27,1.323
2023-10-28,1.553
2023-10-29,1.611
2023-10-30,1.289
2023-10-31,1.238
2023-11-01,2.146
2023-11-02,1.335
2023-11-03,1.221
2023-11-04,1.365
2023-11-05,1.312
2023-11-06,1.505
2023-11-07,1.446
2023-11-08,1.505
2023-11-09,1.263
2023-11-10,1.506
2023-11-11,1.382
2023-11-12,1.336
2023-11-13,1.542
2023-11-14,1.435
2023-11-15,1.407
2023-11-16,1.413
2023-11-17,1.376
2023-11-18,1.709
2023-11-19,1.6
2023-11-20,1.591
2023-11-21,1.556
2023-11-22,1.234
2023-11-23,1.466
2023-11-24,1.316
2023-11-25,1.405
2023-11-26,1.519
2023-11-27,1.357
2023-11-28,1.52
2023-11-29,1.346
2023-11-30,0.971
2023-12-01,1.615
2023-12-02,1.904
2023-12-03,1.514
2023-12-04,1.646
2023-12-05,1.516
2023-12-06,1.527
2023-12-07,1.759
2023-12-08,1.5
2023-12-09,1.716
2023-12-10,1.588
2023-12-11,1.733
2023-12-12,1.894
2023-12-13,1.589
2023-12-14,1.583
2023-12-15,1.801
2023-12-16,1.493
2023-12-17,1.603
2023-12-18,2.081
2023-12-19,1.501
2023-12-20,1.641
2023-12-21,1.575
2023-12-22,1.427
2023-12-23,1.947
2023-12-24,3.016
2023-12-25,1.843
2023-12-26,1.767
2023-12-27,2.434
2023-12-28,1.55
2023-12-29,1.107
2023-12-30,2.486
2023-12-31,1.597
2024-01-01,1.57
2024-01-02,1.649
2024-01-03,1.839
2024-01-04,1.551
2024-01-05,1.496
2024-01-06,1.701
2024-01-07,1.615
2024-01-08,1.672
2024-01-09,1.776
2024-01-10,1.691
2024-01-11,1.846
2024-01-12,1.477
2024-01-13,1.809
2024-01-14,2.029
2024-01-15,1.613
2024-01-16,4.053
2024-01-17,1.28
2024-01-18,1.57
2024-01-19,1.484
2024-01-20,1.537
2024-01-21,1.745
2024-01-22,1.253
2024-01-23,1.288
2024-01-24,1.862
2024-01-25,1.543
2024-01-26,1.174
2024-01-27,1.816
2024-01-28,1.522
2024-01-29,1.171
2024-01-30,1.535
2024-01-31,1.699
2024-02-01,1.33
2024-02-02,1.511
2024-02-03,1.607
2024-02-04,1.657
2024-02-05,1.664
2024-02-06,2.469
2024-02-07,1.663
2024-02-08,1.56
2024-02-09,1.499
2024-02-10,1.776
2024-02-11,1.816
2024-02-12,1.485
2024-02-13,1.435
2024-02-14,1.786
2024-02-15,1.705
2024-02-16,1.714
2024-02-17,1.858
2024-02-18,2.011
2024-02-19,3.857
2024-02-20,1.587
2024-02-21,1.341
2024-02-22,2.214
2024-02-23,1.626
2024-02-24,2.033
2024-02-25,2.172
2024-02-26,1.898
2024-02-27,2.002
2024-02-28,2.167
2024-02-29,2.102
2024-03-01,2.985
2024-03-02,1.906
2024-03-03,2.274
2024-03-04,2.062
2024-03-05,2.219
2024-03-06,2.576
2024-03-07,2.943
2024-03-08,2.55
2024-03-09,2.463
2024-03-10,3.081
2024-03-11,2.332
2024-03-12,2.36
2024-03-13,2.664
2024-03-14,3.516
2024-03-15,2.34
2024-03-16,2.534
2024-03-17,5.632
2024-03-18,1.942
2024-03-19,1.792
2024-03-20,1.794
2024-03-21,1.803
2024-03-22,5.511
2024-03-23,5.547
2024-03-24,3.577
2024-03-25,2.231
2024-03-26,2.464
2024-03-27,2.228
2024-03-28,4.672
2024-03-29,2.519
2024-03-30,2.033
2024-03-31,2.056
2024-04-01,2.649
2024-04-02,2.668
2024-04-03,2.33
2024-04-04,2.205
2024-04-05,2.239
2024-04-06,2.978
2024-04-07,3.02
2024-04-08,2.196
2024-04-09,1.738
2024-04-10,2.062
2024-04-11,2.266
2024-04-12,2.893
2024-04-13,2.488
2024-04-14,2.36
2024-04-15,1.799
2024-04-16,2.913
2024-04-17,2.419
2024-04-18,1.959
2024-04-19,2.513
2024-04-20,2.074
2024-04-21,2.101
2024-04-22,2.717
2024-04-23,2.281
2024-04-24,2.299
2024-04-25,2.134
2024-04-26,1.919
2024-04-27,3.202
2024-04-28,3.103
2024-04-29,2.257
2024-04-30,1.841
2024-05-01,1.804
2024-05-02,1.728
2024-05-03,1.896
2024-05-04,2.108
2024-05-05,2.483
2024-05-06,3.203
2024-05-07,2.287
2024-05-08,2.218
2024-05-09,2.055
2024-05-10,2.34
2024-05-11,2.215
2024-05-12,2.692
2024-05-13,1.998
2024-05-14,2.389
2024-05-15,3.637
2024-05-16,2.187
2024-05-17,2.684
2024-05-18,2.096
2024-05-19,2.546
2024-05-20,2.683
2024-05-21,2.333
2024-05-22,2.893
2024-05-23,2.358
2024-05-24,2.672
2024-05-25,2.296
2024-05-26,3.088
2024-05-27,2.632
2024-05-28,2.925
2024-05-29,2.104
2024-05-30,2.279
2024-05-31,2.204
2024-06-01,2.107
2024-06-02,2.586
2024-06-03,2.194
2024-06-04,2.31
2024-06-05,2.787
2024-06-06,2.635
2024-06-07,2.167
2024-06-08,3.102
2024-06-09,2.421
2024-06-10,2.407
2024-06-11,3.658
2024-06-12,1.998
2024-06-13,2.424
2024-06-14,2.3
2024-06-15,2.441
2024-06-16,2.403
2024-06-17,2.558
2024-06-18,2.237
2024-06-19,2.164
2024-06-20,2.049
2024-06-21,2.804
2024-06-22,2.356
2024-06-23,2.143
2024-06-24,2.019
2024-06-25,1.892
2024-06-26,1.963
2024-06-27,2.41
2024-06-28,1.993
2024-06-29,1.635
2024-06-30,1.789
2024-07-01,1.808
2024-07-02,2.389
2024-07-03,4.278
2024-07-04,1.433
2024-07-05,1.831
2024-07-06,2.079
2024-07-07,1.677
2024-07-08,1.691
2024-07-09,2.141
2024-07-10,2.909
2024-07-11,2.17
2024-07-12,2.091
2024-07-13,2.092
2024-07-14,2.93
2024-07-15,1.922
2024-07-16,2.103
2024-07-17,2.296
2024-07-18,1.821
2024-07-19,2.353
2024-07-20,2.308
2024-07-21,2.196
2024-07-22,2.21
2024-07-23,3.595
2024-07-24,2.032
2024-07-25,2.128
2024-07-26,1.998
2024-07-27,2.642
2024-07-28,2.602
2024-07-29,1.987
2024-07-30,1.315
2024-07-31,1.865
2024-08-01,1.945
2024-08-02,1.686
2024-08-03,2.704
2024-08-04,2.299
2024-08-05,1.846
2024-08-06,1.541
2024-08-07,2.254
2024-08-08,1.68
2024-08-09,1.766
2024-08-10,2.555
2024-08-11,2.0
2024-08-12,1.436
2024-08-13,1.419
2024-08-14,1.379
2024-08-15,1.655
2024-08-16,1.547
2024-08-17,1.641
2024-08-18,1.835
2024-08-19,1.371
2024-08-20,1.56
2024-08-21,1.449
2024-08-22,1.609
2024-08-23,1.648
2024-08-24,1.776
2024-08-25,1.813
2024-08-26,1.534
2024-08-27,0.993
2024-08-28,1.796
2024-08-29,3.198
2024-08-30,1.505
2024-08-31,2.436
2024-09-01,1.819
2024-09-02,1.712
2024-09-03,1.52
2024-09-04,1.64
2024-09-05,1.526
2024-09-06,1.587
2024-09-07,1.505
2024-09-08,1.472
2024-09-09,1.754
2024-09-10,1.553
2024-09-11,1.42
2024-09-12,1.346
2024-09-13,1.596
2024-09-14,1.553
2024-09-15,1.724
2024-09-16,1.593
2024-09-17,1.517
2024-09-18,1.506
2024-09-19,1.545
2024-09-20,1.597
2024-09-21,1.608
2024-09-22,1.593
2024-09-23,1.482
2024-09-24,1.547
2024-09-25,1.544
2024-09-26,1.64
2024-09-27,1.506
2024-09-28,1.816
2024-09-29,1.993
2024-09-30,1.459
2024-10-01,1.708
2024-10-02,1.158
2024-10-03,1.4
2024-10-04,1.82
2024-10-05,2.07
2024-10-06,1.812
2024-10-07,1.456
2024-10-08,1.754
2024-10-09,1.218
2024-10-10,1.018
2024-10-11,1.56
2024-10-12,2.0
2024-10-13,1.99
2024-10-14,1.432
2024-10-15,2.192
2024-10-16,1.705
2024-10-17,1.823
2024-10-18,1.579
2024-10-19,1.754
2024-10-20,1.944
2024-10-21,2.369
2024-10-22,1.802
2024-10-23,2.031
2024-10-24,1.845
2024-10-25,1.849
2024-10-26,1.774
2024-10-27,1.94
2024-10-28,1.556
2024-10-29,1.623
2024-10-30,1.781
2024-10-31,1.644
2024-11-01,1.537
2024-11-02,1.738
2024-11-03,2.009
2024-11-04,1.939
2024-11-05,1.354
2024-11-06,1.11
2024-11-07,1.71
2024-11-08,1.814
2024-11-09,1.842
2024-11-10,1.968
2024-11-11,1.872
2024-11-12,1.991
2024-11-13,2.466
2024-11-14,1.691
2024-11-15,2.843
2024-11-16,2.445
2024-11-17,2.474
2024-11-18,2.08
2024-11-19,2.296
2024-11-20,2.047
2024-11-21,2.334
2024-11-22,1.933
2024-11-23,2.261
2024-11-24,2.559
2024-11-25,1.796
2024-11-26,2.869
2024-11-27,3.133
2024-11-28,4.236
2024-11-29,2.657
2024-11-30,2.402
2024-12-01,2.271
2024-12-02,3.482
2024-12-03,3.941
2024-12-04,1.896
2024-12-05,1.834
2024-12-06,1.482
2024-12-07,2.957
2024-12-08,2.65
2024-12-09,1.662
2024-12-10,1.994
2024-12-11,2.844
2024-12-12,2.575
2024-12-13,2.305
2024-12-14,3.017
2024-12-15,1.843
2024-12-16,2.226
2024-12-17,1.865
2024-12-18,2.931
2024-12-19,2.142
2024-12-20,2.872
2024-12-21,2.442
2024-12-22,3.121
2024-12-23,2.147
2024-12-24,3.013
2024-12-25,2.57
2024-12-26,2.002
2024-12-27,4.656
2024-12-28,2.818
2024-12-29,4.303
2024-12-30,1.904
2024-12-31,2.859
2025-01-01,5.216
2025-01-02,2.011
2025-01-03,2.306
2025-01-04,2.976
2025-01-05,2.283
2025-01-06,2.183
2025-01-07,1.822
2025-01-08,2.03
2025-01-09,2.348
2025-01-10,2.14
2025-01-11,2.364
2025-01-12,2.513
2025-01-13,2.417
2025-01-14,2.482
2025-01-15,2.537
2025-01-16,2.76
2025-01-17,2.469
2025-01-18,3.194
2025-01-19,
2025-01-20,
2025-01-21,2.52
2025-01-22,3.992
2025-01-23,4.927
2025-01-24,2.44
2025-01-25,3.151
2025-01-26,3.03
2025-01-27,1.881
2025-01-28,2.204
2025-01-29,2.802
2025-01-30,2.029
2025-01-31,2.009
2025-02-01,2.871
2025-02-02,2.365
2025-02-03,1.844
2025-02-04,1.564
2025-02-05,4.965
2025-02-06,3.578
2025-02-07,1.811
2025-02-08,1.869
2025-02-09,5.648
2025-02-10,2.587
2025-02-11,3.748
2025-02-12,2.336
2025-02-13,2.277
2025-02-14,2.425
2025-02-15,2.915
2025-02-16,2.54
2025-02-17,2.45
2025-02-18,2.112
2025-02-19,2.351
2025-02-20,2.709
2025-02-21,1.92
2025-02-22,1.801
2025-02-23,2.273
2025-02-24,2.171
2025-02-25,2.7
2025-02-26,2.464
2025-02-27,1.599
2025-02-28,1.765
2025-03-01,1.87
2025-03-02,3.116
2025-03-03,2.597
2025-03-04,1.82
2025-03-05,2.133
2025-03-06,1.968
2025-03-07,1.702
2025-03-08,2.055
2025-03-09,1.757
2025-03-10,1.948
2025-03-11,1.504
2025-03-12,1.326
2025-03-13,2.095
2025-03-14,2.162
2025-03-15,2.151
2025-03-16,2.086
2025-03-17,1.834
2025-03-18,1.946
2025-03-19,1.997
2025-03-20,2.28
2025-03-21,2.063
2025-03-22,3.549
2025-03-23,1.966
2025-03-24,2.101
2025-03-25,1.903
2025-03-26,2.383
2025-03-27,2.18
2025-03-28,1.707
2025-03-29,1.3
2025-03-30,
2025-03-31,2.25
2025-04-01,1.674
2025-04-02,1.784
2025-04-03,4.236
2025-04-04,1.594
2025-04-05,2.337
2025-04-06,1.822
2025-04-07,2.471
2025-04-08,1.928
2025-04-09,1.818
2025-04-10,2.782
2025-04-11,2.367
2025-04-12,2.099
2025-04-13,2.701
2025-04-14,1.906
2025-04-15,2.001
2025-04-16,1.754
2025-04-17,1.769
2025-04-18,2.009
2025-04-19,1.881
2025-04-20,2.142
2025-04-21,2.128
2025-04-22,1.748
2025-04-23,2.474
2025-04-24,3.493
2025-04-25,1.554
2025-04-26,2.192
2025-04-27,2.205
2025-04-28,1.683
2025-04-29,2.516
2025-04-30,1.486
2025-05-01,1.864
2025-05-02,1.903
2025-05-03,2.355
2025-05-04,2.129
2025-05-05,2.504
2025-05-06,2.545
2025-05-07,1.722
2025-05-08,1.82
2025-05-09,1.937
2025-05-10,2.013
2025-05-11,2.335
2025-05-12,2.024
2025-05-13,2.274
2025-05-14,1.601
2025-05-15,2.974
2025-05-16,2.414
2025-05-17,2.719
2025-05-18,2.614
2025-05-19,2.304
2025-05-20,1.905
2025-05-21,2.099
2025-05-22,1.812
2025-05-23,1.854
2025-05-24,2.384
2025-05-25,3.046
2025-05-26,2.633
2025-05-27,1.719
2025-05-28,1.981
2025-05-29,2.619
2025-05-30,1.887
2025-05-31,2.284
2025-06-01,2.341
2025-06-02,1.544
2025-06-03,1.654
2025-06-04,2.598
2025-06-05,1.954
2025-06-06,1.467
2025-06-07,2.224
2025-06-08,2.721
2025-06-09,1.942
2025-06-10,1.676
2025-06-11,1.574
2025-06-12,1.951
2025-06-13,3.733
2025-06-14,2.192
2025-06-15,2.398
2025-06-16,1.789
2025-06-17,1.831
2025-06-18,1.926
2025-06-19,1.979
2025-06-20,1.973
2025-06-21,2.204
2025-06-22,2.022
2025-06-23,2.038
2025-06-24,1.974
2025-06-25,2.429
2025-06-26,2.41
2025-06-27,2.041
2025-06-28,2.115
2025-06-29,2.465
2025-06-30,2.761
2025-07-01,2.45
2025-07-02,2.416
2025-07-03,13.431
2025-07-04,7.802
2025-07-05,4.836
2025-07-06,3.68
2025-07-07,3.149
2025-07-08,3.531
2025-07-09,2.747
2025-07-10,2.321
2025-07-11,2.788
2025-07-12,2.456
2025-07-13,2.266
2025-07-14,2.249
2025-07-15,1.797
2025-07-16,1.694
2025-07-17,1.81
2025-07-18,2.666
2025-07-19,2.452
2025-07-20,2.211
2025-07-21,2.313
2025-07-22,2.775
2025-07-23,2.551
2025-07-24,2.628
2025-07-25,2.366
2025-07-26,2.226
2025-07-27,2.605
2025-07-28,2.448
2025-07-29,2.876
2025-07-30,2.352
2025-07-31,2.089
2025-08-01,2.06
2025-08-02,2.5
2025-08-03,2.143
2025-08-04,2.358
2025-08-05,2.056
2025-08-06,2.042
2025-08-07,1.895
2025-08-08,1.89
2025-08-09,1.836
2025-08-10,1.93
2025-08-11,1.701
2025-08-12,1.624
2025-08-13,1.691
2025-08-14,1.504
2025-08-15,3.086
2025-08-16,2.643
2025-08-17,2.23
2025-08-18,1.97
2025-08-19,1.768
2025-08-20,1.639
2025-08-21,1.538
2025-08-22,1.462
2025-08-23,2.041
2025-08-24,2.199
2025-08-25,1.765
2025-08-26,1.595
2025-08-27,1.48
2025-08-29,1.48
2025-08-30,2.099
2025-08-31,1.943
2025-09-01,1.938
2025-09-02,1.657
2025-09-03,1.655
2025-09-04,1.653
2025-09-05,1.477
2025-09-06,1.722
2025-09-07,1.774
2025-09-08,1.608
2025-09-09,1.49
2025-09-10,1.488
2025-09-11,1.434
2025-09-12,1.459
2025-09-13,1.645
2025-09-14,2.142
2025-09-15,1.805
2025-09-16,1.792
2025-09-17,1.62
2025-09-18,1.823
2025-09-19,1.593
2025-09-20,1.958
2025-09-21,2.062
2025-09-22,1.885
2025-09-23,1.796
2025-09-24,1.685
2025-09-25,1.556
2025-09-26,1.492
2025-09-27,
