d,cdd90dma
2023-07-07,8210604.297
2023-03-31,8045784.402
2022-11-28,10209299.224
2023-04-01,8051418.249
2022-11-29,10261103.117
2023-04-02,8023716.039
2023-07-11,8003304.936
2023-04-21,7761415.073
2023-04-23,7731586.195
2023-07-12,7998805.6
2022-12-03,10289069.044
2022-05-04,8250509.937
2022-05-30,8979895.493
2022-06-04,9257980.847
2022-07-19,9793397.921
2022-07-20,9465502.587
2022-07-24,9881960.173
2022-07-28,9832713.394
2022-07-29,9831629.611
2022-09-22,6324744.072
2022-09-26,6131906.268
2023-06-14,8341582.911
2022-10-26,6028924.567
2022-10-27,6109277.168
2022-10-31,6127313.191
2022-11-24,10471371.17
2022-12-07,10374195.967
2023-02-06,10457620.644
2023-02-07,10326681.069
2023-02-13,9318962.635
2023-02-15,8855099.759
2023-07-17,7978794.318
2023-02-16,8110020.207
2023-06-15,8370642.174
2023-02-20,7814826.152
2023-06-16,8388328.121
2024-06-21,16018209.975
2023-07-18,7962785.477
2023-07-19,7998917.168
2023-07-28,8821392.383
2022-11-03,6299793.982
2023-02-18,8036772.105
2022-06-08,9116418.55
2022-05-07,8339449.714
2023-03-30,8108807.859
2022-12-11,10489983.037
2022-09-24,6188873.099
2022-09-29,6002904.162
2023-04-20,7745744.366
2024-08-14,16883917.43
2024-08-10,17313127.225
2022-12-12,10396480.47
2023-04-28,7389940.869
2023-07-20,8009725.895
2022-05-06,8357422.663
2023-06-21,8620666.636
2024-07-15,15551983.107
2022-06-06,9119489.586
2023-07-21,8094205.647
2023-06-13,8318320.791
2022-06-07,9116411.316
2023-04-25,7707066.494
2022-07-26,9901854.176
2022-07-30,9808963.356
2022-07-31,9729805.6
2022-08-01,9658935.418
2022-08-03,9567111.717
2022-09-30,6067267.458
2022-10-03,6000038.085
2022-11-02,6251891.986
2023-04-24,7720567.308
2022-11-04,6653951.987
2022-12-06,10374654.766
2023-02-09,9785497.354
2023-02-14,8978436.716
2023-02-22,6968636.989
2023-02-23,6949385.965
2023-02-24,6980804.048
2023-04-03,8010638.712
2023-04-04,8050170.578
2023-04-07,7852066.494
2022-10-04,5977134.413
2023-02-28,7006698.144
2022-05-13,8990848.829
2022-11-09,6963041.885
2022-06-13,9059208.757
2023-03-01,7015666.812
2023-08-15,8163981.862
2023-06-25,8674136.46
2023-06-24,8772423.653
2023-06-22,8595256.66
2022-05-05,8297325.787
2022-05-15,9462117.722
2022-06-05,9143029.883
2022-06-12,8866487.1
2022-06-14,9147716.038
2022-06-15,9139097.368
2022-08-04,9551967.83
2022-08-05,9557951.139
2022-08-07,9373833.296
2022-09-27,6102819.455
2023-05-01,7404896.52
2022-10-05,5998278.623
2022-11-08,6834165.44
2022-11-10,7091943.349
2022-11-11,7555680.879
2022-12-15,10500124.662
2022-12-16,10554802.421
2022-12-17,10598956.956
2023-02-12,9401445.29
2023-02-21,6975320.088
2023-03-02,6979125.789
2023-03-03,7009849.829
2023-04-10,7731672.827
2023-04-11,7745315.841
2023-04-29,7458634.078
2023-04-30,7433998.566
2023-07-23,8123304.206
2023-04-06,7855056.801
2023-06-20,8579836.981
2022-05-10,8459704.514
2023-04-12,7866178.704
2023-04-26,7435262.346
2025-01-18,18673144.235
2023-04-27,7349520.686
2023-05-04,7428580.713
2024-11-02,9442576.946
2022-05-16,9498815.837
2022-05-17,9566605.641
2022-06-09,8760847.604
2022-06-10,8810681.738
2023-06-19,8450788.63
2022-06-16,9203699.571
2022-08-02,9609499.838
2022-10-02,5999892.371
2022-10-09,5868045.266
2022-11-05,6710505.546
2022-11-06,6760283.242
2022-10-01,6012367.517
2022-12-13,10429558.761
2022-12-14,10480363.709
2022-12-19,10592833.904
2022-12-20,10569201.916
2023-02-25,6978834.384
2023-02-26,6918394.74
2023-03-05,6932388.432
2023-06-27,8725960.004
2023-07-22,8136343.148
2022-08-08,9300090.378
2022-08-09,9139355.643
2022-05-09,8387963.554
2023-04-13,7869267.91
2024-08-18,16828334.017
2024-07-22,15715382.355
2023-08-30,7722305.626
2023-07-02,8231109.192
2023-03-08,7126072.548
2022-05-18,9532122.89
2022-11-14,7993093.419
2022-06-18,10028427.899
2023-04-15,7929527.29
2022-09-20,6343236.725
2023-06-30,7958293.033
2023-05-10,7715905.172
2023-05-09,7702451.673
2023-05-06,7423005.272
2022-05-20,9719027.54
2022-06-11,8854755.489
2022-06-17,9878719.032
2022-06-19,10042683.592
2022-06-20,10053114.693
2022-06-21,10107294.941
2022-06-22,10147218.948
2022-08-10,9102851.227
2022-08-11,8836729.158
2022-08-13,8352656.273
2022-08-15,8191959.268
2022-10-10,5847824.134
2022-10-11,5886989.425
2022-10-12,5877439.63
2022-11-07,6856435.914
2022-11-13,7874308.622
2022-11-15,8080031.024
2022-11-16,8412630.725
2022-11-18,9314547.614
2022-12-21,10595427.779
2022-12-23,10699600.033
2022-12-24,10714249.715
2022-12-25,10722315.788
2022-12-26,10630881.65
2023-02-27,6927783.124
2023-03-07,7132931.913
2023-03-17,7211858.881
2023-04-08,7829520.593
2023-04-14,7948732.317
2023-05-05,7444920.493
2023-05-12,7788784.091
2022-10-16,5776996.029
2023-07-04,8096192.914
2023-07-06,8193645.386
2023-03-19,7116722.481
2023-06-26,8704716.738
2023-05-15,8092918.442
2023-05-13,7774704.787
2023-03-22,7188795.626
2023-03-21,7159063.8
2023-03-20,7152718.52
2022-05-23,9563539.065
2022-05-24,9510096.341
2022-05-26,9481542.203
2022-05-27,9543351.941
2022-05-28,9497067.107
2022-05-29,9008702.366
2022-06-24,9632765.84
2022-06-25,9774051.208
2022-06-27,9378641.17
2022-06-28,9410275.71
2022-06-29,9477885.705
2022-08-16,8166364.383
2022-08-17,8066820.597
2022-08-18,8003455.302
2022-08-21,8001713.023
2023-03-18,7213194.185
2022-10-08,6034238.077
2022-10-17,5652495.681
2022-10-20,5751862.801
2022-10-21,5745926.157
2022-11-19,9341427.66
2022-11-20,9391356.205
2022-11-21,9469341.701
2022-11-22,9597696.456
2022-12-27,10613760.189
2022-12-29,10702344.608
2022-12-31,10970564.795
2023-01-01,10968672.402
2023-03-04,6994427.571
2022-10-23,5795303.544
2023-03-25,7285586.943
2022-07-01,9590207.709
2023-01-03,10968173.64
2023-05-19,8135867.208
2023-05-18,8112135.37
2023-05-17,8110470.844
2022-05-21,9685509.441
2022-06-30,9557434.941
2022-07-02,9577378.401
2022-08-22,7980718.152
2022-08-24,7951276.468
2022-08-25,7883684.552
2022-10-13,5783398.773
2022-10-22,5838939.094
2022-10-24,5786961.605
2023-01-02,10958296.015
2023-03-24,7313069.326
2022-07-04,9484032.856
2023-05-22,8337643.595
2023-01-09,11368805.625
2022-08-27,7907987.459
2022-12-30,10786976.861
2023-05-31,8491510.806
2023-05-28,8565253.185
2023-05-27,8611364.946
2023-05-26,8623586.075
2023-05-24,8458786.867
2022-06-26,9706141.25
2022-07-05,9467350.912
2022-07-07,9508451.594
2022-07-08,9549397.991
2022-07-09,9567669.891
2022-07-10,9528508.39
2022-07-11,9659213.966
2022-07-12,9655057.649
2022-08-19,8036376.634
2022-08-26,7920694.596
2022-08-28,8028741.076
2023-05-21,8126906.634
2022-08-30,8060740.609
2022-09-03,7827471.538
2022-09-04,7929749.283
2022-10-19,5813837.817
2022-10-25,5862333.918
2023-01-06,11310650.776
2023-01-11,11539561.977
2023-01-12,11573406.919
2023-01-13,11627165.797
2023-01-14,11645609.47
2023-05-14,7791866.559
2025-10-26,13904544.618
2023-06-05,8314140.608
2023-06-04,8463713.41
2023-06-03,8503638.41
2026-02-25,10473373.621
2022-07-16,9490177.373
2022-07-17,9472001.912
2022-09-05,7838423.774
2023-06-02,8574113.85
2022-09-06,7877862.457
2022-09-09,7780568.502
2022-09-10,7734483.638
2022-09-11,7512564.992
2022-09-14,7243090.51
2022-09-15,6579560.849
2022-09-16,6437983.865
2022-09-17,6404363.22
2022-09-19,6380029.2
2023-01-17,11128123.241
2023-01-18,11201976.46
2023-01-19,11235534.709
2023-01-20,11179645.024
2023-01-22,11177889.655
2023-02-05,10562427.571
2023-01-24,10971241.33
2023-01-26,11187799.857
2023-01-27,11287424.0
2023-01-28,11293161.593
2023-01-30,11247988.808
2023-01-31,11126834.187
2023-02-01,11150487.935
2023-02-02,10803823.883
2023-02-03,10788570.857
2023-02-04,10722510.554
2022-08-29,8090064.276
2023-01-10,11435401.458
2026-04-05,8689492.032
2026-04-19,8251263.211
2022-09-12,7317871.132
2022-09-13,7268944.044
2023-06-07,8298738.69
2023-06-06,8321576.335
2026-01-11,21738746.632
2026-01-19,20466731.924
2026-04-13,8091670.501
2026-02-17,17512994.427
2025-04-07,11530036.167
2024-04-13,19803388.892
2024-08-30,11394364.969
2024-08-11,17270656.434
2024-08-15,16879962.438
2024-05-31,21057367.265
2025-04-26,10959748.894
2025-04-25,10923069.259
2025-04-01,11096206.59
2025-03-07,15342769.234
2025-02-11,20012038.044
2024-12-01,13675712.168
2024-08-19,16817187.034
2024-06-17,18298532.553
2024-11-08,9424759.445
2026-01-12,21296228.842
2023-06-09,8305312.633
2026-04-07,8473383.092
2026-02-09,18543392.396
2026-01-20,20202495.583
2026-02-26,10498488.924
2023-06-29,7949475.223
2025-03-21,13294437.711
2025-04-13,11871838.039
2025-01-07,19145506.636
2024-11-14,10832165.814
2024-10-26,9877438.527
2024-10-20,10369065.715
2024-10-14,10121908.892
2024-07-29,16241781.338
2023-12-02,7648251.5
2026-03-05,9864024.393
2023-12-20,8505475.637
2024-08-04,16802658.334
2026-02-27,10536178.855
2024-07-30,16682542.615
2023-05-30,8438811.77
2024-09-03,11201429.528
2026-02-18,17355874.944
2026-02-19,17182687.52
2026-03-29,8709322.893
2025-04-08,11509491.721
2023-01-15,11461349.983
2025-02-02,19710771.321
2025-01-26,19904389.458
2025-01-13,18598586.861
2024-12-31,19572425.454
2024-11-21,12424292.377
2024-03-04,14874060.0
2026-03-28,8775903.752
2022-12-01,10368339.358
2024-11-03,9115645.803
2024-09-24,10369255.118
2022-11-25,10501897.969
2024-07-17,15443571.463
2022-10-30,6112748.314
2024-08-06,17139392.527
2024-06-23,15863444.981
2026-01-27,19489004.384
2022-10-28,6125649.288
2022-10-06,5980031.388
2024-05-19,16875765.829
2024-06-22,16509845.958
2022-09-02,7830955.96
2024-07-09,15681982.558
2024-10-02,9815253.847
2022-08-14,8267636.361
2022-05-12,8737936.366
2025-03-02,16549836.184
2025-03-09,14834332.783
2022-07-14,9359682.117
2024-10-31,9409730.246
2024-07-16,15559138.375
2025-02-12,19530499.078
2025-01-27,19867026.532
2024-10-03,9461002.453
2024-11-15,11307007.501
2024-12-02,13910248.322
2025-01-12,18875904.633
2022-05-22,9545232.328
2026-04-06,8680072.967
2026-04-14,8203593.861
2024-09-04,11105574.838
2026-02-28,10518580.222
2026-03-06,9912405.65
2023-07-27,8286291.134
2023-07-26,8121060.807
2023-07-29,8820232.897
2023-07-30,8816539.156
2023-08-04,8799572.627
2023-08-05,8542063.699
2023-08-06,8517015.625
2023-08-07,8470092.003
2023-08-08,8468099.756
2023-08-11,8433898.584
2023-08-13,8111429.36
2023-08-14,8137930.259
2023-08-18,8315505.798
2023-08-19,8302272.492
2023-09-02,7748302.744
2026-03-07,9876531.407
2023-09-01,7757733.473
2023-08-31,7726025.575
2023-08-25,7836046.139
2023-06-10,8333269.703
2023-08-20,8067848.716
2023-08-24,7813238.222
2023-08-03,8762224.099
2023-11-03,6877890.094
2023-08-09,8443804.782
2023-11-01,6742820.829
2023-08-10,8421194.975
2023-08-16,8193356.088
2023-08-17,8237953.064
2023-08-22,7998655.461
2023-08-23,7866493.462
2023-08-26,7805559.828
2023-10-31,6468371.121
2023-08-27,7802027.596
2023-08-28,7756338.627
2023-09-05,7677199.803
2023-09-06,7644985.095
2023-10-29,6422207.341
2023-09-07,7654230.969
2023-09-09,7620818.077
2023-10-28,6446136.351
2023-09-12,7311824.111
2023-09-13,7245102.137
2023-09-15,7290586.58
2023-09-16,7183206.091
2023-09-17,7102884.344
2023-09-18,7009394.321
2023-09-19,7097748.083
2023-09-20,7081172.458
2023-09-21,6907272.052
2023-09-22,6881903.934
2023-09-24,6794179.355
2023-09-25,6766891.708
2023-09-26,6706615.776
2023-10-27,6387311.774
2023-09-27,6561509.176
2023-10-01,6301462.847
2023-10-02,6415451.907
2023-10-03,6439455.014
2023-10-04,6331765.252
2023-10-06,6424461.643
2023-10-07,6490847.236
2023-10-08,6447854.998
2023-10-09,6451421.657
2023-10-10,6451705.635
2023-10-11,6493355.215
2023-10-12,6471641.092
2023-10-13,6494671.112
2023-10-15,6650970.619
2023-10-19,6664959.008
2023-10-20,6687295.489
2023-10-21,6686884.6
2023-10-22,6661795.526
2023-10-23,6764447.635
2023-10-24,6932084.002
2023-10-25,6795824.646
2023-11-07,6885132.164
2023-11-08,6884580.386
2023-11-09,7074071.709
2023-11-10,7120238.409
2024-01-17,11370457.865
2024-01-16,11253932.777
2023-11-11,7122994.743
2023-11-12,7039446.159
2023-11-13,7035943.601
2023-11-17,7137875.926
2023-11-18,7153179.665
2023-11-19,7144970.336
2024-01-15,10233009.34
2023-11-20,7160971.188
2024-01-14,10243947.127
2023-11-25,7388297.886
2023-11-26,7387107.826
2023-11-27,7290277.512
2023-11-29,7314823.693
2023-11-30,7580053.432
2024-01-13,10257655.606
2023-12-01,7635610.851
2023-12-03,7642675.724
2023-12-04,7805621.278
2023-12-06,8037617.484
2023-12-07,8133872.813
2023-12-08,8198683.34
2023-12-09,8236795.775
2023-12-10,8240534.737
2023-12-11,8321687.682
2023-12-13,8456478.205
2023-12-15,8559867.275
2023-12-16,8610002.527
2023-12-17,8516022.761
2023-12-19,8443770.412
2023-12-22,8772292.439
2023-12-23,8810187.734
2023-12-24,8969010.577
2024-01-11,10287655.606
2023-12-25,8954315.657
2023-12-27,9517674.551
2023-12-29,9809187.552
2023-12-30,9874592.772
2023-12-31,9773435.002
2024-01-01,9734335.399
2024-01-02,9727275.466
2024-01-03,9754727.866
2024-01-06,10343730.867
2024-01-08,10275386.241
2024-01-09,10251747.107
2024-01-10,10302135.15
2026-04-25,8639884.287
2024-01-22,11608128.359
2024-01-23,11808128.359
2024-01-24,11957327.58
2024-01-25,12124876.184
2024-04-11,19754926.468
2024-01-26,12211863.306
2024-01-27,12206945.26
2024-01-28,12162049.114
2024-01-30,12145264.272
2024-01-31,12225141.526
2024-02-02,12344604.447
2024-04-09,19850032.64
2024-02-03,12321788.445
2024-02-04,12347035.522
2024-02-05,12397297.743
2024-02-08,12464746.943
2024-04-07,19874993.494
2024-02-09,12526350.152
2024-04-05,19882672.603
2024-02-10,12543936.218
2024-02-15,12714856.227
2026-02-20,13626200.395
2024-02-12,12614673.275
2024-02-14,12638219.84
2024-02-16,12823287.395
2024-02-18,12752183.177
2024-02-19,13033464.038
2024-02-20,12961294.447
2024-02-23,13350409.607
2024-02-24,13331686.735
2024-02-26,13376175.084
2024-02-27,13493523.865
2024-02-28,13645777.938
2024-03-01,13921890.0
2024-03-02,14314140.0
2024-03-03,
2024-03-05,14792597.67
2024-03-06,15371605.056
2024-03-07,15629287.71
2024-03-09,15897305.11
2024-03-10,15987719.979
2024-03-11,16096597.792
2024-04-04,19859497.032
2024-03-14,16653687.06
2024-03-25,19753208.462
2024-03-26,19417084.66
2024-03-27,19448541.892
2024-03-28,19562204.705
2024-03-29,19551818.372
2024-03-31,19588521.506
2024-04-01,20241244.866
2024-04-02,20423623.736
2024-04-03,19840418.584
2024-04-14,19805197.176
2024-04-15,18805638.365
2024-07-31,16674891.627
2026-03-30,8666580.824
2024-04-16,18803388.966
2023-04-17,7708663.869
2024-04-17,18611077.366
2024-04-18,18656202.273
2024-06-16,18344329.696
2024-04-20,18769143.278
2024-04-22,18349628.484
2024-04-23,18050508.322
2024-04-24,18014977.717
2024-04-25,17906913.813
2024-04-27,17961573.115
2024-04-28,17883550.03
2024-06-15,18491453.626
2024-06-13,18782985.509
2024-06-12,18940054.812
2024-06-10,18936906.922
2024-06-09,19089080.516
2024-04-30,17669883.542
2024-06-08,19338195.725
2024-06-07,19486837.392
2024-06-05,19631400.446
2024-05-01,17659625.628
2024-05-04,17639458.048
2024-05-05,17542828.759
2024-05-06,17362023.479
2024-05-07,17315647.699
2024-06-04,19877790.315
2024-05-08,17289485.525
2024-05-09,17237975.224
2024-05-10,17224396.301
2024-05-12,17157603.431
2024-05-16,17238006.682
2024-05-13,17143847.313
2024-05-14,17026431.846
2024-05-18,17250964.942
2024-05-20,16871842.987
2024-05-21,16844478.686
2024-05-22,16814490.112
2024-05-23,16751875.396
2024-05-24,16803438.684
2024-05-25,16771416.08
2024-05-26,16736174.02
2024-05-29,21393889.628
2024-05-30,21059625.028
2024-06-01,21023346.573
2024-06-02,20797015.593
2024-06-06,19540499.221
2024-06-14,18778682.62
2026-03-23,8755925.491
2025-02-18,18356291.041
2025-01-08,19161384.856
2024-12-19,17211248.022
2022-06-23,9602424.702
2024-12-13,16224411.359
2024-11-26,13434294.16
2024-11-16,11374217.787
2024-10-15,10364182.924
2024-10-08,9815378.63
2024-07-14,15699330.057
2025-12-24,22485612.08
2025-11-03,14604636.204
2025-09-13,18555161.083
2025-08-20,17979069.468
2026-02-03,18974972.944
2025-07-19,19083572.913
2025-07-13,18331884.425
2025-07-06,17613730.76
2026-01-07,21642295.295
2025-06-15,12800760.799
2026-03-18,8859558.655
2026-03-31,8704455.357
2025-05-10,11257435.586
2025-05-05,11375205.551
2025-04-29,11189031.221
2025-02-24,16757698.966
2026-04-20,8266994.946
2022-07-18,9494146.536
2025-04-27,10874125.338
2025-04-14,11879379.307
2025-03-20,13310452.404
2025-03-01,16797536.115
2025-02-25,16737378.127
2025-02-19,17861906.92
2022-07-03,9534949.451
2024-12-14,16283283.094
2024-10-16,10222545.477
2024-10-09,9880189.821
2024-07-08,15553431.666
2025-11-04,14853165.941
2025-10-14,14036807.952
2026-02-04,18967387.079
2025-09-14,18432432.638
2025-09-07,18461118.404
2025-08-23,18108112.096
2025-08-21,17981936.48
2025-07-18,18934461.947
2025-12-25,22397288.808
2025-07-12,18333062.811
2025-07-05,17897593.567
2025-05-06,11351099.022
2024-07-03,14992998.356
2025-12-02,22390333.422
2026-03-12,9168550.484
2025-09-06,18457632.721
2025-12-30,22166005.282
2025-08-08,18720754.951
2025-07-07,17786280.247
2025-12-13,22817835.406
2023-03-14,7137781.672
2022-07-22,9874679.092
2025-06-14,12816462.706
2025-05-22,12533240.642
2025-04-30,11269277.527
2025-04-15,12026603.286
2025-03-14,14712574.305
2024-12-15,16279067.293
2024-12-07,15378918.755
2024-11-09,9447549.374
2024-10-10,9886549.529
2024-07-10,15785667.804
2025-12-14,22671673.022
2025-09-05,18434503.826
2025-07-20,19051529.894
2025-07-14,18201052.614
2025-07-08,17984485.196
2025-06-30,13705723.752
2025-04-09,11581472.882
2025-03-22,13291392.364
2025-03-15,14621370.416
2022-08-23,7969107.541
2025-01-01,19740098.961
2024-12-08,15350919.159
2024-07-02,14823200.021
2026-01-06,21669813.785
2025-12-31,22188456.135
2026-03-13,9178168.031
2025-12-15,22711587.548
2022-09-01,7858954.368
2025-09-08,18418645.464
2025-03-16,14364666.523
2025-01-21,18703178.89
2025-01-02,19736073.782
2025-01-19,18523454.367
2024-12-09,15728002.671
2024-06-29,15790904.833
2024-06-28,15836269.39
2026-01-13,20855908.891
2026-01-01,22139619.666
2026-02-15,18065970.875
2026-01-14,20805035.242
2025-01-20,18603545.929
2024-05-02,17608869.477
2022-09-07,7873291.919
2025-09-26,18902053.64
2025-09-20,19029032.338
2025-03-08,15266152.923
2024-09-01,11268425.773
2025-12-19,22498894.429
2024-04-29,17725402.862
2022-10-07,6004859.726
2025-09-27,18922484.069
2025-09-21,18961772.214
2025-06-04,12995791.426
2025-02-03,19725102.123
2025-01-22,18924438.707
2024-12-25,18430642.837
2024-09-25,10013696.741
2024-08-13,16904543.453
2024-07-18,15462076.511
2024-03-24,19164718.094
2022-10-14,5807976.623
2025-06-23,13020330.624
2025-06-05,12952419.052
2025-05-28,12864477.68
2024-08-28,11021268.323
2024-06-24,15788069.568
2025-12-07,22324107.295
2024-02-25,13341241.993
2022-10-18,6157939.79
2025-08-02,19491754.348
2025-07-24,19364978.541
2025-06-24,13081600.613
2024-12-24,18544156.315
2025-12-12,22781633.493
2026-01-21,20134091.782
2025-03-30,11558581.84
2024-02-11,12537010.834
2025-02-07,20373760.584
2022-12-10,10484383.589
2024-10-21,9998998.19
2025-12-17,22737857.951
2026-02-10,18622231.291
2026-01-22,20073001.694
2024-02-07,12479784.143
2023-01-21,11202219.813
2025-08-01,19488856.888
2025-02-08,20290260.414
2024-11-04,9164060.566
2024-10-22,9978731.368
2026-01-28,19276662.685
2025-12-16,22731990.232
2024-01-21,11542678.001
2023-01-23,11113889.507
2025-08-28,17369284.699
2025-08-09,18704073.361
2025-06-16,12896927.965
2024-07-04,15094527.378
2026-01-29,19189656.128
2025-08-14,18302045.464
2024-01-20,11659256.274
2023-03-10,7099585.826
2025-08-10,18651305.009
2025-05-24,12621325.666
2025-08-31,18241859.779
2025-08-15,18371824.607
2025-05-23,12613297.678
2023-12-26,9009907.584
2023-03-23,7262346.794
2025-04-19,11790940.288
2024-12-03,14241963.788
2024-10-04,9314280.656
2026-04-08,8435586.449
2025-09-01,18201441.188
2025-08-16,18538635.409
2025-04-20,11679256.547
2025-02-13,19083050.476
2024-10-27,9764053.578
2024-09-29,10099290.923
2023-11-24,7424642.418
2023-04-05,7857027.699
2024-08-22,16631884.627
2024-07-25,16239638.189
2026-03-01,10256549.609
2026-04-09,8399036.956
2023-11-22,7385502.356
2023-04-09,7790771.387
2025-11-18,16247365.076
2025-11-14,15736142.041
2025-04-21,11582238.375
2025-02-23,17100619.249
2025-01-14,18589231.384
2024-09-17,10874670.685
2024-08-07,17174758.833
2026-04-15,8248305.772
2023-11-15,7101135.828
2023-05-11,7738526.17
2025-11-15,15761228.259
2025-10-03,14643596.316
2025-03-10,14953650.236
2025-01-29,19797080.874
2024-11-22,12764248.542
2025-11-23,22635699.612
2025-10-21,13907293.0
2025-05-29,12970976.352
2025-03-28,12127249.673
2024-12-26,18471889.87
2023-11-05,6896044.41
2023-05-23,8439099.912
2023-04-22,7755708.176
2023-03-26,7308899.176
2026-03-08,9621408.711
2023-10-30,6462474.853
2023-05-25,8566983.523
2025-11-22,20098428.408
2025-11-10,15606452.27
2025-10-30,14412675.915
2025-10-22,13956296.548
2025-10-08,14629813.48
2025-07-26,19643216.711
2025-07-04,17924810.11
2025-05-30,13027523.41
2025-05-16,11767425.853
2025-04-02,11175600.083
2024-12-27,18712982.753
2025-11-27,22302001.616
2025-10-07,14537522.035
2023-10-14,6727091.183
2023-06-01,8555289.42
2025-08-03,19068613.398
2025-07-25,19607541.091
2025-05-17,11773781.574
2025-04-03,11472533.708
2026-02-21,10960901.755
2023-09-30,6334883.839
2023-06-18,8428845.96
2023-03-15,7198424.409
2022-09-21,6363611.213
2025-11-28,22293668.179
2025-08-04,18802206.57
2025-07-30,19533875.913
2025-05-11,11236310.555
2026-03-24,8780639.027
2026-03-19,8765170.851
2023-09-29,6341030.98
2023-08-01,8732498.423
2025-11-09,15591768.587
2025-07-31,19428788.229
2025-06-17,12905243.969
2025-05-12,11104124.122
2025-03-03,16292961.358
2024-12-20,17534010.522
2026-04-26,8593046.019
2026-04-01,8643707.628
2026-04-21,8469308.615
2025-10-28,13998155.439
2023-09-10,7557511.107
2023-09-08,7631521.423
2025-10-15,14270593.852
2025-06-18,12852439.253
2025-01-28,19841169.248
2024-12-21,17561246.532
2025-12-10,22737795.907
2023-09-14,7259411.135
2023-09-04,7667763.401
2025-11-05,14785600.127
2025-09-15,18527947.46
2025-06-09,12722932.507
2025-03-27,11938735.729
2024-11-01,9456428.016
2026-01-08,21605324.815
2026-02-05,18492433.512
2025-12-03,22439055.215
2025-10-27,13825417.492
2025-06-10,12729614.685
2024-11-11,9736790.387
2023-09-28,6587399.075
2023-08-02,8774103.695
2023-03-28,7299061.636
2023-03-13,7108260.131
2023-03-11,7126453.134
2022-07-21,9809232.718
2022-07-06,9507766.615
2023-10-17,6592549.217
2023-07-10,8080528.574
2023-03-09,7095491.394
2025-06-11,12673319.268
2024-09-11,10793064.387
2024-08-01,16727091.234
2026-03-14,9180043.689
2025-12-26,22432909.296
2026-02-16,17616871.188
2023-11-06,6872584.918
2023-07-03,8176718.612
2023-05-03,7455548.867
2025-09-09,18459379.883
2025-08-24,17791123.577
2025-01-09,18932006.014
2024-11-27,13312479.096
2026-01-02,22087864.099
2026-01-15,20597824.491
2023-11-16,7083228.662
2023-07-01,8262471.2
2023-06-17,8373661.789
2022-07-23,9903067.518
2025-08-22,18126267.628
2025-05-07,11310855.322
2025-02-26,16732457.517
2025-02-20,17541534.802
2024-10-17,10071130.987
2025-12-18,22411126.263
2025-12-20,22654358.577
2023-12-14,8445638.851
2023-07-16,7977963.589
2023-07-05,8042090.576
2025-09-28,18601572.678
2025-09-22,18902714.615
2025-07-21,19176092.195
2025-07-15,18263481.818
2025-05-01,11393282.759
2025-04-16,12057555.671
2024-12-16,16504964.214
2024-10-11,10155336.497
2024-07-11,15737013.492
2023-06-23,8768767.397
2024-01-05,10334944.759
2023-07-13,7978148.013
2023-05-20,8121738.785
2025-07-09,18009208.082
2025-07-01,13706271.631
2025-04-10,11743400.645
2025-03-23,12602780.311
2025-12-08,22539237.596
2024-01-07,10260081.547
2023-07-14,8025625.18
2023-05-08,7675150.205
2025-12-11,22724057.329
2025-06-29,13373154.572
2025-03-17,14153820.75
2025-01-03,19778813.536
2024-12-10,15807832.072
2024-06-30,15054523.106
2024-02-01,12254468.78
2023-07-31,8847168.232
2023-05-07,7658732.99
2024-09-02,11222124.303
2026-02-11,18425206.647
2026-01-23,20304151.013
2024-02-21,13043079.95
2023-08-12,8404561.468
2023-03-06,6922295.32
2025-02-04,20059418.345
2025-01-23,19888945.755
2024-09-26,10079264.693
2024-07-19,15732205.442
2024-03-12,16254770.186
2023-08-21,7982545.503
2023-01-25,10906294.323
2026-01-30,19168386.018
2025-06-06,12991619.239
2024-06-25,15736124.913
2024-03-13,16404541.597
2023-08-29,7795415.295
2023-03-16,7199162.719
2023-01-16,11049519.078
2025-06-25,13180955.134
2024-04-08,19840596.87
2023-09-11,7370614.503
2023-01-04,11003994.747
2024-04-10,19817395.793
2023-09-23,6847142.251
2022-12-28,10726120.682
2025-09-02,18020855.515
2025-02-09,20400661.749
2024-11-05,9193966.23
2024-10-23,9875068.106
2026-04-10,8240253.28
2026-03-02,10216742.553
2024-04-21,18534074.954
2023-10-05,6352507.324
2022-12-08,10390293.772
2025-11-19,16267909.581
2024-09-05,11123186.066
2024-07-05,15459847.995
2024-05-11,17208008.89
2023-10-16,6605806.716
2023-03-12,7103905.636
2023-02-11,9512207.7
2022-12-09,10466814.972
2022-11-27,10201894.128
2022-09-28,6008052.168
2022-05-31,9027679.793
2026-04-16,8296788.778
2025-10-02,14504226.874
2025-08-11,18389579.978
2023-07-25,8134887.795
2024-05-28,21647135.032
2023-10-26,6311486.07
2022-11-01,6145982.891
2025-10-04,14713290.066
2025-05-25,12633844.31
2024-12-04,14392379.583
2024-10-05,9270561.718
2025-11-24,22718316.548
2025-11-16,15763556.203
2025-10-23,13991670.579
2025-08-17,18263584.952
2025-02-14,19066275.837
2024-10-28,9314345.433
2026-03-09,9533111.244
2024-06-20,17664296.466
2023-11-02,6817299.489
2022-10-29,6115150.616
2024-09-30,10134422.693
2024-08-23,16703777.294
2024-07-26,16241686.46
2023-11-14,7028591.115
2022-10-15,5811075.696
2025-11-11,15637289.008
2025-04-22,11414106.357
2025-01-15,18706071.644
2024-09-18,10942825.102
2024-08-12,17268706.198
2024-08-08,17197990.83
2025-11-29,22239298.739
2026-02-22,10855068.422
2023-11-21,7255143.779
2022-09-08,7812804.752
2025-10-29,14208722.448
2025-10-09,14616694.16
2025-03-11,14737879.389
2024-11-23,12933809.709
2026-03-25,8805171.127
2023-11-28,7308221.44
2022-08-31,7888570.236
2025-10-31,14547539.62
2025-01-30,19746507.73
2026-03-20,8711949.614
2026-04-02,8660832.931
2025-03-29,11885242.465
2023-12-05,7876220.229
2022-06-02,9153056.618
2025-10-16,14270964.112
2025-05-31,12988051.483
2025-03-31,11292858.688
2024-12-28,18760597.04
2026-04-22,8515955.833
2026-01-09,21596321.606
2023-12-12,8473097.453
2026-02-06,18630467.666
2025-11-06,14806048.067
2025-09-16,18567759.562
2025-07-27,19476737.258
2025-05-18,11785461.662
2025-04-04,11513696.526
2025-02-17,18612923.858
2024-11-17,11371015.617
2025-12-04,22204696.845
2023-12-21,8551266.077
2025-08-05,18785986.856
2024-08-21,16660029.347
2023-12-28,9524420.507
2025-05-13,11377694.684
2025-03-04,16169923.625
2024-11-18,11482296.535
2024-08-05,17132879.503
2026-03-15,9114024.97
2025-12-27,22408841.94
2024-06-19,18000654.264
2024-01-04,10359819.603
2025-09-10,18496989.062
2025-06-19,12884767.419
2024-12-22,17551353.824
2026-01-03,22027054.945
2026-01-16,20584053.911
2024-05-17,17263752.185
2024-01-12,10277655.606
2023-10-18,6598014.235
2025-10-13,13906083.942
2024-04-19,18768996.357
2024-01-19,11670457.865
2025-09-29,18523673.383
2025-09-23,18983749.017
2024-11-12,10054424.048
2025-12-21,22607441.191
2022-12-02,10435634.731
2022-06-03,9212749.865
2023-04-18,7702956.401
2023-03-29,7280535.923
2023-02-19,7953269.825
2024-01-29,12216862.024
2023-07-15,8017070.673
2023-02-17,8112862.961
2023-07-09,8173999.195
2023-02-10,9524273.433
2023-02-08,10213288.827
2022-11-30,10273334.73
2025-10-12,14044333.608
2025-12-09,22565977.841
2025-06-12,12620748.822
2024-09-12,10786270.903
2024-04-12,19809679.403
2023-07-08,8214760.012
2023-06-12,8200427.591
2023-06-11,8261999.766
2023-04-19,7760533.554
2022-12-05,10366318.076
2022-06-01,9030081.54
2022-05-03,8218318.752
2022-11-26,10362802.579
2022-09-25,6153661.361
2022-09-23,6190194.949
2022-07-27,9874969.986
2022-07-25,9880601.411
2024-08-02,16777254.692
2024-02-17,12798520.113
2024-02-06,12614002.689
2025-08-25,17508953.532
2025-01-10,18944691.526
2024-11-28,13539397.76
2024-08-16,16908871.181
2023-07-24,8145459.209
2024-02-13,12536685.09
2024-01-18,11570457.865
2025-05-08,11463487.194
2025-02-27,16742051.234
2025-02-21,17420607.699
2024-10-18,10154290.861
2026-02-12,18283375.171
2026-01-24,20197508.371
2024-02-22,13198740.126
2023-11-23,7391634.265
2025-07-22,19324380.182
2025-07-16,18518628.999
2025-05-02,11533542.22
2025-04-17,11982419.652
2024-12-17,16662741.532
2024-10-12,10165678.695
2024-07-12,15762243.002
2024-02-29,13742960.0
2023-11-04,6889732.972
2025-07-10,17921349.452
2025-04-11,11890718.505
2025-03-24,12190152.036
2026-01-31,19240581.039
2024-03-08,15843658.658
2023-09-03,7680678.394
2025-06-28,13422882.236
2025-03-18,13888250.184
2025-01-04,19799814.996
2024-12-11,16092268.729
2024-03-23,19077349.963
2023-03-27,7424064.951
2025-07-02,13449347.64
2024-03-30,19554838.811
2023-01-08,11379536.421
2025-09-03,18061928.338
2025-08-29,18195056.999
2025-02-05,20311437.78
2025-01-24,19921671.37
2024-09-27,10139727.84
2024-07-20,15736728.197
2026-04-11,8237636.144
2026-03-03,10034680.589
2024-04-06,19912305.448
2023-01-05,11252026.475
2025-11-20,16368609.325
2025-06-07,13010963.419
2024-06-26,15408192.117
2024-04-26,17931313.804
2022-12-04,10313035.77
2025-06-26,13202621.428
2026-04-17,8301700.833
2024-05-03,17680988.152
2022-11-12,7860090.304
2025-10-05,14555529.314
2026-03-10,9250585.187
2024-05-15,17316630.871
2022-05-19,9643468.957
2025-11-25,22762705.257
2025-11-17,15903527.022
2025-10-24,14080491.729
2024-11-06,9348543.61
2024-10-24,9876625.647
2024-05-27,16658702.812
2022-05-14,9471646.251
2025-11-12,15559579.28
2024-09-06,11176294.018
2024-07-06,15649596.102
2025-11-30,22213431.033
2025-10-10,14548570.861
2025-08-12,18413104.776
2026-02-23,10785396.841
2024-06-03,20506438.825
2022-05-08,8310304.394
2026-03-21,8698898.304
2026-03-26,8799800.285
2024-06-11,19218055.445
2025-11-01,14601308.011
2025-05-26,12724123.607
2024-12-05,14880148.605
2024-10-06,9252340.935
2026-04-03,8671524.054
2024-06-18,18218036.776
2025-08-18,18095870.058
2025-02-15,19014663.42
2024-10-29,9408798.934
2024-08-24,16670126.739
2024-07-27,16265749.775
2026-04-23,8297333.426
2026-01-10,21748228.097
2025-11-07,15610517.939
2025-09-17,18752011.913
2025-04-23,10512254.974
2025-01-16,18684510.463
2024-09-19,10958641.073
2024-08-26,11167233.165
2024-08-09,17239012.79
2026-02-07,18688241.354
2025-12-05,22373304.463
2025-10-17,14396933.475
2025-03-12,14765108.135
2024-11-24,12989124.134
2024-09-23,10407093.0
2025-01-31,19753403.705
2026-03-16,8949049.269
2025-12-28,22380338.022
2025-06-01,12847069.898
2024-12-29,18949481.536
2026-01-04,21888949.44
2026-01-17,20580745.394
2025-07-28,19403702.941
2025-05-19,12025387.77
2025-04-05,11517746.211
2025-09-30,18648006.799
2025-09-24,18754649.599
2025-08-06,18605805.647
2025-12-22,22464882.776
2025-09-19,19098735.371
2025-05-14,11437944.275
2025-03-05,15630701.474
2024-11-19,11711443.8
2022-05-11,8620307.16
2025-09-12,18515818.574
2025-06-20,12856671.682
2024-12-23,18201448.889
2022-05-25,9519524.592
2025-09-11,18421861.334
2026-02-13,18398573.918
2022-07-13,9308642.501
2025-08-27,17331183.271
2024-11-13,10333719.079
2026-01-25,20059958.476
2022-07-15,9481051.258
2025-06-22,12972917.766
2025-06-13,12827728.942
2024-09-13,10843259.392
2024-08-03,16829264.336
2026-02-01,19069569.049
2022-08-06,9532015.716
2025-08-26,17480511.655
2025-06-03,12893419.954
2025-01-11,18930025.11
2024-11-29,13592327.934
2024-08-17,16884075.838
2022-08-12,8363509.02
2025-05-21,12458643.374
2025-05-09,11641354.93
2025-02-28,16833334.95
2025-02-22,17359924.278
2024-10-19,10236215.389
2022-08-20,8049967.714
2025-09-04,18172193.247
2025-08-30,18249350.163
2025-07-23,19357870.444
2025-07-17,18829096.598
2025-05-04,11410435.924
2025-05-03,11511228.874
2025-04-18,11873870.808
2024-12-18,16905626.816
2024-11-10,9506750.108
2024-10-13,10121188.898
2024-07-13,15731904.375
2026-03-04,10026685.713
2026-04-12,8170042.55
2022-09-18,6358468.879
2025-11-21,16560800.359
2025-07-11,18211536.318
2025-04-28,11004721.176
2025-04-12,11867652.532
2025-03-25,12210206.289
2024-07-01,14873483.781
2022-11-17,8536718.226
2025-03-26,12171617.905
2025-03-19,13510242.654
2025-01-05,19772264.652
2024-12-12,16050259.512
2026-04-18,8307154.455
2022-11-23,10451472.456
2025-10-06,14362928.781
2025-07-03,13491078.904
2025-02-10,20112719.639
2025-02-06,20351324.136
2025-11-26,23088144.912
2025-10-25,14103054.216
2025-01-25,19939698.057
2025-01-06,18996084.867
2024-09-28,10152643.862
2026-03-11,9239501.051
2022-12-18,10510937.957
2024-07-21,15716836.044
2022-12-22,10615483.231
2025-11-13,15740885.312
2025-06-08,12796519.886
2024-11-30,13639848.875
2024-06-27,15795124.861
2025-12-01,22404450.46
2026-02-24,10477853.005
2023-01-07,11376341.238
2025-10-11,14589767.49
2025-06-27,13432763.242
2024-10-01,9914365.379
2026-03-22,8871469.16
2026-03-27,8821044.728
2023-01-29,11260943.27
2025-11-02,14551069.327
2024-09-22,10360571.322
2026-04-04,8654142.73
2023-04-16,7804497.859
2024-11-07,9388382.576
2024-10-25,9877779.377
2024-09-21,10504922.862
2026-04-24,8660675.096
2026-02-08,18609730.033
2023-05-02,7349744.434
2025-11-08,15643923.15
2025-09-18,18799096.649
2024-09-16,10857484.275
2024-09-07,11149234.035
2024-07-07,15621689.103
2023-05-16,8127301.046
2025-10-18,14446234.788
2025-08-13,18209088.114
2024-09-15,10805935.58
2025-12-06,22365594.535
2023-05-29,8486747.433
2025-10-20,14010038.153
2025-05-27,12870879.477
2024-12-06,15346852.871
2024-10-07,9114476.312
2024-09-14,10847808.277
2026-03-17,8877780.388
2025-12-29,22259727.582
2025-08-19,17968690.541
2023-06-08,8346328.634
2025-02-16,18882222.042
2024-10-30,9386582.371
2024-09-10,10773183.386
2024-08-25,16585261.576
2024-07-28,16236706.926
2026-01-05,21808754.591
2026-01-18,20554065.145
2023-06-28,7902657.124
2025-10-19,14252744.065
2025-04-24,10658742.561
2025-01-17,18727823.649
2024-09-20,10503343.65
2024-09-09,10785349.848
2025-10-01,18803774.412
2025-09-25,18746833.543
2025-03-13,14696488.122
2024-11-25,13074131.781
2024-09-08,11136369.663
2025-12-23,22620694.513
2025-02-01,19760413.223
2024-08-31,11420107.846
2025-06-02,12841467.318
2024-12-30,19272529.034
2024-08-29,11384746.006
2025-07-29,19496972.836
2025-05-20,12225489.867
2025-04-06,11477197.525
2024-08-27,11313913.816
2026-02-14,18346710.052
2025-08-07,18616838.388
2024-08-20,16688077.13
2026-01-26,19740398.471
2023-12-18,8386250.008
2025-03-06,15303734.889
2024-11-20,11978202.448
2024-07-24,16127948.086
2026-02-02,19006487.04
2024-03-22,17569350.656
2024-03-21,17249482.25
2024-03-20,17225229.436
2024-03-19,17153769.299
2024-03-18,17115867.282
2024-03-17,17049245.734
2024-03-16,16833063.951
2024-03-15,16784620.262
2025-06-21,12895454.923
2025-05-15,11691372.317
2024-07-23,16110702.506
