d,sthSopr
2010-07-17,
2010-07-18,
2010-07-19,
2010-07-20,
2010-07-21,
2010-07-22,
2010-07-23,
2010-07-25,
2010-07-26,
2010-07-27,
2010-07-28,
2010-07-29,
2010-07-30,
2010-07-31,
2010-08-01,
2010-08-02,
2010-08-03,
2010-08-05,
2010-08-06,
2010-08-07,
2010-08-08,
2010-08-09,
2010-08-10,
2010-08-11,
2010-08-12,
2010-08-13,
2010-08-14,
2010-08-15,
2010-08-16,
2010-08-17,
2010-08-18,
2010-08-19,
2010-08-20,
2010-08-21,
2010-08-22,1.662
2010-08-23,1.294
2010-08-26,1.119
2010-08-29,2.374
2010-08-30,1.237
2010-08-31,2.593
2010-09-01,2.302
2010-09-02,1.188
2010-09-03,1.819
2010-09-04,1.211
2010-09-05,4.443
2010-09-06,1.128
2010-09-07,2.394
2010-09-08,1.067
2010-09-09,2.201
2010-09-10,1.038
2010-09-11,1.609
2010-09-12,1.314
2010-09-15,1.777
2010-09-16,1.8
2010-09-17,1.583
2010-09-18,1.14
2010-09-20,1.163
2010-09-21,1.089
2010-09-23,1.037
2010-09-24,1.088
2010-09-25,1.282
2010-09-27,1.196
2010-09-28,1.119
2010-09-29,1.364
2010-09-30,1.098
2010-10-01,1.789
2010-10-02,2.902
2010-10-03,1.021
2010-10-04,1.007
2010-10-05,1.026
2010-10-06,1.003
2010-10-07,1.01
2010-10-08,1.024
2010-10-09,1.048
2010-10-10,1.254
2010-10-11,1.044
2010-10-12,1.0
2010-10-13,1.005
2010-10-14,1.016
2010-10-15,1.011
2010-10-16,1.004
2010-10-17,1.082
2010-10-18,1.001
2010-10-20,1.065
2010-10-21,1.001
2010-10-22,1.0
2010-10-23,1.218
2010-10-24,1.073
2010-10-25,1.009
2010-10-26,1.034
2010-10-27,1.012
2010-10-28,1.015
2010-10-29,1.002
2010-10-30,1.106
2010-10-31,1.012
2010-11-01,1.034
2010-11-02,1.0
2010-11-03,1.003
2010-11-04,1.065
2010-11-05,1.145
2010-11-06,2.408
2010-11-07,1.049
2010-11-08,1.138
2010-11-09,1.0
2010-11-10,1.0
2010-11-11,1.0
2010-11-12,1.0
2010-11-13,1.333
2010-11-14,2.011
2010-11-15,1.286
2010-11-16,1.747
2010-11-18,1.764
2010-11-19,1.821
2010-11-20,2.18
2010-11-21,1.141
2010-11-22,1.225
2010-11-23,1.563
2010-11-24,1.236
2010-11-25,1.334
2010-11-26,2.639
2010-11-27,1.147
2010-11-28,1.271
2010-11-29,1.126
2010-11-30,1.557
2010-12-01,1.109
2010-12-02,1.782
2010-12-03,1.077
2010-12-04,1.152
2010-12-05,1.458
2010-12-06,2.941
2010-12-07,1.171
2010-12-08,1.035
2010-12-09,1.117
2010-12-10,1.544
2010-12-11,1.302
2010-12-13,1.206
2010-12-15,1.398
2010-12-16,1.057
2010-12-17,1.052
2010-12-18,1.226
2010-12-20,1.057
2010-12-21,1.154
2010-12-22,1.013
2010-12-23,1.248
2010-12-24,1.167
2010-12-25,1.042
2010-12-26,1.11
2010-12-27,1.069
2010-12-28,1.049
2010-12-29,1.046
2010-12-30,1.034
2010-12-31,1.061
2011-01-01,1.049
2011-01-02,1.174
2011-01-03,1.078
2011-01-04,1.045
2011-01-05,1.012
2011-01-06,1.001
2011-01-07,1.075
2011-01-08,1.134
2011-01-09,1.073
2011-01-10,1.506
2011-01-11,1.348
2011-01-12,1.005
2011-01-13,1.049
2011-01-14,1.042
2011-01-15,1.006
2011-01-16,1.262
2011-01-17,1.001
2011-01-18,1.003
2011-01-19,1.415
2011-01-20,1.09
2011-01-21,1.086
2011-01-22,1.057
2011-01-23,1.172
2011-01-24,1.09
2011-01-25,1.095
2011-01-26,1.363
2011-01-27,1.757
2011-01-28,1.173
2011-01-29,1.035
2011-01-30,1.048
2011-01-31,1.051
2011-02-01,1.006
2011-02-02,1.003
2011-02-03,1.067
2011-02-04,1.117
2011-02-05,2.051
2011-02-06,2.64
2011-02-07,2.367
2011-02-08,1.128
2011-02-09,2.12
2011-02-10,1.294
2011-02-11,1.228
2011-02-12,1.184
2011-02-13,1.34
2011-02-14,1.16
2011-02-15,1.055
2011-02-16,1.081
2011-02-17,1.127
2011-02-18,1.275
2011-02-20,1.27
2011-02-21,1.072
2011-02-22,1.231
2011-02-24,1.118
2011-02-25,1.032
2011-02-26,1.165
2011-02-27,1.425
2011-02-28,1.515
2011-03-01,2.012
2011-03-02,1.011
2011-03-03,1.013
2011-03-04,1.045
2011-03-05,1.039
2011-03-06,1.009
2011-03-07,1.004
2011-03-08,1.114
2011-03-09,1.003
2011-03-12,1.421
2011-03-13,1.115
2011-03-14,1.184
2011-03-15,1.148
2011-03-16,1.295
2011-03-17,1.206
2011-03-18,1.04
2011-03-19,1.084
2011-03-20,1.041
2011-03-21,1.11
2011-03-22,1.008
2011-03-23,1.141
2011-03-24,1.026
2011-03-26,1.28
2011-03-27,1.015
2011-03-28,1.027
2011-03-29,1.002
2011-03-30,1.003
2011-03-31,1.018
2011-04-02,1.0
2011-04-03,1.018
2011-04-04,1.077
2011-04-05,1.172
2011-04-06,1.007
2011-04-07,1.011
2011-04-10,1.003
2011-04-12,1.007
2011-04-13,1.036
2011-04-14,1.009
2011-04-15,1.015
2011-04-16,1.006
2011-04-18,1.268
2011-04-21,1.001
2011-04-22,1.009
2011-04-23,1.07
2011-04-24,1.078
2011-04-25,1.004
2011-04-26,1.013
2011-04-27,1.02
2011-04-28,1.062
2011-04-29,2.885
2011-04-30,1.434
2011-05-01,1.395
2011-05-02,1.195
2011-05-03,1.43
2011-05-04,2.072
2011-05-05,1.262
2011-05-06,1.756
2011-05-07,1.077
2011-05-08,1.025
2011-05-09,1.157
2011-05-10,1.067
2011-05-11,1.242
2011-05-12,1.103
2011-05-13,1.038
2011-05-14,1.082
2011-05-15,1.443
2011-05-16,1.206
2011-05-17,1.088
2011-05-18,1.098
2011-05-19,1.122
2011-05-20,1.206
2011-05-21,1.018
2011-05-22,1.008
2011-05-23,1.02
2011-05-24,1.073
2011-05-25,1.066
2011-05-26,1.097
2011-05-27,1.002
2011-05-28,1.033
2011-05-29,1.03
2011-05-30,1.155
2011-05-31,1.12
2011-06-01,1.054
2011-06-02,1.123
2011-06-03,1.124
2011-06-04,1.03
2011-06-05,1.085
2011-06-06,1.028
2011-06-07,1.079
2011-06-08,1.187
2011-06-09,1.092
2011-06-10,1.095
2011-06-12,1.013
2011-06-13,1.038
2011-06-14,1.023
2011-06-15,1.048
2011-06-16,1.023
2011-06-17,1.109
2011-06-18,1.015
2011-06-19,1.055
2011-06-21,1.012
2011-06-22,1.007
2011-06-23,1.003
2011-06-25,1.008
2011-06-26,1.009
2011-06-27,1.067
2011-06-29,1.002
2011-06-30,1.025
2011-07-01,1.003
2011-07-02,1.002
2011-07-03,1.01
2011-07-04,1.013
2011-07-05,1.066
2011-07-06,1.004
2011-07-07,1.003
2011-07-08,1.002
2011-07-09,1.004
2011-07-10,1.0
2011-07-11,1.001
2011-07-12,1.004
2011-07-13,1.005
2011-07-14,1.002
2011-07-15,1.002
2011-07-16,1.002
2011-07-17,1.031
2011-07-18,1.004
2011-07-19,1.013
2011-07-20,1.001
2011-07-21,0.739
2011-07-22,1.396
2011-07-23,1.158
2011-07-24,1.224
2011-07-25,1.237
2011-07-26,1.219
2011-07-27,1.23
2011-07-28,1.58
2011-07-29,1.355
2011-07-30,1.27
2011-07-31,2.795
2011-08-01,1.129
2011-08-02,1.216
2011-08-03,1.481
2011-08-04,1.183
2011-08-05,1.077
2011-08-06,1.436
2011-08-07,1.304
2011-08-08,1.399
2011-08-09,1.055
2011-08-10,1.154
2011-08-11,1.119
2011-08-12,1.045
2011-08-13,1.068
2011-08-14,1.132
2011-08-15,1.15
2011-08-16,1.042
2011-08-17,1.023
2011-08-18,1.038
2011-08-19,1.092
2011-08-20,1.052
2011-08-21,1.053
2011-08-22,1.107
2011-08-23,1.071
2011-08-24,1.049
2011-08-25,1.632
2011-08-26,1.125
2011-08-27,2.326
2011-08-28,1.04
2011-08-29,1.14
2011-08-30,1.067
2011-08-31,1.078
2011-09-01,1.052
2011-09-02,1.168
2011-09-03,1.038
2011-09-04,1.023
2011-09-05,1.161
2011-09-06,1.193
2011-09-07,1.089
2011-09-08,1.119
2011-09-09,1.242
2011-09-10,1.033
2011-09-11,1.002
2011-09-12,1.122
2011-09-13,1.595
2011-09-14,1.016
2011-09-15,1.021
2011-09-16,1.128
2011-09-17,1.019
2011-09-18,1.007
2011-09-19,1.045
2011-09-20,1.051
2011-09-21,1.017
2011-09-22,1.068
2011-09-23,1.005
2011-09-24,1.013
2011-09-25,1.308
2011-09-26,1.018
2011-09-27,1.006
2011-09-28,1.037
2011-09-29,1.014
2011-09-30,1.008
2011-10-01,1.133
2011-10-02,1.103
2011-10-03,1.033
2011-10-04,1.037
2011-10-05,1.027
2011-10-06,1.016
2011-10-07,1.018
2011-10-08,1.014
2011-10-09,1.033
2011-10-10,1.014
2011-10-11,1.084
2011-10-12,1.07
2011-10-13,0.995
2011-10-14,0.504
2011-10-15,0.531
2011-10-16,0.618
2011-10-17,0.642
2011-10-18,0.732
2011-10-19,0.863
2011-10-20,0.943
2011-10-21,0.851
2011-10-22,0.747
2011-10-23,0.92
2011-10-24,0.886
2011-10-25,0.864
2011-10-26,0.845
2011-10-27,0.881
2011-10-28,0.896
2011-10-29,0.882
2011-10-30,0.911
2011-10-31,0.945
2011-11-01,0.894
2011-11-02,0.92
2011-11-03,0.926
2011-11-04,0.959
2011-11-05,0.924
2011-11-06,0.909
2011-11-07,0.896
2011-11-08,0.901
2011-11-09,0.479
2011-11-10,0.883
2011-11-11,0.878
2011-11-12,0.933
2011-11-13,0.963
2011-11-14,0.92
2011-11-15,0.878
2011-11-16,0.328
2011-11-17,0.982
2011-11-18,1.0
2011-11-19,0.992
2011-11-20,0.982
2011-11-21,0.987
2011-11-22,0.981
2011-11-23,0.986
2011-11-24,0.986
2011-11-25,0.983
2011-11-26,0.895
2011-11-27,0.996
2011-11-28,0.926
2011-11-29,0.981
2011-11-30,0.991
2011-12-01,0.982
2011-12-02,0.986
2011-12-03,0.994
2011-12-04,0.991
2011-12-05,0.992
2011-12-06,0.991
2011-12-07,0.933
2011-12-08,0.993
2011-12-09,0.996
2011-12-10,0.986
2011-12-11,0.988
2011-12-12,0.983
2011-12-13,0.978
2011-12-14,0.923
2011-12-15,0.982
2011-12-16,0.986
2011-12-17,0.979
2011-12-18,0.978
2011-12-19,0.967
2011-12-20,0.956
2011-12-21,0.98
2011-12-22,0.964
2011-12-23,0.979
2011-12-24,0.926
2011-12-25,0.992
2011-12-26,0.981
2011-12-27,0.991
2011-12-28,0.954
2011-12-29,0.935
2011-12-30,0.986
2011-12-31,0.97
2012-01-01,0.582
2012-01-02,0.944
2012-01-03,0.89
2012-01-04,0.99
2012-01-05,1.077
2012-01-06,1.04
2012-01-07,1.013
2012-01-08,1.011
2012-01-09,1.045
2012-01-10,1.012
2012-01-11,1.021
2012-01-12,1.03
2012-01-13,0.954
2012-01-14,1.014
2012-01-15,1.0
2012-01-16,0.996
2012-01-17,0.91
2012-01-18,1.002
2012-01-19,1.021
2012-01-20,0.998
2012-01-21,1.003
2012-01-22,0.986
2012-01-23,1.01
2012-01-24,1.01
2012-01-25,1.008
2012-01-26,0.927
2012-01-27,1.002
2012-01-28,0.913
2012-01-29,0.941
2012-01-30,0.998
2012-01-31,1.003
2012-02-01,0.997
2012-02-02,1.002
2012-02-03,1.003
2012-02-04,1.002
2012-02-05,1.003
2012-02-06,0.992
2012-02-07,0.992
2012-02-08,1.001
2012-02-09,0.999
2012-02-10,1.001
2012-02-11,1.003
2012-02-12,1.001
2012-02-13,0.856
2012-02-14,1.057
2012-02-15,1.0
2012-02-16,1.0
2012-02-17,0.999
2012-02-18,0.999
2012-02-19,0.998
2012-02-20,1.002
2012-02-21,1.001
2012-02-22,0.998
2012-02-23,0.988
2012-02-24,0.953
2012-02-25,1.002
2012-02-26,1.002
2012-02-27,1.004
2012-02-28,1.001
2012-02-29,1.002
2012-03-01,1.001
2012-03-02,1.003
2012-03-03,1.003
2012-03-04,1.004
2012-03-05,1.0
2012-03-06,1.001
2012-03-07,1.001
2012-03-08,1.001
2012-03-09,0.977
2012-03-10,1.003
2012-03-11,1.001
2012-03-12,1.001
2012-03-13,1.001
2012-03-14,1.002
2012-03-15,1.001
2012-03-16,1.007
2012-03-17,1.002
2012-03-18,1.013
2012-03-19,1.002
2012-03-20,1.003
2012-03-21,1.001
2012-03-22,1.001
2012-03-23,1.001
2012-03-24,1.001
2012-03-25,1.001
2012-03-26,1.002
2012-03-27,1.002
2012-03-28,0.992
2012-03-29,0.994
2012-03-30,0.996
2012-03-31,0.997
2012-04-01,0.996
2012-04-02,0.996
2012-04-03,0.996
2012-04-04,0.997
2012-04-05,0.998
2012-04-06,1.001
2012-04-07,1.002
2012-04-08,0.999
2012-04-09,1.0
2012-04-10,0.999
2012-04-11,1.004
2012-04-12,1.0
2012-04-13,1.0
2012-04-14,1.003
2012-04-15,1.002
2012-04-16,1.0
2012-04-17,0.999
2012-04-18,1.001
2012-04-19,1.0
2012-04-20,1.001
2012-04-21,1.0
2012-04-22,1.009
2012-04-23,1.0
2012-04-24,1.005
2012-04-25,0.999
2012-04-26,1.0
2012-04-27,1.0
2012-04-28,1.0
2012-04-29,1.0
2012-04-30,1.0
2012-05-01,1.001
2012-05-02,1.0
2012-05-03,0.999
2012-05-04,1.0
2012-05-05,1.0
2012-05-06,0.997
2012-05-07,1.0
2012-05-08,1.0
2012-05-09,1.0
2012-05-10,1.0
2012-05-11,1.0
2012-05-12,1.0
2012-05-13,1.0
2012-05-14,1.0
2012-05-15,1.0
2012-05-16,1.0
2012-05-17,0.999
2012-05-18,1.0
2012-05-19,1.0
2012-05-20,1.0
2012-05-21,1.0
2012-05-22,1.0
2012-05-23,0.999
2012-05-24,1.0
2012-05-25,1.0
2012-05-26,1.0
2012-05-27,1.0
2012-05-28,1.0
2012-05-29,1.0
2012-05-30,1.0
2012-05-31,1.0
2012-06-01,1.0
2012-06-02,1.0
2012-06-03,1.0
2012-06-04,0.999
2012-06-05,1.0
2012-06-06,0.999
2012-06-07,1.0
2012-06-08,1.0
2012-06-09,1.0
2012-06-10,1.0
2012-06-11,1.0
2012-06-12,1.0
2012-06-13,1.0
2012-06-14,1.0
2012-06-15,1.0
2012-06-16,1.0
2012-06-17,1.0
2012-06-18,1.0
2012-06-19,1.055
2012-06-20,1.124
2012-06-21,1.097
2012-06-22,1.093
2012-06-23,1.066
2012-06-24,1.066
2012-06-25,1.035
2012-06-26,1.045
2012-06-27,1.023
2012-06-28,1.028
2012-06-29,1.022
2012-06-30,1.026
2012-07-01,1.011
2012-07-02,1.021
2012-07-03,1.017
2012-07-04,1.026
2012-07-05,1.018
2012-07-06,1.015
2012-07-07,1.02
2012-07-08,1.028
2012-07-09,1.01
2012-07-10,1.022
2012-07-11,1.009
2012-07-12,1.004
2012-07-13,1.02
2012-07-14,1.027
2012-07-15,1.006
2012-07-16,1.026
2012-07-17,1.045
2012-07-18,1.022
2012-07-19,1.078
2012-07-20,1.007
2012-07-21,1.019
2012-07-22,1.009
2012-07-23,1.005
2012-07-24,1.016
2012-07-25,1.01
2012-07-26,1.029
2012-07-27,1.003
2012-07-28,1.013
2012-07-29,1.03
2012-07-30,1.008
2012-07-31,1.005
2012-08-01,1.012
2012-08-02,1.006
2012-08-03,1.013
2012-08-04,1.017
2012-08-05,1.004
2012-08-06,1.012
2012-08-07,1.006
2012-08-08,1.012
2012-08-09,1.006
2012-08-10,1.004
2012-08-11,1.004
2012-08-12,1.003
2012-08-13,1.004
2012-08-14,1.008
2012-08-15,1.005
2012-08-16,1.015
2012-08-17,1.012
2012-08-18,1.004
2012-08-19,1.063
2012-08-20,1.01
2012-08-21,1.004
2012-08-22,1.003
2012-08-23,1.001
2012-08-24,1.001
2012-08-25,1.003
2012-08-26,1.001
2012-08-27,1.026
2012-08-28,1.002
2012-08-29,1.001
2012-08-30,1.001
2012-08-31,1.032
2012-09-01,1.0
2012-09-02,1.002
2012-09-03,1.002
2012-09-04,1.002
2012-09-05,1.001
2012-09-06,1.001
2012-09-07,1.001
2012-09-08,1.001
2012-09-09,1.001
2012-09-10,1.082
2012-09-11,1.117
2012-09-12,1.042
2012-09-13,1.045
2012-09-14,1.024
2012-09-15,1.029
2012-09-16,1.043
2012-09-17,1.024
2012-09-18,1.023
2012-09-19,1.086
2012-09-20,1.173
2012-09-21,1.073
2012-09-22,1.037
2012-09-23,1.05
2012-09-24,1.066
2012-09-25,1.07
2012-09-26,1.042
2012-09-27,1.051
2012-09-28,1.045
2012-09-29,1.055
2012-09-30,1.051
2012-10-01,1.02
2012-10-02,1.03
2012-10-03,1.038
2012-10-04,1.028
2012-10-05,1.01
2012-10-06,1.017
2012-10-07,1.031
2012-10-08,1.073
2012-10-09,1.007
2012-10-10,1.017
2012-10-11,1.005
2012-10-12,1.008
2012-10-13,1.008
2012-10-14,1.007
2012-10-15,1.01
2012-10-16,1.041
2012-10-17,1.026
2012-10-18,1.028
2012-10-19,1.011
2012-10-20,1.008
2012-10-21,1.049
2012-10-22,1.004
2012-10-23,1.017
2012-10-24,1.022
2012-10-25,1.089
2012-10-26,1.034
2012-10-27,1.02
2012-10-28,1.003
2012-10-29,1.017
2012-10-30,1.011
2012-10-31,1.005
2012-11-01,1.014
2012-11-02,1.007
2012-11-03,1.003
2012-11-04,1.005
2012-11-05,1.018
2012-11-06,1.003
2012-11-07,1.023
2012-11-08,1.007
2012-11-09,1.021
2012-11-10,1.004
2012-11-11,1.014
2012-11-12,1.017
2012-11-13,1.025
2012-11-14,1.015
2012-11-15,1.013
2012-11-16,1.059
2012-11-17,1.012
2012-11-18,1.015
2012-11-19,1.027
2012-11-20,1.018
2012-11-21,1.019
2012-11-22,1.006
2012-11-23,1.006
2012-11-24,1.002
2012-11-25,1.026
2012-11-26,1.008
2012-11-27,1.007
2012-11-28,1.015
2012-11-29,1.006
2012-11-30,1.008
2012-12-01,1.004
2012-12-02,1.01
2012-12-03,1.076
2012-12-04,1.072
2012-12-05,1.073
2012-12-06,1.029
2012-12-07,1.026
2012-12-08,1.025
2012-12-09,1.036
2012-12-10,1.034
2012-12-11,1.025
2012-12-12,1.017
2012-12-13,1.064
2012-12-14,1.023
2012-12-15,1.013
2012-12-16,1.021
2012-12-17,1.011
2012-12-18,1.029
2012-12-19,1.025
2012-12-20,1.012
2012-12-21,1.018
2012-12-22,1.003
2012-12-23,1.006
2012-12-24,1.004
2012-12-25,1.006
2012-12-26,1.013
2012-12-27,1.007
2012-12-28,1.011
2012-12-29,1.004
2012-12-30,1.007
2012-12-31,1.019
2013-01-01,1.006
2013-01-02,1.007
2013-01-03,1.003
2013-01-04,1.017
2013-01-05,1.002
2013-01-06,1.003
2013-01-07,1.002
2013-01-08,1.019
2013-01-09,1.008
2013-01-10,1.015
2013-01-11,1.007
2013-01-12,1.002
2013-01-13,1.005
2013-01-14,1.011
2013-01-15,1.006
2013-01-16,1.005
2013-01-17,1.006
2013-01-18,1.009
2013-01-19,1.008
2013-01-20,1.003
2013-01-21,1.004
2013-01-22,1.007
2013-01-23,1.007
2013-01-24,1.013
2013-01-25,1.006
2013-01-26,1.004
2013-01-27,1.021
2013-01-28,1.005
2013-01-29,1.02
2013-01-30,1.022
2013-01-31,1.009
2013-02-01,1.006
2013-02-02,1.005
2013-02-03,1.002
2013-02-04,1.002
2013-02-05,1.003
2013-02-06,1.002
2013-02-07,1.001
2013-02-08,1.009
2013-02-09,1.002
2013-02-10,1.001
2013-02-11,1.003
2013-02-12,1.002
2013-02-13,1.011
2013-02-14,1.004
2013-02-15,1.005
2013-02-16,1.013
2013-02-17,1.005
2013-02-18,1.002
2013-02-19,1.001
2013-02-20,1.001
2013-02-21,1.001
2013-02-22,1.003
2013-02-23,1.003
2013-02-24,1.089
2013-02-25,1.389
2013-02-26,1.241
2013-02-27,1.105
2013-02-28,1.137
2013-03-01,1.097
2013-03-02,1.065
2013-03-03,1.051
2013-03-04,1.11
2013-03-05,1.095
2013-03-06,1.094
2013-03-07,1.106
2013-03-08,1.059
2013-03-09,1.058
2013-03-10,1.052
2013-03-11,1.033
2013-03-12,0.982
2013-03-13,1.444
2013-03-14,1.264
2013-03-15,1.212
2013-03-16,1.116
2013-03-17,1.006
2013-03-18,1.051
2013-03-19,1.075
2013-03-20,1.076
2013-03-21,1.187
2013-03-22,1.084
2013-03-23,1.334
2013-03-24,1.14
2013-03-25,1.157
2013-03-26,1.09
2013-03-27,1.097
2013-03-28,1.124
2013-03-29,1.101
2013-03-30,1.025
2013-03-31,1.181
2013-04-01,1.271
2013-04-02,1.164
2013-04-03,1.243
2013-04-04,1.085
2013-04-05,1.301
2013-04-06,1.144
2013-04-07,1.14
2013-04-08,1.174
2013-04-09,1.312
2013-04-10,1.428
2013-04-11,1.331
2013-04-12,1.199
2013-04-13,0.852
2013-04-14,1.033
2013-04-15,1.056
2013-04-16,1.098
2013-04-17,0.935
2013-04-18,0.921
2013-04-19,1.078
2013-04-20,1.086
2013-04-21,0.994
2013-04-22,1.076
2013-04-23,1.071
2013-04-24,1.158
2013-04-25,1.063
2013-04-26,1.151
2013-04-27,1.183
2013-04-28,1.058
2013-04-29,1.041
2013-04-30,0.98
2013-05-01,1.062
2013-05-02,1.077
2013-05-03,0.957
2013-05-04,0.892
2013-05-05,0.919
2013-05-06,1.105
2013-05-07,1.003
2013-05-08,0.933
2013-05-09,0.987
2013-05-10,0.928
2013-05-11,0.918
2013-05-12,1.262
2013-05-13,0.985
2013-05-14,0.907
2013-05-15,1.087
2013-05-16,0.888
2013-05-17,0.967
2013-05-18,1.012
2013-05-19,1.031
2013-05-20,0.981
2013-05-21,0.997
2013-05-22,0.999
2013-05-23,1.037
2013-05-24,0.995
2013-05-25,0.983
2013-05-26,0.963
2013-05-27,0.994
2013-05-28,1.07
2013-05-29,0.934
2013-05-30,0.997
2013-05-31,1.023
2013-06-01,1.009
2013-06-02,0.988
2013-06-03,1.089
2013-06-04,1.029
2013-06-05,0.966
2013-06-06,1.009
2013-06-07,1.049
2013-06-08,0.986
2013-06-09,0.988
2013-06-10,0.958
2013-06-11,0.909
2013-06-12,1.016
2013-06-13,0.974
2013-06-14,0.942
2013-06-15,0.999
2013-06-16,0.986
2013-06-17,0.914
2013-06-18,0.959
2013-06-19,0.986
2013-06-20,0.949
2013-06-21,0.977
2013-06-22,1.056
2013-06-23,1.025
2013-06-24,0.997
2013-06-25,0.928
2013-06-26,0.937
2013-06-27,0.978
2013-06-28,1.016
2013-06-29,0.946
2013-06-30,0.942
2013-07-01,0.989
2013-07-02,1.0
2013-07-03,0.923
2013-07-04,0.906
2013-07-05,0.88
2013-07-06,0.842
2013-07-07,0.898
2013-07-08,0.904
2013-07-09,1.011
2013-07-10,0.93
2013-07-11,0.927
2013-07-12,0.971
2013-07-13,1.089
2013-07-14,0.98
2013-07-15,1.077
2013-07-16,0.97
2013-07-17,1.043
2013-07-18,0.957
2013-07-19,0.934
2013-07-20,0.926
2013-07-21,0.986
2013-07-22,1.002
2013-07-23,0.98
2013-07-24,1.015
2013-07-25,1.004
2013-07-26,1.032
2013-07-27,0.998
2013-07-28,0.992
2013-07-29,0.978
2013-07-30,1.033
2013-07-31,1.008
2013-08-01,1.017
2013-08-02,1.112
2013-08-03,1.0
2013-08-04,1.029
2013-08-05,1.071
2013-08-06,1.012
2013-08-07,1.008
2013-08-08,0.997
2013-08-09,0.999
2013-08-10,0.955
2013-08-11,1.002
2013-08-12,0.975
2013-08-13,0.999
2013-08-14,0.963
2013-08-15,1.012
2013-08-16,0.967
2013-08-17,1.032
2013-08-18,1.002
2013-08-19,1.085
2013-08-20,1.024
2013-08-21,1.001
2013-08-22,1.055
2013-08-23,1.025
2013-08-24,0.999
2013-08-25,1.016
2013-08-26,1.065
2013-08-27,1.089
2013-08-28,1.107
2013-08-29,1.066
2013-08-30,1.02
2013-08-31,1.016
2013-09-01,1.001
2013-09-02,1.131
2013-09-03,1.113
2013-09-04,1.049
2013-09-05,1.078
2013-09-06,1.013
2013-09-07,1.043
2013-09-08,1.082
2013-09-09,1.082
2013-09-10,1.007
2013-09-11,1.01
2013-09-12,1.051
2013-09-13,1.04
2013-09-14,1.066
2013-09-15,1.074
2013-09-16,1.013
2013-09-17,0.984
2013-09-18,1.034
2013-09-19,1.088
2013-09-20,0.994
2013-09-21,1.025
2013-09-22,0.997
2013-09-23,1.007
2013-09-24,1.017
2013-09-25,0.987
2013-09-26,1.007
2013-09-27,1.061
2013-09-28,0.959
2013-09-29,1.005
2013-09-30,0.986
2013-10-01,1.057
2013-10-02,1.073
2013-10-03,1.089
2013-10-04,1.019
2013-10-05,1.008
2013-10-06,1.056
2013-10-07,1.053
2013-10-08,1.004
2013-10-09,0.982
2013-10-10,0.987
2013-10-11,1.017
2013-10-12,1.033
2013-10-13,1.003
2013-10-14,1.041
2013-10-15,1.019
2013-10-16,1.118
2013-10-17,1.074
2013-10-18,1.027
2013-10-19,1.055
2013-10-20,1.059
2013-10-21,1.107
2013-10-22,1.102
2013-10-23,1.271
2013-10-24,1.121
2013-10-25,1.158
2013-10-26,1.043
2013-10-27,1.054
2013-10-28,1.16
2013-10-29,1.243
2013-10-30,1.093
2013-10-31,1.124
2013-11-01,1.108
2013-11-02,1.041
2013-11-03,1.074
2013-11-04,1.284
2013-11-05,1.088
2013-11-06,1.066
2013-11-07,1.274
2013-11-08,1.228
2013-11-09,1.145
2013-11-10,1.185
2013-11-11,1.135
2013-11-12,1.186
2013-11-13,1.218
2013-11-14,1.151
2013-11-15,1.189
2013-11-16,1.199
2013-11-17,1.178
2013-11-18,1.226
2013-11-19,1.211
2013-11-20,1.308
2013-11-21,1.111
2013-11-22,1.61
2013-11-23,1.232
2013-11-24,1.242
2013-11-25,1.23
2013-11-26,1.533
2013-11-27,1.234
2013-11-28,1.218
2013-11-29,1.305
2013-11-30,1.21
2013-12-01,1.249
2013-12-02,1.178
2013-12-03,1.165
2013-12-04,1.162
2013-12-05,1.141
2013-12-06,1.176
2013-12-07,1.306
2013-12-08,1.04
2013-12-09,0.903
2013-12-10,1.001
2013-12-11,1.251
2013-12-12,1.092
2013-12-13,1.279
2013-12-14,0.959
2013-12-15,0.967
2013-12-16,1.068
2013-12-17,1.096
2013-12-18,1.071
2013-12-19,0.814
2013-12-20,0.902
2013-12-21,0.967
2013-12-22,0.804
2013-12-23,1.038
2013-12-24,1.072
2013-12-25,1.075
2013-12-26,1.055
2013-12-27,1.038
2013-12-28,1.015
2013-12-29,1.034
2013-12-30,1.02
2013-12-31,0.958
2014-01-01,0.948
2014-01-02,1.085
2014-01-03,1.048
2014-01-04,1.324
2014-01-05,1.047
2014-01-06,1.087
2014-01-07,1.162
2014-01-08,1.294
2014-01-09,1.031
2014-01-10,1.044
2014-01-11,1.05
2014-01-12,1.085
2014-01-13,1.095
2014-01-14,1.078
2014-01-15,1.155
2014-01-16,1.09
2014-01-17,1.044
2014-01-18,1.047
2014-01-19,1.007
2014-01-20,1.11
2014-01-21,1.088
2014-01-22,1.103
2014-01-23,1.065
2014-01-24,1.074
2014-01-25,0.999
2014-01-26,1.007
2014-01-27,1.065
2014-01-28,1.044
2014-01-29,0.989
2014-01-30,1.0
2014-01-31,1.016
2014-02-01,1.08
2014-02-02,1.069
2014-02-03,1.004
2014-02-04,1.022
2014-02-05,0.977
2014-02-06,1.029
2014-02-07,0.994
2014-02-08,0.95
2014-02-09,0.939
2014-02-10,0.964
2014-02-11,0.965
2014-02-12,0.957
2014-02-13,1.001
2014-02-14,0.996
2014-02-15,0.921
2014-02-16,0.933
2014-02-17,0.963
2014-02-18,0.902
2014-02-19,0.88
2014-02-20,1.083
2014-02-21,0.939
2014-02-22,0.825
2014-02-23,0.978
2014-02-24,0.94
2014-02-25,0.852
2014-02-26,0.918
2014-02-27,0.834
2014-02-28,0.949
2014-03-01,0.901
2014-03-02,0.978
2014-03-03,0.849
2014-03-04,0.867
2014-03-05,0.952
2014-03-06,1.01
2014-03-07,0.948
2014-03-08,1.028
2014-03-09,0.977
2014-03-10,0.985
2014-03-11,0.993
2014-03-12,0.992
2014-03-13,0.993
2014-03-14,0.988
2014-03-15,0.989
2014-03-16,0.969
2014-03-17,0.962
2014-03-18,0.966
2014-03-19,0.952
2014-03-20,0.925
2014-03-21,0.93
2014-03-22,0.951
2014-03-23,0.943
2014-03-24,0.928
2014-03-25,0.928
2014-03-26,0.937
2014-03-27,0.979
2014-03-28,0.911
2014-03-29,0.906
2014-03-30,0.861
2014-03-31,0.832
2014-04-01,0.834
2014-04-02,0.877
2014-04-03,0.9
2014-04-04,0.89
2014-04-05,0.77
2014-04-06,0.906
2014-04-07,0.944
2014-04-08,0.946
2014-04-09,0.887
2014-04-10,0.855
2014-04-11,0.823
2014-04-12,0.905
2014-04-13,0.971
2014-04-14,0.914
2014-04-15,0.91
2014-04-16,0.982
2014-04-17,1.022
2014-04-18,0.948
2014-04-19,0.976
2014-04-20,0.892
2014-04-21,0.982
2014-04-22,0.961
2014-04-23,1.013
2014-04-24,0.97
2014-04-25,0.949
2014-04-26,0.952
2014-04-27,0.953
2014-04-28,0.943
2014-04-29,0.926
2014-04-30,0.954
2014-05-01,0.937
2014-05-02,0.985
2014-05-03,0.957
2014-05-04,0.949
2014-05-05,0.911
2014-05-06,0.901
2014-05-07,0.93
2014-05-08,0.959
2014-05-09,0.977
2014-05-10,0.966
2014-05-11,0.972
2014-05-12,0.967
2014-05-13,0.943
2014-05-14,0.908
2014-05-15,0.973
2014-05-16,0.931
2014-05-17,0.97
2014-05-18,0.968
2014-05-19,0.963
2014-05-20,0.964
2014-05-21,0.973
2014-05-22,1.022
2014-05-23,1.014
2014-05-24,1.016
2014-05-25,1.03
2014-05-26,1.016
2014-05-27,1.061
2014-05-28,1.044
2014-05-29,1.022
2014-05-30,1.051
2014-05-31,1.015
2014-06-01,1.06
2014-06-02,1.099
2014-06-03,1.069
2014-06-04,1.07
2014-06-05,1.062
2014-06-06,1.034
2014-06-07,1.047
2014-06-08,1.043
2014-06-09,1.089
2014-06-10,1.057
2014-06-11,1.031
2014-06-12,1.026
2014-06-13,1.028
2014-06-14,0.993
2014-06-15,1.004
2014-06-16,0.965
2014-06-17,1.002
2014-06-18,0.998
2014-06-19,1.007
2014-06-20,1.016
2014-06-21,0.996
2014-06-22,0.997
2014-06-23,1.044
2014-06-24,0.98
2014-06-25,1.007
2014-06-26,0.986
2014-06-27,0.983
2014-06-28,1.002
2014-06-29,1.012
2014-06-30,1.01
2014-07-01,1.018
2014-07-02,1.046
2014-07-03,1.016
2014-07-04,1.02
2014-07-05,1.029
2014-07-06,1.008
2014-07-07,1.027
2014-07-08,1.008
2014-07-09,1.003
2014-07-10,1.007
2014-07-11,1.003
2014-07-12,1.003
2014-07-13,1.018
2014-07-14,1.02
2014-07-15,1.007
2014-07-16,1.009
2014-07-17,1.02
2014-07-18,1.006
2014-07-19,1.009
2014-07-20,1.029
2014-07-21,1.06
2014-07-22,1.005
2014-07-23,1.013
2014-07-24,1.008
2014-07-25,1.016
2014-07-26,1.005
2014-07-27,0.991
2014-07-28,0.978
2014-07-29,0.992
2014-07-30,0.98
2014-07-31,0.989
2014-08-01,1.036
2014-08-02,0.993
2014-08-03,0.994
2014-08-04,0.995
2014-08-05,1.001
2014-08-06,0.996
2014-08-07,1.002
2014-08-08,0.999
2014-08-09,1.009
2014-08-10,1.006
2014-08-11,0.998
2014-08-12,1.009
2014-08-13,0.974
2014-08-14,0.944
2014-08-15,0.964
2014-08-16,0.961
2014-08-17,0.956
2014-08-18,0.917
2014-08-19,0.943
2014-08-20,0.939
2014-08-21,0.944
2014-08-22,0.99
2014-08-23,0.941
2014-08-24,0.989
2014-08-25,0.957
2014-08-26,0.979
2014-08-27,0.984
2014-08-28,0.897
2014-08-29,1.003
2014-08-30,0.994
2014-08-31,0.983
2014-09-01,0.965
2014-09-02,0.947
2014-09-03,0.965
2014-09-04,0.961
2014-09-05,0.963
2014-09-06,0.956
2014-09-07,0.963
2014-09-08,0.977
2014-09-09,0.955
2014-09-10,0.941
2014-09-11,0.975
2014-09-12,0.969
2014-09-13,0.976
2014-09-14,0.98
2014-09-15,0.974
2014-09-16,0.979
2014-09-17,0.979
2014-09-18,0.917
2014-09-19,0.932
2014-09-20,0.919
2014-09-21,0.94
2014-09-22,0.932
2014-09-23,0.924
2014-09-24,0.931
2014-09-25,0.982
2014-09-26,0.937
2014-09-27,0.964
2014-09-28,0.953
2014-09-29,0.919
2014-09-30,0.91
2014-10-01,0.939
2014-10-02,0.967
2014-10-03,0.875
2014-10-04,0.924
2014-10-05,0.913
2014-10-06,0.734
2014-10-07,0.946
2014-10-08,0.973
2014-10-09,0.871
2014-10-10,0.96
2014-10-11,0.991
2014-10-12,0.971
2014-10-13,1.005
2014-10-14,0.999
2014-10-15,0.894
2014-10-16,1.013
2014-10-17,0.963
2014-10-18,0.997
2014-10-19,0.985
2014-10-20,0.999
2014-10-21,0.971
2014-10-22,0.979
2014-10-23,0.974
2014-10-24,0.944
2014-10-25,0.928
2014-10-26,0.945
2014-10-27,0.924
2014-10-28,0.951
2014-10-29,0.939
2014-10-30,0.968
2014-10-31,0.92
2014-11-01,0.941
2014-11-02,0.923
2014-11-03,0.917
2014-11-04,0.892
2014-11-05,0.929
2014-11-06,0.965
2014-11-07,0.942
2014-11-08,0.99
2014-11-09,0.975
2014-11-10,0.977
2014-11-11,0.984
2014-11-12,0.995
2014-11-13,1.069
2014-11-14,1.057
2014-11-15,1.011
2014-11-16,0.99
2014-11-17,0.939
2014-11-18,1.004
2014-11-19,0.99
2014-11-20,0.958
2014-11-21,0.968
2014-11-22,0.959
2014-11-23,0.968
2014-11-24,0.971
2014-11-25,0.984
2014-11-26,0.992
2014-11-27,0.98
2014-11-28,0.968
2014-11-29,0.971
2014-11-30,1.006
2014-12-01,0.985
2014-12-02,0.958
2014-12-03,0.998
2014-12-04,0.946
2014-12-05,0.993
2014-12-06,0.99
2014-12-07,0.988
2014-12-08,0.991
2014-12-09,0.958
2014-12-10,0.932
2014-12-11,0.957
2014-12-12,0.982
2014-12-13,0.972
2014-12-14,0.981
2014-12-15,0.971
2014-12-16,0.978
2014-12-17,0.957
2014-12-18,0.948
2014-12-19,0.915
2014-12-20,0.949
2014-12-21,0.932
2014-12-22,0.964
2014-12-23,0.985
2014-12-24,0.991
2014-12-25,0.986
2014-12-26,0.976
2014-12-27,0.978
2014-12-28,0.984
2014-12-29,0.913
2014-12-30,0.896
2014-12-31,0.954
2015-01-01,0.976
2015-01-02,0.982
2015-01-03,0.927
2015-01-04,0.958
2015-01-05,0.881
2015-01-06,0.909
2015-01-07,0.916
2015-01-08,0.932
2015-01-09,0.913
2015-01-10,0.951
2015-01-11,0.965
2015-01-12,0.955
2015-01-13,0.932
2015-01-14,0.855
2015-01-15,0.859
2015-01-16,0.914
2015-01-17,0.954
2015-01-18,0.915
2015-01-19,0.909
2015-01-20,0.923
2015-01-21,0.773
2015-01-22,0.945
2015-01-23,0.994
2015-01-24,0.973
2015-01-25,0.979
2015-01-26,0.947
2015-01-27,1.046
2015-01-28,1.1
2015-01-29,0.974
2015-01-30,0.918
2015-01-31,0.881
2015-02-01,0.976
2015-02-02,0.917
2015-02-03,0.966
2015-02-04,0.971
2015-02-05,0.951
2015-02-06,0.971
2015-02-07,0.921
2015-02-08,0.965
2015-02-09,0.941
2015-02-10,0.957
2015-02-11,0.903
2015-02-12,0.973
2015-02-13,0.969
2015-02-14,0.969
2015-02-15,1.009
2015-02-16,1.035
2015-02-17,0.986
2015-02-18,0.987
2015-02-19,1.001
2015-02-20,0.985
2015-02-21,1.001
2015-02-22,0.994
2015-02-23,0.997
2015-02-24,0.975
2015-02-25,0.991
2015-02-26,0.99
2015-02-27,0.991
2015-02-28,1.0
2015-03-01,1.013
2015-03-02,0.99
2015-03-03,1.01
2015-03-04,1.019
2015-03-05,1.007
2015-03-06,0.996
2015-03-07,0.985
2015-03-08,0.97
2015-03-09,0.906
2015-03-10,1.014
2015-03-11,1.05
2015-03-12,1.077
2015-03-13,1.021
2015-03-14,1.017
2015-03-15,1.004
2015-03-16,0.954
2015-03-17,1.024
2015-03-18,1.018
2015-03-19,1.005
2015-03-20,0.959
2015-03-21,0.975
2015-03-22,0.977
2015-03-23,0.971
2015-03-24,1.004
2015-03-25,0.996
2015-03-26,0.941
2015-03-27,0.983
2015-03-28,0.969
2015-03-29,0.992
2015-03-30,0.95
2015-03-31,0.974
2015-04-01,0.969
2015-04-02,0.977
2015-04-03,0.991
2015-04-04,1.002
2015-04-05,1.004
2015-04-06,1.0
2015-04-07,1.009
2015-04-08,0.996
2015-04-09,0.967
2015-04-10,0.972
2015-04-11,0.98
2015-04-12,0.978
2015-04-13,0.956
2015-04-14,0.979
2015-04-15,0.946
2015-04-16,0.954
2015-04-17,0.971
2015-04-18,0.982
2015-04-19,0.982
2015-04-20,0.968
2015-04-21,0.951
2015-04-22,0.976
2015-04-23,1.013
2015-04-24,0.999
2015-04-25,0.997
2015-04-26,0.983
2015-04-27,0.951
2015-04-28,0.97
2015-04-29,0.986
2015-04-30,0.981
2015-05-01,0.993
2015-05-02,1.005
2015-05-03,1.003
2015-05-04,1.012
2015-05-05,1.012
2015-05-06,0.997
2015-05-07,0.991
2015-05-08,0.976
2015-05-09,1.004
2015-05-10,1.013
2015-05-11,1.002
2015-05-12,0.994
2015-05-13,1.004
2015-05-14,0.997
2015-05-15,0.989
2015-05-16,0.999
2015-05-17,0.995
2015-05-18,0.993
2015-05-19,0.988
2015-05-20,0.993
2015-05-21,0.992
2015-05-22,0.983
2015-05-23,0.99
2015-05-24,1.006
2015-05-25,1.006
2015-05-26,0.997
2015-05-27,0.981
2015-05-28,0.989
2015-05-29,0.999
2015-05-30,1.001
2015-05-31,0.993
2015-06-01,0.982
2015-06-02,0.978
2015-06-03,0.966
2015-06-04,0.99
2015-06-05,0.99
2015-06-06,0.99
2015-06-07,0.992
2015-06-08,0.987
2015-06-09,0.993
2015-06-10,0.993
2015-06-11,0.998
2015-06-12,0.997
2015-06-13,1.0
2015-06-14,0.999
2015-06-15,1.005
2015-06-16,1.007
2015-06-17,0.999
2015-06-18,1.031
2015-06-19,1.026
2015-06-20,1.011
2015-06-21,0.998
2015-06-22,1.005
2015-06-23,1.006
2015-06-24,1.008
2015-06-25,0.994
2015-06-26,0.997
2015-06-27,1.0
2015-06-28,1.003
2015-06-29,1.021
2015-06-30,1.019
2015-07-01,1.025
2015-07-02,1.018
2015-07-03,1.007
2015-07-04,1.003
2015-07-05,1.012
2015-07-06,1.024
2015-07-07,1.034
2015-07-08,1.013
2015-07-09,1.016
2015-07-10,1.022
2015-07-11,1.027
2015-07-12,1.041
2015-07-13,1.048
2015-07-14,1.038
2015-07-15,1.03
2015-07-16,1.029
2015-07-17,1.014
2015-07-18,0.995
2015-07-19,1.002
2015-07-20,0.998
2015-07-21,1.006
2015-07-22,1.013
2015-07-23,1.013
2015-07-24,1.008
2015-07-25,1.017
2015-07-26,1.028
2015-07-27,1.027
2015-07-28,1.022
2015-07-29,1.025
2015-07-30,1.016
2015-07-31,1.014
2015-08-01,1.003
2015-08-02,0.998
2015-08-03,0.992
2015-08-04,1.002
2015-08-05,1.004
2015-08-06,1.009
2015-08-07,1.0
2015-08-08,1.049
2015-08-09,1.009
2015-08-10,0.977
2015-08-11,0.981
2015-08-12,0.99
2015-08-13,0.999
2015-08-14,0.982
2015-08-15,0.991
2015-08-16,1.006
2015-08-17,0.994
2015-08-18,0.988
2015-08-19,1.006
2015-08-20,0.949
2015-08-21,0.966
2015-08-22,0.973
2015-08-23,0.982
2015-08-24,0.976
2015-08-25,0.968
2015-08-26,0.94
2015-08-27,0.986
2015-08-28,0.982
2015-08-29,0.982
2015-08-30,0.999
2015-08-31,0.994
2015-09-01,0.986
2015-09-02,0.993
2015-09-03,0.988
2015-09-04,0.993
2015-09-05,0.992
2015-09-06,0.997
2015-09-07,1.012
2015-09-08,1.013
2015-09-09,1.015
2015-09-10,1.001
2015-09-11,0.993
2015-09-12,0.998
2015-09-13,1.001
2015-09-14,0.985
2015-09-15,0.983
2015-09-16,0.992
2015-09-17,0.986
2015-09-18,0.99
2015-09-19,0.998
2015-09-20,0.995
2015-09-21,0.993
2015-09-22,0.986
2015-09-23,0.989
2015-09-24,0.992
2015-09-25,0.994
2015-09-26,1.002
2015-09-27,0.999
2015-09-28,0.995
2015-09-29,1.002
2015-09-30,1.005
2015-10-01,0.992
2015-10-02,1.001
2015-10-03,1.005
2015-10-04,1.001
2015-10-05,1.002
2015-10-06,1.001
2015-10-07,1.001
2015-10-08,1.011
2015-10-09,1.005
2015-10-10,1.004
2015-10-11,1.002
2015-10-12,1.003
2015-10-13,1.01
2015-10-14,1.004
2015-10-15,1.006
2015-10-16,1.011
2015-10-17,1.018
2015-10-18,1.029
2015-10-19,1.032
2015-10-20,1.017
2015-10-21,1.014
2015-10-22,1.018
2015-10-23,1.018
2015-10-24,1.021
2015-10-25,1.028
2015-10-26,1.037
2015-10-27,1.023
2015-10-28,1.03
2015-10-29,1.045
2015-10-30,1.058
2015-10-31,1.051
2015-11-01,1.048
2015-11-02,1.034
2015-11-03,1.043
2015-11-04,1.099
2015-11-05,1.182
2015-11-06,1.05
2015-11-07,1.011
2015-11-08,1.014
2015-11-09,1.015
2015-11-10,0.999
2015-11-11,1.024
2015-11-12,0.954
2015-11-13,0.978
2015-11-14,0.999
2015-11-15,0.997
2015-11-16,0.987
2015-11-17,1.013
2015-11-18,1.013
2015-11-19,1.005
2015-11-20,1.006
2015-11-21,0.986
2015-11-22,0.995
2015-11-23,0.998
2015-11-24,0.994
2015-11-25,0.99
2015-11-26,0.992
2015-11-27,0.994
2015-11-28,1.02
2015-11-29,1.011
2015-11-30,1.031
2015-12-01,1.033
2015-12-02,1.037
2015-12-03,0.997
2015-12-04,1.008
2015-12-05,1.02
2015-12-06,1.027
2015-12-07,1.064
2015-12-08,1.033
2015-12-09,1.048
2015-12-10,1.044
2015-12-11,1.034
2015-12-12,1.037
2015-12-13,1.037
2015-12-14,1.05
2015-12-15,1.038
2015-12-16,1.031
2015-12-17,1.041
2015-12-18,1.024
2015-12-19,1.026
2015-12-20,1.042
2015-12-21,1.037
2015-12-22,1.007
2015-12-23,1.023
2015-12-24,1.026
2015-12-25,1.023
2015-12-26,1.019
2015-12-27,1.011
2015-12-28,0.984
2015-12-29,1.0
2015-12-30,1.0
2015-12-31,1.042
2016-01-01,1.017
2016-01-02,1.008
2016-01-03,1.047
2016-01-04,1.021
2016-01-05,1.015
2016-01-06,1.017
2016-01-07,1.006
2016-01-08,1.014
2016-01-09,1.028
2016-01-10,1.062
2016-01-11,1.03
2016-01-12,1.033
2016-01-13,1.014
2016-01-14,0.993
2016-01-15,1.014
2016-01-16,1.01
2016-01-17,0.962
2016-01-18,0.968
2016-01-19,0.986
2016-01-20,0.988
2016-01-21,0.961
2016-01-22,1.027
2016-01-23,1.005
2016-01-24,1.002
2016-01-25,1.013
2016-01-26,1.01
2016-01-27,0.997
2016-01-28,0.991
2016-01-29,0.97
2016-01-30,0.991
2016-01-31,0.984
2016-02-01,0.976
2016-02-02,0.983
2016-02-03,0.984
2016-02-04,0.988
2016-02-05,0.982
2016-02-06,1.001
2016-02-07,0.997
2016-02-08,0.991
2016-02-09,0.997
2016-02-10,0.992
2016-02-11,0.994
2016-02-12,1.001
2016-02-13,0.997
2016-02-14,1.009
2016-02-15,1.017
2016-02-16,1.036
2016-02-17,1.009
2016-02-18,1.011
2016-02-19,1.032
2016-02-20,1.019
2016-02-21,1.015
2016-02-22,1.03
2016-02-23,1.022
2016-02-24,1.017
2016-02-25,1.005
2016-02-26,1.006
2016-02-27,1.003
2016-02-28,1.022
2016-02-29,1.025
2016-03-01,1.023
2016-03-02,1.01
2016-03-03,1.031
2016-03-04,1.003
2016-03-05,1.012
2016-03-06,0.991
2016-03-07,0.982
2016-03-08,0.993
2016-03-09,1.0
2016-03-10,1.004
2016-03-11,0.997
2016-03-12,1.006
2016-03-13,1.004
2016-03-14,1.0
2016-03-15,1.001
2016-03-16,1.002
2016-03-17,1.003
2016-03-18,1.009
2016-03-19,1.008
2016-03-20,0.997
2016-03-21,1.0
2016-03-22,0.996
2016-03-23,1.003
2016-03-24,1.006
2016-03-25,1.002
2016-03-26,1.008
2016-03-27,1.004
2016-03-28,1.008
2016-03-29,1.012
2016-03-30,1.004
2016-03-31,1.001
2016-04-01,0.999
2016-04-02,0.997
2016-04-03,1.0
2016-04-04,1.004
2016-04-05,1.003
2016-04-06,1.01
2016-04-07,1.006
2016-04-08,1.002
2016-04-09,1.007
2016-04-10,0.998
2016-04-11,1.001
2016-04-12,1.008
2016-04-13,1.006
2016-04-14,1.008
2016-04-15,1.004
2016-04-16,1.007
2016-04-17,1.008
2016-04-18,1.006
2016-04-19,1.004
2016-04-20,1.004
2016-04-21,1.014
2016-04-22,1.012
2016-04-23,1.013
2016-04-24,1.013
2016-04-25,1.036
2016-04-26,1.022
2016-04-27,1.02
2016-04-28,1.021
2016-04-29,0.997
2016-04-30,1.003
2016-05-01,1.008
2016-05-02,1.011
2016-05-03,1.002
2016-05-04,1.004
2016-05-05,1.006
2016-05-06,1.003
2016-05-07,1.003
2016-05-08,1.009
2016-05-09,1.009
2016-05-10,1.012
2016-05-11,1.008
2016-05-12,1.005
2016-05-13,1.0
2016-05-14,1.005
2016-05-15,1.006
2016-05-16,1.006
2016-05-17,1.007
2016-05-18,1.009
2016-05-19,1.01
2016-05-20,1.013
2016-05-21,0.998
2016-05-22,0.999
2016-05-23,1.0
2016-05-24,0.997
2016-05-25,1.001
2016-05-26,1.005
2016-05-27,1.01
2016-05-28,1.032
2016-05-29,1.024
2016-05-30,1.055
2016-05-31,1.054
2016-06-01,1.054
2016-06-02,1.045
2016-06-03,1.027
2016-06-04,1.029
2016-06-05,1.052
2016-06-06,1.058
2016-06-07,1.035
2016-06-08,1.048
2016-06-09,1.029
2016-06-10,1.03
2016-06-11,1.026
2016-06-12,1.049
2016-06-13,1.124
2016-06-14,1.077
2016-06-15,1.085
2016-06-16,1.098
2016-06-17,1.065
2016-06-18,1.074
2016-06-19,1.057
2016-06-20,1.051
2016-06-21,1.104
2016-06-22,1.013
2016-06-23,1.037
2016-06-24,0.95
2016-06-25,1.013
2016-06-26,1.015
2016-06-27,1.02
2016-06-28,1.003
2016-06-29,1.009
2016-06-30,0.997
2016-07-01,1.006
2016-07-02,1.042
2016-07-03,1.028
2016-07-04,1.033
2016-07-05,1.019
2016-07-06,1.017
2016-07-07,1.02
2016-07-08,1.001
2016-07-09,1.01
2016-07-10,1.004
2016-07-11,1.004
2016-07-12,1.01
2016-07-13,1.011
2016-07-14,1.015
2016-07-15,1.004
2016-07-16,1.017
2016-07-17,1.047
2016-07-18,1.008
2016-07-19,1.043
2016-07-20,1.01
2016-07-21,1.013
2016-07-22,1.005
2016-07-23,1.004
2016-07-24,1.033
2016-07-25,1.006
2016-07-26,1.008
2016-07-27,1.016
2016-07-28,1.006
2016-07-29,1.004
2016-07-30,1.003
2016-07-31,1.003
2016-08-01,0.992
2016-08-02,0.98
2016-08-03,1.006
2016-08-04,0.927
2016-08-05,0.987
2016-08-06,0.97
2016-08-07,0.979
2016-08-08,0.993
2016-08-09,0.988
2016-08-10,0.974
2016-08-11,0.993
2016-08-12,0.999
2016-08-13,0.999
2016-08-14,0.991
2016-08-15,0.987
2016-08-16,0.987
2016-08-17,0.987
2016-08-18,0.997
2016-08-19,0.99
2016-08-20,0.994
2016-08-21,0.996
2016-08-22,0.999
2016-08-23,0.992
2016-08-24,0.994
2016-08-25,0.997
2016-08-26,0.991
2016-08-27,0.998
2016-08-28,0.996
2016-08-29,0.98
2016-08-30,0.995
2016-08-31,1.015
2016-09-01,0.994
2016-09-02,0.995
2016-09-03,0.996
2016-09-04,0.994
2016-09-05,1.019
2016-09-06,1.019
2016-09-07,1.015
2016-09-08,1.01
2016-09-09,1.018
2016-09-10,1.013
2016-09-11,1.012
2016-09-12,1.012
2016-09-13,1.005
2016-09-14,1.002
2016-09-15,1.005
2016-09-16,1.005
2016-09-17,1.003
2016-09-18,1.004
2016-09-19,0.999
2016-09-20,1.034
2016-09-21,1.003
2016-09-22,0.995
2016-09-23,0.996
2016-09-24,0.996
2016-09-25,0.998
2016-09-26,1.007
2016-09-27,1.001
2016-09-28,1.002
2016-09-29,1.0
2016-09-30,0.997
2016-10-01,0.999
2016-10-02,1.003
2016-10-03,1.006
2016-10-04,1.011
2016-10-05,1.003
2016-10-06,1.006
2016-10-07,1.001
2016-10-08,1.0
2016-10-09,1.005
2016-10-10,1.005
2016-10-11,1.006
2016-10-12,1.012
2016-10-13,1.012
2016-10-14,1.009
2016-10-15,1.008
2016-10-16,1.01
2016-10-17,1.009
2016-10-18,1.01
2016-10-19,1.012
2016-10-20,1.004
2016-10-21,0.999
2016-10-22,0.999
2016-10-23,1.002
2016-10-24,1.028
2016-10-25,1.015
2016-10-26,1.013
2016-10-27,1.021
2016-10-28,1.023
2016-10-29,1.021
2016-10-30,1.023
2016-10-31,1.05
2016-11-01,1.022
2016-11-02,1.027
2016-11-03,1.033
2016-11-04,1.041
2016-11-05,1.005
2016-11-06,1.01
2016-11-07,1.021
2016-11-08,1.023
2016-11-09,1.019
2016-11-10,1.022
2016-11-11,1.013
2016-11-12,1.011
2016-11-13,1.009
2016-11-14,0.996
2016-11-15,1.015
2016-11-16,1.015
2016-11-17,1.015
2016-11-18,1.027
2016-11-19,1.017
2016-11-20,1.021
2016-11-21,1.019
2016-11-22,1.014
2016-11-23,1.024
2016-11-24,1.013
2016-11-25,1.01
2016-11-26,1.005
2016-11-27,1.009
2016-11-28,1.005
2016-11-29,1.007
2016-11-30,1.01
2016-12-01,1.009
2016-12-02,1.018
2016-12-03,1.062
2016-12-04,1.022
2016-12-05,1.016
2016-12-06,1.011
2016-12-07,1.011
2016-12-08,1.015
2016-12-09,1.012
2016-12-10,1.013
2016-12-11,1.015
2016-12-12,1.021
2016-12-13,1.014
2016-12-14,1.023
2016-12-15,1.016
2016-12-16,1.018
2016-12-17,1.017
2016-12-18,1.017
2016-12-19,1.014
2016-12-20,1.03
2016-12-21,1.021
2016-12-22,1.027
2016-12-23,1.063
2016-12-24,1.034
2016-12-25,1.042
2016-12-26,1.031
2016-12-27,1.041
2016-12-28,1.039
2016-12-29,1.065
2016-12-30,1.062
2016-12-31,1.032
2017-01-01,1.042
2017-01-02,1.07
2017-01-03,1.081
2017-01-04,1.087
2017-01-05,1.075
2017-01-06,1.081
2017-01-07,1.011
2017-01-08,0.966
2017-01-09,1.006
2017-01-10,0.993
2017-01-11,1.006
2017-01-12,1.016
2017-01-13,0.952
2017-01-14,0.97
2017-01-15,1.004
2017-01-16,0.984
2017-01-17,0.994
2017-01-18,1.007
2017-01-19,1.019
2017-01-20,1.016
2017-01-21,1.013
2017-01-22,1.035
2017-01-23,1.033
2017-01-24,1.028
2017-01-25,1.038
2017-01-26,1.013
2017-01-27,1.007
2017-01-28,1.014
2017-01-29,1.014
2017-01-30,1.021
2017-01-31,1.013
2017-02-01,1.014
2017-02-02,1.034
2017-02-03,1.041
2017-02-04,1.033
2017-02-05,1.036
2017-02-06,1.044
2017-02-07,1.038
2017-02-08,1.044
2017-02-09,1.046
2017-02-10,1.058
2017-02-11,0.992
2017-02-12,1.017
2017-02-13,1.029
2017-02-14,1.013
2017-02-15,1.013
2017-02-16,1.014
2017-02-17,1.05
2017-02-18,1.038
2017-02-19,1.031
2017-02-20,1.03
2017-02-21,1.024
2017-02-22,1.068
2017-02-23,1.049
2017-02-24,1.064
2017-02-25,1.042
2017-02-26,1.032
2017-02-27,1.037
2017-02-28,1.044
2017-03-01,1.064
2017-03-02,1.053
2017-03-03,1.046
2017-03-04,1.063
2017-03-05,1.058
2017-03-06,1.052
2017-03-07,1.057
2017-03-08,1.067
2017-03-09,1.01
2017-03-10,1.008
2017-03-11,1.038
2017-03-12,1.006
2017-03-13,1.012
2017-03-14,1.028
2017-03-15,1.061
2017-03-16,1.051
2017-03-17,1.035
2017-03-18,1.015
2017-03-19,0.992
2017-03-20,0.946
2017-03-21,0.976
2017-03-22,1.021
2017-03-23,0.994
2017-03-24,0.983
2017-03-25,1.002
2017-03-26,0.952
2017-03-27,0.962
2017-03-28,0.983
2017-03-29,1.004
2017-03-30,0.993
2017-03-31,1.01
2017-04-01,0.999
2017-04-02,1.007
2017-04-03,1.014
2017-04-04,1.031
2017-04-05,1.039
2017-04-06,1.019
2017-04-07,1.026
2017-04-08,1.031
2017-04-09,1.054
2017-04-10,1.033
2017-04-11,1.037
2017-04-12,1.032
2017-04-13,1.038
2017-04-14,1.02
2017-04-15,1.008
2017-04-16,1.011
2017-04-17,1.047
2017-04-18,1.021
2017-04-19,1.026
2017-04-20,1.028
2017-04-21,1.021
2017-04-22,1.017
2017-04-23,1.025
2017-04-24,1.03
2017-04-25,1.029
2017-04-26,1.031
2017-04-27,1.043
2017-04-28,1.038
2017-04-29,1.032
2017-04-30,1.03
2017-05-01,1.037
2017-05-02,1.062
2017-05-03,1.059
2017-05-04,1.104
2017-05-05,1.087
2017-05-06,1.081
2017-05-07,1.052
2017-05-08,1.073
2017-05-09,1.068
2017-05-10,1.085
2017-05-11,1.092
2017-05-12,1.112
2017-05-13,1.083
2017-05-14,1.019
2017-05-15,1.077
2017-05-16,1.056
2017-05-17,1.051
2017-05-18,1.044
2017-05-19,1.063
2017-05-20,1.095
2017-05-21,1.1
2017-05-22,1.116
2017-05-23,1.123
2017-05-24,1.1
2017-05-25,1.15
2017-05-26,1.198
2017-05-27,1.094
2017-05-28,1.016
2017-05-29,1.042
2017-05-30,1.041
2017-05-31,1.085
2017-06-01,1.056
2017-06-02,1.077
2017-06-03,1.071
2017-06-04,1.081
2017-06-05,1.084
2017-06-06,1.063
2017-06-07,1.12
2017-06-08,1.108
2017-06-09,1.077
2017-06-10,1.079
2017-06-11,1.095
2017-06-12,1.129
2017-06-13,1.078
2017-06-14,1.085
2017-06-15,1.059
2017-06-16,0.98
2017-06-17,1.006
2017-06-18,1.047
2017-06-19,1.074
2017-06-20,1.04
2017-06-21,1.044
2017-06-22,1.073
2017-06-23,1.043
2017-06-24,1.042
2017-06-25,1.04
2017-06-26,1.024
2017-06-27,1.004
2017-06-28,0.995
2017-06-29,1.051
2017-06-30,1.069
2017-07-01,1.02
2017-07-02,1.019
2017-07-03,1.005
2017-07-04,1.013
2017-07-05,1.041
2017-07-06,1.015
2017-07-07,1.082
2017-07-08,1.018
2017-07-09,1.0
2017-07-10,1.027
2017-07-11,1.026
2017-07-12,0.981
2017-07-13,0.987
2017-07-14,1.008
2017-07-15,0.992
2017-07-16,0.953
2017-07-17,0.912
2017-07-18,0.934
2017-07-19,1.023
2017-07-20,1.015
2017-07-21,1.007
2017-07-22,1.085
2017-07-23,1.066
2017-07-24,1.061
2017-07-25,1.061
2017-07-26,1.051
2017-07-27,1.026
2017-07-28,1.056
2017-07-29,1.101
2017-07-30,1.049
2017-07-31,1.038
2017-08-01,1.098
2017-08-02,1.061
2017-08-03,1.019
2017-08-04,1.061
2017-08-05,1.059
2017-08-06,1.137
2017-08-07,1.107
2017-08-08,1.066
2017-08-09,1.079
2017-08-10,1.077
2017-08-11,1.054
2017-08-12,1.071
2017-08-13,1.11
2017-08-14,1.134
2017-08-15,1.11
2017-08-16,1.097
2017-08-17,1.118
2017-08-18,1.11
2017-08-19,1.145
2017-08-20,1.094
2017-08-21,1.07
2017-08-22,1.066
2017-08-23,1.026
2017-08-24,1.04
2017-08-25,1.059
2017-08-26,1.078
2017-08-27,1.054
2017-08-28,1.089
2017-08-29,1.084
2017-08-30,1.055
2017-08-31,1.124
2017-09-01,1.102
2017-09-02,1.109
2017-09-03,1.074
2017-09-04,1.089
2017-09-05,1.045
2017-09-06,1.029
2017-09-07,1.15
2017-09-08,1.054
2017-09-09,1.047
2017-09-10,1.075
2017-09-11,0.989
2017-09-12,1.009
2017-09-13,1.014
2017-09-14,0.986
2017-09-15,0.959
2017-09-16,0.938
2017-09-17,0.99
2017-09-18,0.973
2017-09-19,1.012
2017-09-20,1.028
2017-09-21,1.014
2017-09-22,0.999
2017-09-23,0.988
2017-09-24,0.992
2017-09-25,0.998
2017-09-26,0.986
2017-09-27,1.024
2017-09-28,1.027
2017-09-29,1.05
2017-09-30,1.027
2017-10-01,1.041
2017-10-02,1.054
2017-10-03,1.048
2017-10-04,1.028
2017-10-05,1.03
2017-10-06,1.026
2017-10-07,1.042
2017-10-08,1.046
2017-10-09,1.089
2017-10-10,1.08
2017-10-11,1.078
2017-10-12,1.062
2017-10-13,1.116
2017-10-14,1.122
2017-10-15,1.1
2017-10-16,1.097
2017-10-17,1.094
2017-10-18,1.087
2017-10-19,1.094
2017-10-20,1.084
2017-10-21,1.088
2017-10-22,1.148
2017-10-23,1.205
2017-10-24,1.133
2017-10-25,1.039
2017-10-26,1.035
2017-10-27,1.085
2017-10-28,1.053
2017-10-29,1.044
2017-10-30,1.06
2017-10-31,1.086
2017-11-01,1.092
2017-11-02,1.127
2017-11-03,1.134
2017-11-04,1.15
2017-11-05,1.138
2017-11-06,1.165
2017-11-07,1.099
2017-11-08,1.076
2017-11-09,1.151
2017-11-10,1.107
2017-11-11,1.096
2017-11-12,1.09
2017-11-13,0.994
2017-11-14,1.017
2017-11-15,1.056
2017-11-16,1.075
2017-11-17,1.144
2017-11-18,1.124
2017-11-19,1.122
2017-11-20,1.1
2017-11-21,1.16
2017-11-22,1.104
2017-11-23,1.104
2017-11-24,1.122
2017-11-25,1.159
2017-11-26,1.158
2017-11-27,1.175
2017-11-28,1.226
2017-11-29,1.199
2017-11-30,1.169
2017-12-01,1.133
2017-12-02,1.149
2017-12-03,1.14
2017-12-04,1.17
2017-12-05,1.139
2017-12-06,1.161
2017-12-07,1.274
2017-12-08,1.274
2017-12-09,1.221
2017-12-10,1.198
2017-12-11,1.117
2017-12-12,1.2
2017-12-13,1.214
2017-12-14,1.175
2017-12-15,1.123
2017-12-16,1.17
2017-12-17,1.178
2017-12-18,1.207
2017-12-19,1.163
2017-12-20,1.184
2017-12-21,1.107
2017-12-22,1.109
2017-12-23,0.993
2017-12-24,1.035
2017-12-25,0.989
2017-12-26,0.994
2017-12-27,1.119
2017-12-28,1.111
2017-12-29,1.03
2017-12-30,1.156
2017-12-31,0.971
2018-01-01,0.97
2018-01-02,1.032
2018-01-03,1.004
2018-01-04,1.103
2018-01-05,1.058
2018-01-06,1.088
2018-01-07,1.091
2018-01-08,1.077
2018-01-09,1.088
2018-01-10,1.054
2018-01-11,1.013
2018-01-12,1.012
2018-01-13,0.989
2018-01-14,1.027
2018-01-15,0.997
2018-01-16,1.014
2018-01-17,0.95
2018-01-18,0.9
2018-01-19,0.945
2018-01-20,0.932
2018-01-21,0.991
2018-01-22,0.984
2018-01-23,0.938
2018-01-24,0.932
2018-01-25,0.947
2018-01-26,1.046
2018-01-27,0.98
2018-01-28,1.054
2018-01-29,1.013
2018-01-30,0.943
2018-01-31,0.971
2018-02-01,0.915
2018-02-02,0.882
2018-02-03,0.872
2018-02-04,0.873
2018-02-05,0.895
2018-02-06,0.834
2018-02-07,0.779
2018-02-08,0.862
2018-02-09,0.929
2018-02-10,0.944
2018-02-11,0.985
2018-02-12,0.937
2018-02-13,0.946
2018-02-14,0.963
2018-02-15,0.966
2018-02-16,1.004
2018-02-17,1.004
2018-02-18,1.044
2018-02-19,1.054
2018-02-20,1.045
2018-02-21,1.082
2018-02-22,1.055
2018-02-23,1.02
2018-02-24,0.983
2018-02-25,0.976
2018-02-26,0.958
2018-02-27,0.97
2018-02-28,0.968
2018-03-01,1.001
2018-03-02,1.004
2018-03-03,0.999
2018-03-04,1.047
2018-03-05,1.064
2018-03-06,1.047
2018-03-07,0.989
2018-03-08,0.989
2018-03-09,0.844
2018-03-10,0.896
2018-03-11,0.973
2018-03-12,0.924
2018-03-13,0.967
2018-03-14,0.941
2018-03-15,0.95
2018-03-16,0.882
2018-03-17,0.93
2018-03-18,0.917
2018-03-19,0.891
2018-03-20,0.939
2018-03-21,0.954
2018-03-22,0.958
2018-03-23,0.978
2018-03-24,0.955
2018-03-25,0.96
2018-03-26,0.929
2018-03-27,0.954
2018-03-28,0.92
2018-03-29,0.891
2018-03-30,0.897
2018-03-31,0.888
2018-04-01,0.908
2018-04-02,0.907
2018-04-03,0.905
2018-04-04,0.929
2018-04-05,0.918
2018-04-06,0.895
2018-04-07,0.882
2018-04-08,0.919
2018-04-09,0.927
2018-04-10,0.928
2018-04-11,0.894
2018-04-12,0.897
2018-04-13,0.964
2018-04-14,0.971
2018-04-15,0.979
2018-04-16,0.994
2018-04-17,0.974
2018-04-18,0.977
2018-04-19,0.973
2018-04-20,0.982
2018-04-21,0.984
2018-04-22,0.999
2018-04-23,1.028
2018-04-24,0.999
2018-04-25,1.036
2018-04-26,1.031
2018-04-27,0.97
2018-04-28,1.015
2018-04-29,0.986
2018-04-30,1.004
2018-05-01,1.014
2018-05-02,0.98
2018-05-03,0.984
2018-05-04,1.001
2018-05-05,1.0
2018-05-06,1.006
2018-05-07,1.014
2018-05-08,0.995
2018-05-09,0.998
2018-05-10,0.981
2018-05-11,1.004
2018-05-12,0.987
2018-05-13,0.963
2018-05-14,0.965
2018-05-15,0.962
2018-05-16,0.97
2018-05-17,0.929
2018-05-18,0.968
2018-05-19,0.96
2018-05-20,0.977
2018-05-21,0.983
2018-05-22,0.983
2018-05-23,0.965
2018-05-24,0.954
2018-05-25,0.943
2018-05-26,0.954
2018-05-27,0.95
2018-05-28,0.919
2018-05-29,0.938
2018-05-30,0.95
2018-05-31,0.951
2018-06-01,0.96
2018-06-02,0.972
2018-06-03,0.981
2018-06-04,0.976
2018-06-05,0.962
2018-06-06,0.955
2018-06-07,0.974
2018-06-08,0.97
2018-06-09,0.968
2018-06-10,0.958
2018-06-11,0.935
2018-06-12,0.927
2018-06-13,0.906
2018-06-14,0.943
2018-06-15,0.938
2018-06-16,0.964
2018-06-17,0.937
2018-06-18,0.942
2018-06-19,0.948
2018-06-20,0.964
2018-06-21,0.963
2018-06-22,0.967
2018-06-23,0.944
2018-06-24,0.923
2018-06-25,0.932
2018-06-26,0.937
2018-06-27,0.937
2018-06-28,0.931
2018-06-29,0.949
2018-06-30,0.943
2018-07-01,0.867
2018-07-02,0.977
2018-07-03,0.97
2018-07-04,0.989
2018-07-05,0.976
2018-07-06,0.951
2018-07-07,0.982
2018-07-08,0.908
2018-07-09,1.003
2018-07-10,0.99
2018-07-11,0.964
2018-07-12,0.973
2018-07-13,0.956
2018-07-14,0.959
2018-07-15,0.976
2018-07-16,0.951
2018-07-17,0.988
2018-07-18,0.99
2018-07-19,1.037
2018-07-20,1.022
2018-07-21,1.014
2018-07-22,1.004
2018-07-23,1.018
2018-07-24,1.031
2018-07-25,1.044
2018-07-26,1.043
2018-07-27,1.041
2018-07-28,1.018
2018-07-29,1.071
2018-07-30,1.03
2018-07-31,1.033
2018-08-01,1.018
2018-08-02,0.993
2018-08-03,0.994
2018-08-04,0.98
2018-08-05,0.996
2018-08-06,0.96
2018-08-07,0.969
2018-08-08,0.983
2018-08-09,0.943
2018-08-10,0.949
2018-08-11,0.96
2018-08-12,0.941
2018-08-13,0.946
2018-08-14,0.948
2018-08-15,0.938
2018-08-16,0.972
2018-08-17,0.977
2018-08-18,0.981
2018-08-19,0.991
2018-08-20,0.973
2018-08-21,0.982
2018-08-22,0.969
2018-08-23,0.989
2018-08-24,0.973
2018-08-25,0.995
2018-08-26,1.005
2018-08-27,0.985
2018-08-28,0.996
2018-08-29,1.005
2018-08-30,1.01
2018-08-31,1.006
2018-09-01,1.009
2018-09-02,1.012
2018-09-03,1.024
2018-09-04,1.024
2018-09-05,1.017
2018-09-06,1.018
2018-09-07,0.973
2018-09-08,0.978
2018-09-09,0.971
2018-09-10,0.949
2018-09-11,0.964
2018-09-12,0.966
2018-09-13,0.958
2018-09-14,0.989
2018-09-15,0.995
2018-09-16,0.994
2018-09-17,0.984
2018-09-18,0.993
2018-09-19,0.979
2018-09-20,0.977
2018-09-21,0.979
2018-09-22,0.992
2018-09-23,1.002
2018-09-24,1.002
2018-09-25,0.996
2018-09-26,0.987
2018-09-27,0.986
2018-09-28,0.988
2018-09-29,1.003
2018-09-30,0.994
2018-10-01,0.997
2018-10-02,0.993
2018-10-03,0.989
2018-10-04,0.988
2018-10-05,0.997
2018-10-06,0.995
2018-10-07,0.997
2018-10-08,0.995
2018-10-09,0.993
2018-10-10,1.007
2018-10-11,0.995
2018-10-12,0.979
2018-10-13,0.984
2018-10-14,0.985
2018-10-15,0.984
2018-10-16,1.001
2018-10-17,1.0
2018-10-18,0.997
2018-10-19,1.002
2018-10-20,0.995
2018-10-21,0.997
2018-10-22,0.999
2018-10-23,0.991
2018-10-24,0.996
2018-10-25,0.997
2018-10-26,0.997
2018-10-27,0.997
2018-10-28,0.994
2018-10-29,0.996
2018-10-30,0.991
2018-10-31,0.986
2018-11-01,0.988
2018-11-02,0.993
2018-11-03,0.998
2018-11-04,0.995
2018-11-05,0.996
2018-11-06,0.999
2018-11-07,0.997
2018-11-08,1.005
2018-11-09,1.001
2018-11-10,0.998
2018-11-11,0.996
2018-11-12,0.993
2018-11-13,0.997
2018-11-14,0.989
2018-11-15,0.987
2018-11-16,0.942
2018-11-17,0.968
2018-11-18,0.967
2018-11-19,0.948
2018-11-20,0.933
2018-11-21,0.91
2018-11-22,0.912
2018-11-23,0.933
2018-11-24,0.905
2018-11-25,0.902
2018-11-26,0.844
2018-11-27,0.883
2018-11-28,0.85
2018-11-29,0.94
2018-11-30,0.923
2018-12-01,0.966
2018-12-02,0.94
2018-12-03,0.942
2018-12-04,0.932
2018-12-05,0.886
2018-12-06,0.864
2018-12-07,0.912
2018-12-08,0.897
2018-12-09,0.916
2018-12-10,0.922
2018-12-11,0.896
2018-12-12,0.91
2018-12-13,0.925
2018-12-14,0.927
2018-12-15,0.922
2018-12-16,0.894
2018-12-17,0.901
2018-12-18,0.826
2018-12-19,0.924
2018-12-20,0.97
2018-12-21,0.991
2018-12-22,1.011
2018-12-23,0.972
2018-12-24,0.994
2018-12-25,1.005
2018-12-26,0.967
2018-12-27,0.973
2018-12-28,0.917
2018-12-29,0.958
2018-12-30,0.99
2018-12-31,0.967
2019-01-01,0.983
2019-01-02,0.964
2019-01-03,0.947
2019-01-04,0.987
2019-01-05,0.982
2019-01-06,0.985
2019-01-07,0.973
2019-01-08,0.996
2019-01-09,1.004
2019-01-10,0.99
2019-01-11,0.995
2019-01-12,0.961
2019-01-13,0.964
2019-01-14,0.92
2019-01-15,0.894
2019-01-16,0.976
2019-01-17,0.97
2019-01-18,0.964
2019-01-19,0.982
2019-01-20,0.983
2019-01-21,0.945
2019-01-22,0.955
2019-01-23,0.976
2019-01-24,0.976
2019-01-25,0.966
2019-01-26,0.976
2019-01-27,0.977
2019-01-28,0.967
2019-01-29,0.96
2019-01-30,0.945
2019-01-31,0.964
2019-02-01,0.945
2019-02-02,0.962
2019-02-03,0.973
2019-02-04,0.952
2019-02-05,0.974
2019-02-06,0.946
2019-02-07,0.946
2019-02-08,0.965
2019-02-09,0.975
2019-02-10,1.001
2019-02-11,1.0
2019-02-12,0.976
2019-02-13,0.958
2019-02-14,0.982
2019-02-15,0.986
2019-02-16,0.989
2019-02-17,0.994
2019-02-18,0.993
2019-02-19,1.001
2019-02-20,1.02
2019-02-21,1.008
2019-02-22,1.01
2019-02-23,1.016
2019-02-24,1.01
2019-02-25,1.025
2019-02-26,0.994
2019-02-27,0.994
2019-02-28,0.997
2019-03-01,0.996
2019-03-02,1.019
2019-03-03,1.001
2019-03-04,0.937
2019-03-05,0.997
2019-03-06,0.988
2019-03-07,1.001
2019-03-08,1.001
2019-03-09,1.004
2019-03-10,1.003
2019-03-11,1.003
2019-03-12,1.005
2019-03-13,0.996
2019-03-14,1.001
2019-03-15,1.007
2019-03-16,0.949
2019-03-17,1.019
2019-03-18,1.007
2019-03-19,1.013
2019-03-20,1.005
2019-03-21,1.012
2019-03-22,1.008
2019-03-23,1.003
2019-03-24,1.004
2019-03-25,0.999
2019-03-26,1.006
2019-03-27,0.998
2019-03-28,1.007
2019-03-29,1.006
2019-03-30,1.008
2019-03-31,1.02
2019-04-01,1.016
2019-04-02,1.031
2019-04-03,1.033
2019-04-04,1.087
2019-04-05,1.067
2019-04-06,1.042
2019-04-07,1.04
2019-04-08,1.056
2019-04-09,1.066
2019-04-10,1.042
2019-04-11,1.046
2019-04-12,1.022
2019-04-13,1.024
2019-04-14,1.026
2019-04-15,1.015
2019-04-16,1.037
2019-04-17,1.029
2019-04-18,1.025
2019-04-19,1.151
2019-04-20,1.019
2019-04-21,1.032
2019-04-22,1.033
2019-04-23,1.035
2019-04-24,1.064
2019-04-25,1.037
2019-04-26,1.044
2019-04-27,1.011
2019-04-28,1.015
2019-04-29,1.015
2019-04-30,1.028
2019-05-01,1.014
2019-05-02,1.028
2019-05-03,1.03
2019-05-04,1.032
2019-05-05,1.056
2019-05-06,1.069
2019-05-07,1.028
2019-05-08,1.064
2019-05-09,1.058
2019-05-10,1.057
2019-05-11,1.142
2019-05-12,1.143
2019-05-13,1.149
2019-05-14,1.1
2019-05-15,1.17
2019-05-16,1.205
2019-05-17,1.08
2019-05-18,1.02
2019-05-19,1.039
2019-05-20,1.076
2019-05-21,1.086
2019-05-22,1.057
2019-05-23,1.033
2019-05-24,1.05
2019-05-25,1.048
2019-05-26,1.074
2019-05-27,1.058
2019-05-28,1.122
2019-05-29,1.445
2019-05-30,1.067
2019-05-31,1.057
2019-06-01,1.036
2019-06-02,1.046
2019-06-03,1.06
2019-06-04,1.06
2019-06-05,1.011
2019-06-06,0.992
2019-06-07,1.02
2019-06-08,1.008
2019-06-09,1.023
2019-06-10,1.053
2019-06-11,1.006
2019-06-12,1.024
2019-06-13,1.02
2019-06-14,1.022
2019-06-15,1.023
2019-06-16,1.062
2019-06-17,1.092
2019-06-18,1.059
2019-06-19,1.058
2019-06-20,1.058
2019-06-21,1.054
2019-06-22,1.093
2019-06-23,1.1
2019-06-24,1.116
2019-06-25,1.07
2019-06-26,1.18
2019-06-27,1.172
2019-06-28,1.121
2019-06-29,1.09
2019-06-30,1.103
2019-07-01,1.082
2019-07-02,1.013
2019-07-03,1.01
2019-07-04,1.107
2019-07-05,1.066
2019-07-06,1.027
2019-07-07,1.051
2019-07-08,1.046
2019-07-09,1.055
2019-07-10,1.186
2019-07-11,1.105
2019-07-12,1.065
2019-07-13,1.031
2019-07-14,1.017
2019-07-15,1.024
2019-07-16,0.997
2019-07-17,1.033
2019-07-18,0.973
2019-07-19,1.003
2019-07-20,1.014
2019-07-21,1.062
2019-07-22,1.014
2019-07-23,1.015
2019-07-24,0.992
2019-07-25,1.0
2019-07-26,1.015
2019-07-27,0.992
2019-07-28,1.008
2019-07-29,1.035
2019-07-30,1.0
2019-07-31,0.986
2019-08-01,0.997
2019-08-02,1.014
2019-08-03,1.03
2019-08-04,1.027
2019-08-05,1.037
2019-08-06,1.081
2019-08-07,1.07
2019-08-08,1.075
2019-08-09,1.054
2019-08-10,1.04
2019-08-11,1.046
2019-08-12,1.017
2019-08-13,1.071
2019-08-14,1.096
2019-08-15,0.99
2019-08-16,0.976
2019-08-17,0.977
2019-08-18,1.005
2019-08-19,0.982
2019-08-20,1.017
2019-08-21,1.03
2019-08-22,0.985
2019-08-23,1.149
2019-08-24,1.01
2019-08-25,1.001
2019-08-26,0.994
2019-08-27,1.001
2019-08-28,1.019
2019-08-29,0.986
2019-08-30,0.971
2019-08-31,0.974
2019-09-01,0.99
2019-09-02,0.974
2019-09-03,0.992
2019-09-04,1.019
2019-09-05,1.019
2019-09-06,1.017
2019-09-07,1.021
2019-09-08,1.011
2019-09-09,1.019
2019-09-10,0.996
2019-09-11,1.112
2019-09-12,0.986
2019-09-13,0.997
2019-09-14,1.007
2019-09-15,0.999
2019-09-16,1.001
2019-09-17,1.013
2019-09-18,1.003
2019-09-19,0.999
2019-09-20,0.984
2019-09-21,1.007
2019-09-22,0.998
2019-09-23,0.991
2019-09-24,0.974
2019-09-25,0.983
2019-09-26,0.917
2019-09-27,0.965
2019-09-28,0.933
2019-09-29,0.964
2019-09-30,0.95
2019-10-01,0.926
2019-10-02,0.979
2019-10-03,0.958
2019-10-04,0.969
2019-10-05,0.977
2019-10-06,0.967
2019-10-07,0.958
2019-10-08,0.944
2019-10-09,0.966
2019-10-10,0.965
2019-10-11,0.988
2019-10-12,0.981
2019-10-13,0.977
2019-10-14,0.971
2019-10-15,0.974
2019-10-16,0.957
2019-10-17,0.973
2019-10-18,0.964
2019-10-19,0.982
2019-10-20,0.974
2019-10-21,0.974
2019-10-22,0.989
2019-10-23,0.954
2019-10-24,0.919
2019-10-25,0.928
2019-10-26,0.948
2019-10-27,1.037
2019-10-28,1.038
2019-10-29,1.04
2019-10-30,1.02
2019-10-31,1.007
2019-11-01,0.993
2019-11-02,0.993
2019-11-03,0.995
2019-11-04,1.002
2019-11-05,0.884
2019-11-06,0.993
2019-11-07,1.002
2019-11-08,0.998
2019-11-09,0.992
2019-11-10,0.992
2019-11-11,0.988
2019-11-12,0.982
2019-11-13,0.982
2019-11-14,0.985
2019-11-15,0.988
2019-11-16,0.985
2019-11-17,0.986
2019-11-18,0.976
2019-11-19,0.984
2019-11-20,0.958
2019-11-21,0.96
2019-11-22,0.927
2019-11-23,0.933
2019-11-24,0.96
2019-11-25,0.93
2019-11-26,0.9
2019-11-27,0.917
2019-11-28,0.959
2019-11-29,0.968
2019-11-30,0.939
2019-12-01,0.986
2019-12-02,0.951
2019-12-03,0.939
2019-12-04,0.992
2019-12-05,0.944
2019-12-06,0.944
2019-12-07,0.986
2019-12-08,0.984
2019-12-09,0.99
2019-12-10,0.991
2019-12-11,0.981
2019-12-12,0.97
2019-12-13,0.978
2019-12-14,0.972
2019-12-15,0.983
2019-12-16,0.962
2019-12-17,0.971
2019-12-18,0.882
2019-12-19,0.934
2019-12-20,0.964
2019-12-21,0.986
2019-12-22,0.979
2019-12-23,0.987
2019-12-24,1.001
2019-12-25,0.893
2019-12-26,0.969
2019-12-27,0.982
2019-12-28,0.975
2019-12-29,0.993
2019-12-30,0.948
2019-12-31,0.986
2020-01-01,0.987
2020-01-02,0.987
2020-01-03,0.98
2020-01-04,0.959
2020-01-05,0.995
2020-01-06,1.004
2020-01-07,0.993
2020-01-08,1.018
2020-01-09,1.067
2020-01-10,1.008
2020-01-11,0.994
2020-01-12,1.024
2020-01-13,1.018
2020-01-14,1.046
2020-01-15,1.023
2020-01-16,1.028
2020-01-17,1.01
2020-01-18,1.029
2020-01-19,1.021
2020-01-20,1.02
2020-01-21,1.009
2020-01-22,1.01
2020-01-23,1.015
2020-01-24,1.003
2020-01-25,1.0
2020-01-26,0.99
2020-01-27,0.999
2020-01-28,1.012
2020-01-29,1.03
2020-01-30,1.068
2020-01-31,1.057
2020-02-01,1.022
2020-02-02,1.03
2020-02-03,1.02
2020-02-04,1.025
2020-02-05,1.017
2020-02-06,1.057
2020-02-07,1.035
2020-02-08,1.042
2020-02-09,1.033
2020-02-10,1.059
2020-02-11,1.047
2020-02-12,1.024
2020-02-13,1.047
2020-02-14,1.042
2020-02-15,1.028
2020-02-16,1.037
2020-02-17,1.012
2020-02-18,1.02
2020-02-19,1.007
2020-02-20,1.037
2020-02-21,1.009
2020-02-22,1.009
2020-02-23,1.019
2020-02-24,1.025
2020-02-25,1.075
2020-02-26,1.001
2020-02-27,0.967
2020-02-28,0.979
2020-02-29,0.989
2020-03-01,0.976
2020-03-02,0.959
2020-03-03,0.976
2020-03-04,0.946
2020-03-05,0.992
2020-03-06,1.001
2020-03-07,1.004
2020-03-08,1.016
2020-03-09,0.976
2020-03-10,0.929
2020-03-11,0.943
2020-03-12,0.947
2020-03-13,0.946
2020-03-14,0.872
2020-03-15,0.914
2020-03-16,0.884
2020-03-17,0.855
2020-03-18,0.952
2020-03-19,0.918
2020-03-20,0.889
2020-03-21,1.009
2020-03-22,1.04
2020-03-23,0.985
2020-03-24,0.98
2020-03-25,0.997
2020-03-26,0.996
2020-03-27,0.992
2020-03-28,1.002
2020-03-29,0.962
2020-03-30,0.945
2020-03-31,0.956
2020-04-01,0.853
2020-04-02,0.961
2020-04-03,1.006
2020-04-04,0.986
2020-04-05,1.014
2020-04-06,1.02
2020-04-07,0.993
2020-04-08,1.037
2020-04-09,1.023
2020-04-10,0.911
2020-04-11,1.0
2020-04-12,0.986
2020-04-13,1.001
2020-04-14,0.981
2020-04-15,0.996
2020-04-16,0.969
2020-04-17,0.991
2020-04-18,1.005
2020-04-19,1.002
2020-04-20,1.01
2020-04-21,1.001
2020-04-22,0.991
2020-04-23,0.996
2020-04-24,1.004
2020-04-25,1.021
2020-04-26,1.001
2020-04-27,1.062
2020-04-28,1.017
2020-04-29,1.03
2020-04-30,1.06
2020-05-01,1.082
2020-05-02,1.054
2020-05-03,1.054
2020-05-04,1.065
2020-05-05,1.0
2020-05-06,1.059
2020-05-07,1.05
2020-05-08,1.056
2020-05-09,1.035
2020-05-10,1.057
2020-05-11,0.948
2020-05-12,0.97
2020-05-13,1.004
2020-05-14,1.016
2020-05-15,1.053
2020-05-16,1.023
2020-05-17,1.023
2020-05-18,1.072
2020-05-19,1.049
2020-05-20,1.042
2020-05-21,1.035
2020-05-22,1.005
2020-05-23,1.013
2020-05-24,1.03
2020-05-25,0.986
2020-05-26,0.98
2020-05-27,0.996
2020-05-28,0.999
2020-05-29,1.014
2020-05-30,1.017
2020-05-31,1.025
2020-06-01,1.025
2020-06-02,1.025
2020-06-03,1.043
2020-06-04,1.005
2020-06-05,1.011
2020-06-06,1.019
2020-06-07,1.006
2020-06-08,1.015
2020-06-09,1.02
2020-06-10,1.01
2020-06-11,1.018
2020-06-12,1.026
2020-06-13,0.998
2020-06-14,1.007
2020-06-15,0.995
2020-06-16,0.998
2020-06-17,1.011
2020-06-18,1.134
2020-06-19,1.003
2020-06-20,1.006
2020-06-21,1.006
2020-06-22,1.008
2020-06-23,1.007
2020-06-24,1.017
2020-06-25,1.007
2020-06-26,1.127
2020-06-27,0.999
2020-06-28,0.99
2020-06-29,0.987
2020-06-30,1.018
2020-07-01,1.002
2020-07-02,1.002
2020-07-03,1.007
2020-07-04,1.002
2020-07-05,0.997
2020-07-06,0.994
2020-07-07,0.999
2020-07-08,1.009
2020-07-09,1.017
2020-07-10,1.006
2020-07-11,0.999
2020-07-12,0.998
2020-07-13,1.004
2020-07-14,1.004
2020-07-15,1.003
2020-07-16,1.005
2020-07-17,0.999
2020-07-18,0.999
2020-07-19,1.002
2020-07-20,0.998
2020-07-21,1.004
2020-07-22,1.006
2020-07-23,1.008
2020-07-24,1.019
2020-07-25,1.019
2020-07-26,1.015
2020-07-27,1.032
2020-07-28,1.036
2020-07-29,1.059
2020-07-30,1.052
2020-07-31,1.036
2020-08-01,1.041
2020-08-02,1.062
2020-08-03,1.107
2020-08-04,1.035
2020-08-05,1.048
2020-08-06,1.096
2020-08-07,1.11
2020-08-08,1.091
2020-08-09,1.067
2020-08-10,1.036
2020-08-11,1.058
2020-08-12,1.05
2020-08-13,1.035
2020-08-14,1.029
2020-08-15,1.02
2020-08-16,1.039
2020-08-17,1.05
2020-08-18,1.035
2020-08-19,1.039
2020-08-20,1.02
2020-08-21,1.024
2020-08-22,1.026
2020-08-23,1.005
2020-08-24,1.028
2020-08-25,1.026
2020-08-26,1.02
2020-08-27,1.016
2020-08-28,1.012
2020-08-29,0.998
2020-08-30,1.026
2020-08-31,1.02
2020-09-01,1.037
2020-09-02,1.024
2020-09-03,1.061
2020-09-04,1.013
2020-09-05,0.973
2020-09-06,0.979
2020-09-07,0.959
2020-09-08,0.976
2020-09-09,0.976
2020-09-10,0.984
2020-09-11,0.975
2020-09-12,0.979
2020-09-13,0.993
2020-09-14,0.99
2020-09-15,0.978
2020-09-16,1.012
2020-09-17,1.012
2020-09-18,1.011
2020-09-19,1.01
2020-09-20,1.013
2020-09-21,1.007
2020-09-22,1.0
2020-09-23,0.984
2020-09-24,0.974
2020-09-25,0.984
2020-09-26,1.002
2020-09-27,0.995
2020-09-28,1.0
2020-09-29,1.02
2020-09-30,0.992
2020-10-01,1.0
2020-10-02,1.006
2020-10-03,0.994
2020-10-04,0.996
2020-10-05,1.0
2020-10-06,1.002
2020-10-07,1.005
2020-10-08,0.996
2020-10-09,1.006
2020-10-10,1.005
2020-10-11,1.016
2020-10-12,1.024
2020-10-13,1.028
2020-10-14,1.021
2020-10-15,1.018
2020-10-16,1.014
2020-10-17,1.01
2020-10-18,1.006
2020-10-19,1.019
2020-10-20,1.024
2020-10-21,1.031
2020-10-22,1.048
2020-10-23,1.053
2020-10-24,1.056
2020-10-25,1.043
2020-10-26,1.02
2020-10-27,1.035
2020-10-28,1.047
2020-10-29,1.057
2020-10-30,1.02
2020-10-31,1.039
2020-11-01,1.057
2020-11-02,1.04
2020-11-03,1.048
2020-11-04,1.038
2020-11-05,1.035
2020-11-06,1.04
2020-11-07,1.046
2020-11-08,1.149
2020-11-09,1.041
2020-11-10,1.052
2020-11-11,1.04
2020-11-12,1.048
2020-11-13,1.04
2020-11-14,1.062
2020-11-15,1.032
2020-11-16,1.037
2020-11-17,1.058
2020-11-18,1.138
2020-11-19,1.064
2020-11-20,1.1
2020-11-21,1.083
2020-11-22,1.067
2020-11-23,1.082
2020-11-24,1.086
2020-11-25,1.059
2020-11-26,1.099
2020-11-27,1.044
2020-11-28,1.015
2020-11-29,1.015
2020-11-30,1.037
2020-12-01,1.075
2020-12-02,1.107
2020-12-03,1.031
2020-12-04,1.045
2020-12-05,1.036
2020-12-06,1.023
2020-12-07,1.037
2020-12-08,1.043
2020-12-09,1.056
2020-12-10,1.019
2020-12-11,1.012
2020-12-12,1.002
2020-12-13,1.053
2020-12-14,1.042
2020-12-15,1.038
2020-12-16,1.043
2020-12-17,1.076
2020-12-18,1.231
2020-12-19,1.088
2020-12-20,1.081
2020-12-21,1.09
2020-12-22,1.077
2020-12-23,1.059
2020-12-24,1.133
2020-12-25,1.033
2020-12-26,1.083
2020-12-27,1.092
2020-12-28,1.145
2020-12-29,1.276
2020-12-30,1.102
2020-12-31,1.073
2021-01-01,1.138
2021-01-02,1.092
2021-01-03,1.177
2021-01-04,1.248
2021-01-05,1.198
2021-01-06,1.181
2021-01-07,1.222
2021-01-08,1.259
2021-01-09,1.296
2021-01-10,1.208
2021-01-11,1.191
2021-01-12,1.075
2021-01-13,1.094
2021-01-14,1.039
2021-01-15,1.08
2021-01-16,1.083
2021-01-17,1.063
2021-01-18,1.078
2021-01-19,1.042
2021-01-20,1.064
2021-01-21,1.054
2021-01-22,1.009
2021-01-23,1.017
2021-01-24,1.011
2021-01-25,1.011
2021-01-26,1.036
2021-01-27,1.025
2021-01-28,1.032
2021-01-29,1.023
2021-01-30,1.059
2021-01-31,1.029
2021-02-01,1.028
2021-02-02,1.062
2021-02-03,1.021
2021-02-04,1.068
2021-02-05,1.137
2021-02-06,1.064
2021-02-07,1.114
2021-02-08,1.077
2021-02-09,1.14
2021-02-10,1.196
2021-02-11,1.132
2021-02-12,1.115
2021-02-13,1.142
2021-02-14,1.061
2021-02-15,1.233
2021-02-16,1.065
2021-02-17,1.117
2021-02-18,1.161
2021-02-19,1.136
2021-02-20,1.183
2021-02-21,1.154
2021-02-22,1.138
2021-02-23,1.199
2021-02-24,1.068
2021-02-25,1.071
2021-02-26,1.208
2021-02-27,0.93
2021-02-28,1.044
2021-03-01,1.018
2021-03-02,1.023
2021-03-03,1.036
2021-03-04,1.066
2021-03-05,1.033
2021-03-06,1.007
2021-03-07,1.017
2021-03-08,1.039
2021-03-09,1.045
2021-03-10,1.091
2021-03-11,1.153
2021-03-12,1.128
2021-03-13,1.078
2021-03-14,1.071
2021-03-15,1.107
2021-03-16,1.133
2021-03-17,1.059
2021-03-18,1.027
2021-03-19,1.063
2021-03-20,1.052
2021-03-21,1.087
2021-03-22,1.06
2021-03-23,1.09
2021-03-24,1.078
2021-03-25,1.069
2021-03-26,1.009
2021-03-27,1.061
2021-03-28,1.032
2021-03-29,1.063
2021-03-30,1.074
2021-03-31,1.063
2021-04-01,1.043
2021-04-02,1.055
2021-04-03,1.032
2021-04-04,1.043
2021-04-05,1.024
2021-04-06,1.073
2021-04-07,1.058
2021-04-08,1.04
2021-04-09,1.015
2021-04-10,1.03
2021-04-11,1.036
2021-04-12,1.045
2021-04-13,1.087
2021-04-14,1.084
2021-04-15,1.069
2021-04-16,1.063
2021-04-17,1.04
2021-04-18,1.045
2021-04-19,0.991
2021-04-20,1.014
2021-04-21,0.995
2021-04-22,1.086
2021-04-23,1.004
2021-04-24,0.975
2021-04-25,0.957
2021-04-26,0.965
2021-04-27,1.008
2021-04-28,1.01
2021-04-29,1.033
2021-04-30,1.011
2021-05-01,1.004
2021-05-02,1.034
2021-05-03,1.031
2021-05-04,1.042
2021-05-05,1.009
2021-05-06,1.026
2021-05-07,1.107
2021-05-08,1.039
2021-05-09,1.046
2021-05-10,1.029
2021-05-11,1.025
2021-05-12,1.067
2021-05-13,1.043
2021-05-14,0.964
2021-05-15,0.992
2021-05-16,0.999
2021-05-17,0.971
2021-05-18,0.946
2021-05-19,0.92
2021-05-20,0.888
2021-05-21,0.926
2021-05-22,0.942
2021-05-23,0.923
2021-05-24,0.918
2021-05-25,0.898
2021-05-26,0.956
2021-05-27,0.979
2021-05-28,0.971
2021-05-29,0.96
2021-05-30,0.948
2021-05-31,0.944
2021-06-01,0.925
2021-06-02,0.943
2021-06-03,0.943
2021-06-04,0.94
2021-06-05,0.962
2021-06-06,0.958
2021-06-07,0.947
2021-06-08,0.924
2021-06-09,0.937
2021-06-10,0.91
2021-06-11,0.967
2021-06-12,0.976
2021-06-13,0.954
2021-06-14,0.954
2021-06-15,0.985
2021-06-16,1.015
2021-06-17,0.955
2021-06-18,1.002
2021-06-19,0.99
2021-06-20,0.967
2021-06-21,0.941
2021-06-22,0.948
2021-06-23,0.91
2021-06-24,0.944
2021-06-25,0.804
2021-06-26,0.955
2021-06-27,0.952
2021-06-28,0.955
2021-06-29,0.964
2021-06-30,0.963
2021-07-01,0.966
2021-07-02,0.873
2021-07-03,0.968
2021-07-04,0.973
2021-07-05,0.995
2021-07-06,0.966
2021-07-07,0.973
2021-07-08,0.988
2021-07-09,0.969
2021-07-10,0.959
2021-07-11,0.984
2021-07-12,0.98
2021-07-13,0.976
2021-07-14,0.938
2021-07-15,0.949
2021-07-16,0.937
2021-07-17,0.971
2021-07-18,0.93
2021-07-19,0.963
2021-07-20,0.943
2021-07-21,0.922
2021-07-22,0.957
2021-07-23,0.875
2021-07-24,0.971
2021-07-25,0.979
2021-07-26,0.938
2021-07-27,1.093
2021-07-28,1.004
2021-07-29,1.034
2021-07-30,1.025
2021-07-31,0.998
2021-08-01,1.035
2021-08-02,1.054
2021-08-03,1.006
2021-08-04,1.003
2021-08-05,0.984
2021-08-06,0.98
2021-08-07,1.006
2021-08-08,1.006
2021-08-09,1.055
2021-08-10,1.055
2021-08-11,1.029
2021-08-12,1.055
2021-08-13,1.035
2021-08-14,1.015
2021-08-15,1.033
2021-08-16,1.041
2021-08-17,1.042
2021-08-18,1.046
2021-08-19,1.034
2021-08-20,1.02
2021-08-21,1.037
2021-08-22,1.034
2021-08-23,1.044
2021-08-24,1.04
2021-08-25,1.05
2021-08-26,1.025
2021-08-27,1.004
2021-08-28,0.994
2021-08-29,1.005
2021-08-30,1.033
2021-08-31,1.02
2021-09-01,1.011
2021-09-02,1.018
2021-09-03,1.032
2021-09-04,1.042
2021-09-05,1.022
2021-09-06,1.022
2021-09-07,1.046
2021-09-08,1.066
2021-09-09,1.014
2021-09-10,1.002
2021-09-11,1.001
2021-09-12,1.002
2021-09-13,0.988
2021-09-14,0.998
2021-09-15,0.993
2021-09-16,1.001
2021-09-17,1.018
2021-09-18,1.011
2021-09-19,1.026
2021-09-20,1.015
2021-09-21,1.004
2021-09-22,0.997
2021-09-23,0.967
2021-09-24,0.991
2021-09-25,1.003
2021-09-26,1.011
2021-09-27,0.984
2021-09-28,1.012
2021-09-29,0.993
2021-09-30,0.979
2021-10-01,0.999
2021-10-02,1.018
2021-10-03,1.015
2021-10-04,1.026
2021-10-05,1.012
2021-10-06,1.08
2021-10-07,1.057
2021-10-08,1.04
2021-10-09,1.037
2021-10-10,1.017
2021-10-11,1.032
2021-10-12,1.04
2021-10-13,1.063
2021-10-14,1.038
2021-10-15,1.049
2021-10-16,1.034
2021-10-17,1.036
2021-10-18,1.046
2021-10-19,1.056
2021-10-20,1.063
2021-10-21,1.082
2021-10-22,1.037
2021-10-23,1.036
2021-10-24,1.068
2021-10-25,1.03
2021-10-26,1.043
2021-10-27,1.023
2021-10-28,1.031
2021-10-29,1.012
2021-10-30,1.021
2021-10-31,1.007
2021-11-01,1.04
2021-11-02,1.016
2021-11-03,1.044
2021-11-04,1.02
2021-11-05,1.019
2021-11-06,1.024
2021-11-07,1.007
2021-11-08,1.018
2021-11-09,1.05
2021-11-10,1.044
2021-11-11,1.061
2021-11-12,1.261
2021-11-13,1.006
2021-11-14,1.002
2021-11-15,1.028
2021-11-16,1.028
2021-11-17,0.999
2021-11-18,0.975
2021-11-19,1.0
2021-11-20,0.981
2021-11-21,0.989
2021-11-22,1.01
2021-11-23,0.987
2021-11-24,0.993
2021-11-25,1.0
2021-11-26,0.999
2021-11-27,0.992
2021-11-28,0.983
2021-11-29,0.976
2021-11-30,0.997
2021-12-01,1.005
2021-12-02,0.998
2021-12-03,0.996
2021-12-04,1.003
2021-12-05,0.964
2021-12-06,0.931
2021-12-07,0.96
2021-12-08,0.984
2021-12-09,0.974
2021-12-10,0.988
2021-12-11,0.989
2021-12-12,0.971
2021-12-13,1.006
2021-12-14,0.982
2021-12-15,0.959
2021-12-16,0.973
2021-12-17,0.992
2021-12-18,0.982
2021-12-19,0.985
2021-12-20,0.982
2021-12-21,0.973
2021-12-22,0.985
2021-12-23,0.987
2021-12-24,0.985
2021-12-25,0.993
2021-12-26,1.001
2021-12-27,0.996
2021-12-28,1.007
2021-12-29,0.995
2021-12-30,0.972
2021-12-31,0.959
2022-01-01,0.991
2022-01-02,0.982
2022-01-03,0.985
2022-01-04,0.978
2022-01-05,0.987
2022-01-06,0.981
2022-01-07,0.941
2022-01-08,0.972
2022-01-09,0.957
2022-01-10,0.975
2022-01-11,0.959
2022-01-12,0.973
2022-01-13,0.979
2022-01-14,0.988
2022-01-15,0.989
2022-01-16,0.989
2022-01-17,0.976
2022-01-18,0.982
2022-01-19,0.933
2022-01-20,0.966
2022-01-21,0.97
2022-01-22,0.99
2022-01-23,0.938
2022-01-24,0.916
2022-01-25,0.93
2022-01-26,0.961
2022-01-27,0.96
2022-01-28,0.923
2022-01-29,0.904
2022-01-30,0.961
2022-01-31,0.988
2022-02-01,0.88
2022-02-02,0.993
2022-02-03,1.002
2022-02-04,0.971
2022-02-05,0.962
2022-02-06,0.996
2022-02-07,1.006
2022-02-08,1.002
2022-02-09,1.005
2022-02-10,1.004
2022-02-11,1.035
2022-02-12,1.042
2022-02-13,0.991
2022-02-14,0.99
2022-02-15,0.992
2022-02-16,1.003
2022-02-17,1.015
2022-02-18,1.023
2022-02-19,0.996
2022-02-20,0.99
2022-02-21,0.969
2022-02-22,0.992
2022-02-23,0.972
2022-02-24,0.981
2022-02-25,0.917
2022-02-26,0.961
2022-02-27,0.992
2022-02-28,0.928
2022-03-01,0.934
2022-03-02,0.998
2022-03-03,1.033
2022-03-04,1.028
2022-03-05,1.03
2022-03-06,0.978
2022-03-07,0.98
2022-03-08,0.972
2022-03-09,0.942
2022-03-10,0.992
2022-03-11,0.974
2022-03-12,0.999
2022-03-13,0.985
2022-03-14,0.989
2022-03-15,0.963
2022-03-16,0.976
2022-03-17,0.933
2022-03-18,1.003
2022-03-19,0.986
2022-03-20,1.006
2022-03-21,1.006
2022-03-22,0.999
2022-03-23,1.01
2022-03-24,0.998
2022-03-25,0.998
2022-03-26,1.009
2022-03-27,1.013
2022-03-28,1.02
2022-03-29,1.023
2022-03-30,1.025
2022-03-31,1.012
2022-04-01,1.029
2022-04-02,0.984
2022-04-03,1.007
2022-04-04,1.016
2022-04-05,1.001
2022-04-06,1.012
2022-04-07,1.005
2022-04-08,0.996
2022-04-09,1.009
2022-04-10,0.989
2022-04-11,0.987
2022-04-12,1.008
2022-04-13,0.986
2022-04-14,0.97
2022-04-15,1.007
2022-04-16,0.988
2022-04-17,0.994
2022-04-18,0.992
2022-04-19,0.966
2022-04-20,0.996
2022-04-21,1.0
2022-04-22,1.019
2022-04-23,0.994
2022-04-24,0.991
2022-04-25,0.976
2022-04-26,0.965
2022-04-27,1.008
2022-04-28,0.974
2022-04-29,0.989
2022-04-30,1.0
2022-05-01,0.977
2022-05-02,0.951
2022-05-03,0.981
2022-05-04,0.994
2022-05-05,0.978
2022-05-06,1.014
2022-05-07,0.984
2022-05-08,0.984
2022-05-09,0.926
2022-05-10,0.963
2022-05-11,0.91
2022-05-12,0.953
2022-05-13,0.888
2022-05-14,0.982
2022-05-15,0.971
2022-05-16,0.961
2022-05-17,0.965
2022-05-18,0.969
2022-05-19,0.983
2022-05-20,0.946
2022-05-21,1.006
2022-05-22,0.983
2022-05-23,0.978
2022-05-24,1.0
2022-05-25,0.974
2022-05-26,0.964
2022-05-27,0.952
2022-05-28,0.986
2022-05-29,0.99
2022-05-30,0.973
2022-05-31,0.995
2022-06-01,0.993
2022-06-02,1.018
2022-06-03,0.984
2022-06-04,0.944
2022-06-05,0.962
2022-06-06,0.935
2022-06-07,1.013
2022-06-08,0.967
2022-06-09,0.991
2022-06-10,0.991
2022-06-11,0.998
2022-06-12,0.983
2022-06-13,0.922
2022-06-14,0.89
2022-06-15,0.92
2022-06-16,0.878
2022-06-17,0.939
2022-06-18,0.919
2022-06-19,0.952
2022-06-20,0.897
2022-06-21,0.938
2022-06-22,0.937
2022-06-23,0.956
2022-06-24,0.922
2022-06-25,0.985
2022-06-26,0.979
2022-06-27,0.964
2022-06-28,0.976
2022-06-29,0.943
2022-06-30,0.906
2022-07-01,0.924
2022-07-02,0.979
2022-07-03,0.958
2022-07-04,0.966
2022-07-05,0.938
2022-07-06,0.893
2022-07-07,0.952
2022-07-08,0.939
2022-07-09,0.888
2022-07-10,1.007
2022-07-11,0.957
2022-07-12,0.987
2022-07-13,0.972
2022-07-14,0.948
2022-07-15,0.883
2022-07-16,0.991
2022-07-17,0.982
2022-07-18,0.99
2022-07-19,0.958
2022-07-20,1.007
2022-07-21,0.985
2022-07-22,1.023
2022-07-23,1.009
2022-07-24,0.99
2022-07-25,0.974
2022-07-26,0.973
2022-07-27,0.973
2022-07-28,0.97
2022-07-29,0.999
2022-07-30,1.011
2022-07-31,1.011
2022-08-01,1.023
2022-08-02,0.994
2022-08-03,0.997
2022-08-04,0.985
2022-08-05,0.999
2022-08-06,0.994
2022-08-07,1.006
2022-08-08,0.995
2022-08-09,1.007
2022-08-10,1.017
2022-08-11,0.986
2022-08-12,1.035
2022-08-13,0.992
2022-08-14,1.008
2022-08-15,1.01
2022-08-16,1.015
2022-08-17,1.008
2022-08-18,1.003
2022-08-19,1.001
2022-08-20,1.006
2022-08-21,0.979
2022-08-22,0.973
2022-08-23,0.971
2022-08-24,0.979
2022-08-25,0.968
2022-08-26,0.978
2022-08-27,0.984
2022-08-28,0.984
2022-08-29,0.973
2022-08-30,0.957
2022-08-31,0.975
2022-09-01,0.967
2022-09-02,0.962
2022-09-03,0.993
2022-09-04,0.986
2022-09-05,0.981
2022-09-06,0.958
2022-09-07,0.983
2022-09-08,0.965
2022-09-09,0.97
2022-09-10,0.982
2022-09-11,0.984
2022-09-12,1.002
2022-09-13,0.96
2022-09-14,1.019
2022-09-15,0.969
2022-09-16,0.99
2022-09-17,0.972
2022-09-18,0.99
2022-09-19,0.979
2022-09-20,0.955
2022-09-21,0.982
2022-09-22,0.983
2022-09-23,0.978
2022-09-24,0.989
2022-09-25,0.986
2022-09-26,0.987
2022-09-27,0.955
2022-09-28,1.004
2022-09-29,0.968
2022-09-30,0.978
2022-10-01,0.996
2022-10-02,0.99
2022-10-03,0.985
2022-10-04,0.983
2022-10-05,0.991
2022-10-06,0.999
2022-10-07,1.008
2022-10-08,0.996
2022-10-09,0.995
2022-10-10,0.982
2022-10-11,0.987
2022-10-12,0.905
2022-10-13,0.974
2022-10-14,0.976
2022-10-15,1.006
2022-10-16,0.992
2022-10-17,0.988
2022-10-18,0.988
2022-10-19,0.988
2022-10-20,0.99
2022-10-21,0.994
2022-10-22,0.992
2022-10-23,0.987
2022-10-24,0.99
2022-10-25,0.998
2022-10-26,1.002
2022-10-27,1.007
2022-10-28,1.01
2022-10-29,0.995
2022-10-30,1.005
2022-10-31,1.013
2022-11-01,1.005
2022-11-02,0.992
2022-11-03,1.001
2022-11-04,0.994
2022-11-05,0.99
2022-11-06,0.983
2022-11-07,1.015
2022-11-08,1.013
2022-11-09,0.992
2022-11-10,0.967
2022-11-11,0.922
2022-11-12,0.974
2022-11-13,0.971
2022-11-14,0.945
2022-11-15,0.941
2022-11-16,0.942
2022-11-17,0.924
2022-11-18,0.967
2022-11-19,0.984
2022-11-20,0.972
2022-11-21,0.973
2022-11-22,0.947
2022-11-23,0.946
2022-11-24,0.959
2022-11-25,0.977
2022-11-26,0.987
2022-11-27,0.984
2022-11-28,0.984
2022-11-29,0.961
2022-11-30,0.974
2022-12-01,0.985
2022-12-02,0.998
2022-12-03,0.996
2022-12-04,0.998
2022-12-05,0.99
2022-12-06,1.008
2022-12-07,0.987
2022-12-08,0.994
2022-12-09,0.98
2022-12-10,0.999
2022-12-11,1.0
2022-12-12,1.005
2022-12-13,0.984
2022-12-14,1.002
2022-12-15,1.009
2022-12-16,1.011
2022-12-17,0.989
2022-12-18,0.982
2022-12-19,0.911
2022-12-20,0.991
2022-12-21,0.983
2022-12-22,0.997
2022-12-23,0.972
2022-12-24,0.997
2022-12-25,0.996
2022-12-26,0.992
2022-12-27,0.994
2022-12-28,0.991
2022-12-29,0.993
2022-12-30,0.987
2022-12-31,0.989
2023-01-01,0.991
2023-01-02,0.994
2023-01-03,0.993
2023-01-04,0.991
2023-01-05,0.995
2023-01-06,0.995
2023-01-07,0.994
2023-01-08,1.001
2023-01-09,0.997
2023-01-10,1.004
2023-01-11,1.001
2023-01-12,1.008
2023-01-13,1.031
2023-01-14,1.017
2023-01-15,1.063
2023-01-16,1.047
2023-01-17,1.082
2023-01-18,1.052
2023-01-19,1.054
2023-01-20,1.035
2023-01-21,1.018
2023-01-22,1.072
2023-01-23,1.059
2023-01-24,1.049
2023-01-25,1.048
2023-01-26,1.059
2023-01-27,1.047
2023-01-28,1.033
2023-01-29,1.039
2023-01-30,1.044
2023-01-31,1.05
2023-02-01,1.065
2023-02-02,1.037
2023-02-03,1.061
2023-02-04,1.065
2023-02-05,1.031
2023-02-06,1.027
2023-02-07,1.024
2023-02-08,1.016
2023-02-09,1.039
2023-02-10,1.008
2023-02-11,1.002
2023-02-12,1.006
2023-02-13,1.001
2023-02-14,0.991
2023-02-15,1.011
2023-02-16,1.009
2023-02-17,1.057
2023-02-18,1.019
2023-02-19,1.034
2023-02-20,1.038
2023-02-21,1.035
2023-02-22,1.049
2023-02-23,1.026
2023-02-24,1.041
2023-02-25,1.014
2023-02-26,1.006
2023-02-27,1.012
2023-02-28,1.013
2023-03-01,1.021
2023-03-02,1.014
2023-03-03,1.008
2023-03-04,0.987
2023-03-05,1.003
2023-03-06,0.994
2023-03-07,0.998
2023-03-08,0.994
2023-03-09,1.0
2023-03-10,0.992
2023-03-11,0.966
2023-03-12,0.974
2023-03-13,0.972
2023-03-14,1.028
2023-03-15,1.065
2023-03-16,1.036
2023-03-17,1.051
2023-03-18,1.022
2023-03-19,1.032
2023-03-20,1.05
2023-03-21,1.068
2023-03-22,1.055
2023-03-23,1.109
2023-03-24,1.033
2023-03-25,1.025
2023-03-26,1.044
2023-03-27,1.12
2023-03-28,1.033
2023-03-29,1.025
2023-03-30,1.03
2023-03-31,1.055
2023-04-01,1.042
2023-04-02,1.025
2023-04-03,1.028
2023-04-04,1.042
2023-04-05,1.064
2023-04-06,1.05
2023-04-07,1.009
2023-04-08,1.013
2023-04-09,1.011
2023-04-10,1.021
2023-04-11,1.067
2023-04-12,1.049
2023-04-13,1.051
2023-04-14,1.056
2023-04-15,1.03
2023-04-16,1.029
2023-04-17,1.03
2023-04-18,1.033
2023-04-19,1.031
2023-04-20,1.026
2023-04-21,1.039
2023-04-22,1.008
2023-04-23,1.017
2023-04-24,0.99
2023-04-25,0.993
2023-04-26,1.005
2023-04-27,1.014
2023-04-28,1.023
2023-04-29,1.021
2023-04-30,1.012
2023-05-01,1.016
2023-05-02,1.01
2023-05-03,1.073
2023-05-04,0.996
2023-05-05,1.016
2023-05-06,1.012
2023-05-07,1.081
2023-05-08,1.026
2023-05-09,0.993
2023-05-10,0.989
2023-05-11,1.002
2023-05-12,0.999
2023-05-13,0.982
2023-05-14,0.991
2023-05-15,0.992
2023-05-16,1.033
2023-05-17,1.003
2023-05-18,0.995
2023-05-19,0.988
2023-05-20,0.998
2023-05-21,0.995
2023-05-22,1.106
2023-05-23,0.998
2023-05-24,1.006
2023-05-25,0.988
2023-05-26,0.973
2023-05-27,0.995
2023-05-28,1.001
2023-05-29,1.015
2023-05-30,1.02
2023-05-31,1.016
2023-06-01,1.004
2023-06-02,1.002
2023-06-03,0.998
2023-06-04,1.0
2023-06-05,1.004
2023-06-06,1.006
2023-06-07,0.98
2023-06-08,0.998
2023-06-09,0.994
2023-06-10,1.001
2023-06-11,0.985
2023-06-12,0.979
2023-06-13,0.979
2023-06-14,0.991
2023-06-15,0.991
2023-06-16,0.968
2023-06-17,0.978
2023-06-18,1.001
2023-06-19,0.959
2023-06-20,1.001
2023-06-21,1.008
2023-06-22,1.035
2023-06-23,1.054
2023-06-24,1.033
2023-06-25,1.016
2023-06-26,1.044
2023-06-27,1.038
2023-06-28,1.032
2023-06-29,1.027
2023-06-30,1.034
2023-07-01,1.016
2023-07-02,1.018
2023-07-03,1.017
2023-07-04,1.018
2023-07-05,1.028
2023-07-06,1.037
2023-07-07,1.015
2023-07-08,1.006
2023-07-09,1.004
2023-07-10,1.021
2023-07-11,1.009
2023-07-12,1.025
2023-07-13,1.016
2023-07-14,1.004
2023-07-15,1.015
2023-07-16,1.003
2023-07-17,1.005
2023-07-18,1.02
2023-07-19,1.024
2023-07-20,1.006
2023-07-21,1.003
2023-07-22,1.0
2023-07-23,1.004
2023-07-24,0.982
2023-07-25,0.997
2023-07-26,0.995
2023-07-27,1.008
2023-07-28,0.999
2023-07-29,0.998
2023-07-30,0.998
2023-07-31,1.0
2023-08-01,0.99
2023-08-02,1.009
2023-08-03,0.997
2023-08-04,0.999
2023-08-05,0.996
2023-08-06,0.998
2023-08-07,0.996
2023-08-08,1.007
2023-08-09,1.013
2023-08-10,1.0
2023-08-11,1.001
2023-08-12,1.0
2023-08-13,0.999
2023-08-14,1.001
2023-08-15,0.999
2023-08-16,0.992
2023-08-17,0.967
2023-08-18,0.931
2023-08-19,0.971
2023-08-20,0.982
2023-08-21,0.949
2023-08-22,0.955
2023-08-23,0.981
2023-08-24,0.96
2023-08-25,0.958
2023-08-26,0.986
2023-08-27,0.989
2023-08-28,0.972
2023-08-29,0.992
2023-08-30,1.008
2023-08-31,0.99
2023-09-01,0.963
2023-09-02,0.987
2023-09-03,0.99
2023-09-04,0.985
2023-09-05,0.968
2023-09-06,0.974
2023-09-07,0.98
2023-09-08,0.993
2023-09-09,0.988
2023-09-10,0.989
2023-09-11,0.976
2023-09-12,0.995
2023-09-13,0.995
2023-09-14,1.004
2023-09-15,1.003
2023-09-16,1.001
2023-09-17,0.997
2023-09-18,1.014
2023-09-19,1.009
2023-09-20,0.995
2023-09-21,0.993
2023-09-22,0.992
2023-09-23,0.997
2023-09-24,0.996
2023-09-25,0.984
2023-09-26,0.993
2023-09-27,0.993
2023-09-28,0.995
2023-09-29,1.011
2023-09-30,1.001
2023-10-01,1.009
2023-10-02,1.04
2023-10-03,0.997
2023-10-04,1.007
2023-10-05,0.999
2023-10-06,1.01
2023-10-07,1.007
2023-10-08,1.005
2023-10-09,0.989
2023-10-10,0.996
2023-10-11,0.987
2023-10-12,0.984
2023-10-13,0.991
2023-10-14,0.997
2023-10-15,1.0
2023-10-16,1.026
2023-10-17,1.024
2023-10-18,1.018
2023-10-19,0.983
2023-10-20,1.046
2023-10-21,1.025
2023-10-22,1.02
2023-10-23,1.07
2023-10-24,1.141
2023-10-25,1.068
2023-10-26,1.044
2023-10-27,1.031
2023-10-28,1.033
2023-10-29,1.028
2023-10-30,1.042
2023-10-31,1.044
2023-11-01,1.047
2023-11-02,1.057
2023-11-03,1.03
2023-11-04,1.032
2023-11-05,1.025
2023-11-06,1.032
2023-11-07,1.035
2023-11-08,1.038
2023-11-09,1.067
2023-11-10,1.058
2023-11-11,1.029
2023-11-12,1.026
2023-11-13,1.029
2023-11-14,1.009
2023-11-15,1.025
2023-11-16,1.035
2023-11-17,1.02
2023-11-18,1.014
2023-11-19,1.011
2023-11-20,1.041
2023-11-21,1.027
2023-11-22,1.014
2023-11-23,1.029
2023-11-24,1.029
2023-11-25,1.024
2023-11-26,1.017
2023-11-27,1.007
2023-11-28,1.023
2023-11-29,1.043
2023-11-30,1.042
2023-12-01,1.059
2023-12-02,1.022
2023-12-03,1.052
2023-12-04,1.101
2023-12-05,1.075
2023-12-06,1.105
2023-12-07,1.058
2023-12-08,1.048
2023-12-09,1.039
2023-12-10,1.023
2023-12-11,1.003
2023-12-12,1.018
2023-12-13,1.017
2023-12-14,1.051
2023-12-15,1.029
2023-12-16,1.016
2023-12-17,1.008
2023-12-18,1.007
2023-12-19,1.051
2023-12-20,1.034
2023-12-21,1.034
2023-12-22,1.03
2023-12-23,1.016
2023-12-24,1.025
2023-12-25,1.005
2023-12-26,1.058
2023-12-27,1.015
2023-12-28,1.023
2023-12-29,1.051
2023-12-30,1.003
2023-12-31,1.024
2024-01-01,1.015
2024-01-02,1.079
2024-01-03,1.021
2024-01-04,1.035
2024-01-05,1.029
2024-01-06,1.02
2024-01-07,1.02
2024-01-08,1.046
2024-01-09,1.061
2024-01-10,1.033
2024-01-11,1.045
2024-01-12,1.0
2024-01-13,0.975
2024-01-14,0.987
2024-01-15,0.991
2024-01-16,0.996
2024-01-17,0.993
2024-01-18,1.066
2024-01-19,0.989
2024-01-20,0.998
2024-01-21,0.999
2024-01-22,0.978
2024-01-23,0.984
2024-01-24,0.985
2024-01-25,1.008
2024-01-26,1.013
2024-01-27,1.021
2024-01-28,1.015
2024-01-29,1.025
2024-01-30,1.042
2024-01-31,1.038
2024-02-01,0.993
2024-02-02,1.012
2024-02-03,1.009
2024-02-04,1.002
2024-02-05,1.002
2024-02-06,1.006
2024-02-07,1.017
2024-02-08,1.051
2024-02-09,1.064
2024-02-10,1.03
2024-02-11,1.043
2024-02-12,1.077
2024-02-13,1.057
2024-02-14,1.096
2024-02-15,1.059
2024-02-16,1.036
2024-02-17,1.029
2024-02-18,1.041
2024-02-19,1.055
2024-02-20,1.027
2024-02-21,1.044
2024-02-22,1.046
2024-02-23,1.024
2024-02-24,1.016
2024-02-25,1.029
2024-02-26,1.049
2024-02-27,1.126
2024-02-28,1.211
2024-02-29,1.115
2024-03-01,1.086
2024-03-02,1.044
2024-03-03,1.054
2024-03-04,1.148
2024-03-05,1.123
2024-03-06,1.09
2024-03-07,1.112
2024-03-08,1.103
2024-03-09,1.077
2024-03-10,1.048
2024-03-11,1.15
2024-03-12,1.097
2024-03-13,1.306
2024-03-14,1.038
2024-03-15,1.006
2024-03-16,1.025
2024-03-17,0.991
2024-03-18,1.028
2024-03-19,0.974
2024-03-20,0.994
2024-03-21,1.042
2024-03-22,1.003
2024-03-23,1.012
2024-03-24,1.019
2024-03-25,1.093
2024-03-26,1.013
2024-03-27,1.028
2024-03-28,1.05
2024-03-29,1.019
2024-03-30,1.027
2024-03-31,1.02
2024-04-01,0.986
2024-04-02,0.984
2024-04-03,1.01
2024-04-04,1.012
2024-04-05,1.012
2024-04-06,1.036
2024-04-07,1.028
2024-04-08,1.059
2024-04-09,1.023
2024-04-10,1.01
2024-04-11,1.027
2024-04-12,1.024
2024-04-13,0.964
2024-04-14,0.969
2024-04-15,0.997
2024-04-16,0.973
2024-04-17,0.966
2024-04-18,0.973
2024-04-19,1.0
2024-04-20,1.01
2024-04-21,1.022
2024-04-22,1.021
2024-04-23,1.002
2024-04-24,1.023
2024-04-25,0.989
2024-04-26,0.99
2024-04-27,0.991
2024-04-28,1.007
2024-04-29,0.992
2024-04-30,0.995
2024-05-01,0.931
2024-05-02,0.968
2024-05-03,0.999
2024-05-04,1.03
2024-05-05,1.009
2024-05-06,1.022
2024-05-07,1.007
2024-05-08,1.029
2024-05-09,1.003
2024-05-10,0.992
2024-05-11,0.99
2024-05-12,1.0
2024-05-13,1.01
2024-05-14,1.003
2024-05-15,1.025
2024-05-16,1.046
2024-05-17,1.019
2024-05-18,1.016
2024-05-19,1.017
2024-05-20,1.034
2024-05-21,1.072
2024-05-22,1.026
2024-05-23,1.011
2024-05-24,1.006
2024-05-25,1.018
2024-05-26,1.005
2024-05-27,1.024
2024-05-28,1.019
2024-05-29,1.005
2024-05-30,1.013
2024-05-31,1.004
2024-06-01,1.004
2024-06-02,1.005
2024-06-03,1.026
2024-06-04,1.03
2024-06-05,1.034
2024-06-06,1.041
2024-06-07,1.015
2024-06-08,1.0
2024-06-09,1.004
2024-06-10,1.012
2024-06-11,0.982
2024-06-12,1.011
2024-06-13,1.001
2024-06-14,1.0
2024-06-15,0.998
2024-06-16,1.0
2024-06-17,0.998
2024-06-18,0.994
2024-06-19,1.004
2024-06-20,0.999
2024-06-21,0.995
2024-06-22,0.999
2024-06-23,0.996
2024-06-24,0.986
2024-06-25,0.992
2024-06-26,0.994
2024-06-27,0.996
2024-06-28,0.996
2024-06-29,0.998
2024-06-30,0.999
2024-07-01,1.005
2024-07-02,0.997
2024-07-03,0.995
2024-07-04,0.985
2024-07-05,0.974
2024-07-06,1.02
2024-07-07,0.997
2024-07-08,0.988
2024-07-09,0.998
2024-07-10,0.998
2024-07-11,0.997
2024-07-12,0.996
2024-07-13,1.002
2024-07-14,1.005
2024-07-15,1.011
2024-07-16,1.007
2024-07-17,1.004
2024-07-18,1.002
2024-07-19,1.006
2024-07-20,1.007
2024-07-21,1.006
2024-07-22,1.008
2024-07-23,1.002
2024-07-24,1.002
2024-07-25,0.994
2024-07-26,1.016
2024-07-27,1.007
2024-07-28,1.001
2024-07-29,1.012
2024-07-30,0.995
2024-07-31,1.0
2024-08-01,0.99
2024-08-02,0.998
2024-08-03,0.992
2024-08-04,0.991
2024-08-05,0.96
2024-08-06,0.99
2024-08-07,0.996
2024-08-08,1.002
2024-08-09,1.006
2024-08-10,1.001
2024-08-11,0.999
2024-08-12,0.998
2024-08-13,0.992
2024-08-14,0.998
2024-08-15,0.992
2024-08-16,0.996
2024-08-17,0.999
2024-08-18,1.001
2024-08-19,0.995
2024-08-20,0.999
2024-08-21,0.998
2024-08-22,1.002
2024-08-23,1.004
2024-08-24,1.013
2024-08-25,1.002
2024-08-26,1.003
2024-08-27,0.999
2024-08-28,0.989
2024-08-29,0.996
2024-08-30,0.996
2024-08-31,1.0
2024-09-01,0.996
2024-09-02,0.979
2024-09-03,0.979
2024-09-04,0.977
2024-09-05,0.973
2024-09-06,0.961
2024-09-07,0.963
2024-09-08,0.967
2024-09-09,0.98
2024-09-10,0.981
2024-09-11,0.979
2024-09-12,0.995
2024-09-13,1.0
2024-09-14,1.0
2024-09-15,1.0
2024-09-16,0.996
2024-09-17,1.0
2024-09-18,1.0
2024-09-19,1.0
2024-09-20,1.0
2024-09-21,1.0
2024-09-22,1.0
2024-09-23,1.0
2024-09-24,1.0
2024-09-25,1.0
2024-09-26,1.0
2024-09-27,1.0
2024-09-28,1.013
2024-09-29,1.001
2024-09-30,0.999
2024-10-01,0.998
2024-10-02,0.994
2024-10-03,1.0
2024-10-04,1.001
2024-10-05,1.002
2024-10-06,1.001
2024-10-07,1.004
2024-10-08,0.999
2024-10-09,0.999
2024-10-10,0.992
2024-10-11,1.004
2024-10-12,1.003
2024-10-13,1.001
2024-10-14,1.01
2024-10-15,1.015
2024-10-16,1.014
2024-10-17,1.007
2024-10-18,1.01
2024-10-19,1.005
2024-10-20,1.002
2024-10-21,1.006
2024-10-22,1.004
2024-10-23,1.001
2024-10-24,1.005
2024-10-25,1.005
2024-10-26,1.0
2024-10-27,1.002
2024-10-28,1.009
2024-10-29,1.02
2024-10-30,1.007
2024-10-31,1.005
2024-11-01,1.003
2024-11-02,1.001
2024-11-03,0.999
2024-11-04,1.005
2024-11-05,1.003
2024-11-06,1.02
2024-11-07,1.016
2024-11-08,1.013
2024-11-09,1.006
2024-11-10,1.018
2024-11-11,1.027
2024-11-12,1.028
2024-11-13,1.025
2024-11-14,1.016
2024-11-15,1.016
2024-11-16,1.013
2024-11-17,1.006
2024-11-18,1.018
2024-11-19,1.013
2024-11-20,1.016
2024-11-21,1.053
2024-11-22,1.111
2024-11-23,1.028
2024-11-24,1.014
2024-11-25,1.01
2024-11-26,1.008
2024-11-27,1.012
2024-11-28,1.008
2024-11-29,1.019
2024-11-30,1.006
2024-12-01,1.023
2024-12-02,1.011
2024-12-03,1.005
2024-12-04,1.024
2024-12-05,1.025
2024-12-06,1.01
2024-12-07,0.998
2024-12-08,1.004
2024-12-09,1.034
2024-12-10,1.03
2024-12-11,1.01
2024-12-12,1.017
2024-12-13,1.008
2024-12-14,1.006
2024-12-15,1.007
2024-12-16,1.026
2024-12-17,1.019
2024-12-18,1.009
2024-12-19,1.006
2024-12-20,1.003
2024-12-21,1.001
2024-12-22,0.998
2024-12-23,1.028
2024-12-24,1.003
2024-12-25,1.006
2024-12-26,0.997
2024-12-27,0.999
2024-12-28,0.999
2024-12-29,1.0
2024-12-30,0.999
2024-12-31,1.004
2025-01-01,1.001
2025-01-02,1.007
2025-01-03,1.004
2025-01-04,1.003
2025-01-05,1.002
2025-01-06,1.01
2025-01-07,1.004
2025-01-08,0.994
2025-01-09,0.993
2025-01-10,0.998
2025-01-11,0.998
2025-01-12,1.0
2025-01-13,0.996
2025-01-14,1.006
2025-01-15,1.006
2025-01-16,1.018
2025-01-17,1.015
2025-01-18,1.004
2025-01-19,
2025-01-20,
2025-01-21,1.006
2025-01-22,1.009
2025-01-23,1.003
2025-01-24,1.009
2025-01-25,1.003
2025-01-26,1.002
2025-01-27,0.995
2025-01-28,1.012
2025-01-29,1.002
2025-01-30,1.01
2025-01-31,1.004
2025-02-01,0.998
2025-02-02,0.994
2025-02-03,0.993
2025-02-04,1.002
2025-02-05,0.994
2025-02-06,0.998
2025-02-07,0.997
2025-02-08,0.997
2025-02-09,1.0
2025-02-10,0.999
2025-02-11,0.998
2025-02-12,0.997
2025-02-13,0.998
2025-02-14,1.0
2025-02-15,1.001
2025-02-16,0.999
2025-02-17,0.998
2025-02-18,0.998
2025-02-19,0.999
2025-02-20,1.004
2025-02-21,1.001
2025-02-22,1.001
2025-02-23,0.999
2025-02-24,0.999
2025-02-25,0.986
2025-02-26,0.986
2025-02-27,0.991
2025-02-28,0.981
2025-03-01,0.996
2025-03-02,1.005
2025-03-03,1.001
2025-03-04,0.985
2025-03-05,1.001
2025-03-06,1.004
2025-03-07,0.992
2025-03-08,0.997
2025-03-09,0.994
2025-03-10,0.981
2025-03-11,0.986
2025-03-12,0.993
2025-03-13,0.994
2025-03-14,0.997
2025-03-15,1.001
2025-03-16,0.996
2025-03-17,0.993
2025-03-18,0.993
2025-03-19,1.0
2025-03-20,0.999
2025-03-21,0.994
2025-03-22,0.999
2025-03-23,0.999
2025-03-24,1.006
2025-03-25,1.0
2025-03-26,0.997
2025-03-27,0.998
2025-03-28,0.994
2025-03-29,0.988
2025-03-30,
2025-03-31,1.052
2025-04-01,0.999
2025-04-02,1.0
2025-04-03,0.992
2025-04-04,1.003
2025-04-05,0.999
2025-04-06,0.995
2025-04-07,0.979
2025-04-08,0.995
2025-04-09,0.991
2025-04-10,0.998
2025-04-11,0.99
2025-04-12,1.003
2025-04-13,1.003
2025-04-14,1.004
2025-04-15,0.987
2025-04-16,0.993
2025-04-17,0.966
2025-04-18,1.001
2025-04-19,0.998
2025-04-20,0.999
2025-04-21,1.005
2025-04-22,1.009
2025-04-23,1.028
2025-04-24,1.006
2025-04-25,1.01
2025-04-26,1.003
2025-04-27,1.003
2025-04-28,1.005
2025-04-29,1.005
2025-04-30,1.004
2025-05-01,1.008
2025-05-02,1.008
2025-05-03,1.006
2025-05-04,1.0
2025-05-05,1.001
2025-05-06,1.0
2025-05-07,1.008
2025-05-08,1.01
2025-05-09,1.018
2025-05-10,1.005
2025-05-11,1.006
2025-05-12,1.009
2025-05-13,1.009
2025-05-14,1.007
2025-05-15,1.005
2025-05-16,1.008
2025-05-17,1.004
2025-05-18,1.004
2025-05-19,1.006
2025-05-20,1.009
2025-05-21,1.01
2025-05-22,1.014
2025-05-23,1.011
2025-05-24,1.002
2025-05-25,1.0
2025-05-26,1.011
2025-05-27,1.013
2025-05-28,1.008
2025-05-29,1.001
2025-05-30,1.005
2025-05-31,0.997
2025-06-01,0.999
2025-06-02,1.022
2025-06-03,1.025
2025-06-04,1.001
2025-06-05,1.0
2025-06-06,0.999
2025-06-07,1.004
2025-06-08,1.002
2025-06-09,1.007
2025-06-10,1.011
2025-06-11,1.005
2025-06-12,1.0
2025-06-13,1.0
2025-06-14,1.001
2025-06-15,1.002
2025-06-16,1.012
2025-06-17,1.008
2025-06-18,1.005
2025-06-19,1.003
2025-06-20,0.997
2025-06-21,0.987
2025-06-22,0.99
2025-06-23,1.008
2025-06-24,1.022
2025-06-25,1.019
2025-06-26,1.014
2025-06-27,1.011
2025-06-28,1.02
2025-06-29,1.021
2025-06-30,1.011
2025-07-01,1.015
2025-07-02,1.02
2025-07-03,1.017
2025-07-04,1.01
2025-07-05,1.012
2025-07-06,1.01
2025-07-07,1.008
2025-07-08,1.016
2025-07-09,1.028
2025-07-10,1.049
2025-07-11,1.034
2025-07-12,1.032
2025-07-13,1.055
2025-07-14,1.036
2025-07-15,1.064
2025-07-16,1.059
2025-07-17,1.048
2025-07-18,1.028
2025-07-19,1.02
2025-07-20,1.02
2025-07-21,1.024
2025-07-22,1.026
2025-07-23,1.022
2025-07-24,1.012
2025-07-25,1.009
2025-07-26,1.01
2025-07-27,1.013
2025-07-28,1.016
2025-07-29,1.014
2025-07-30,1.014
2025-07-31,1.001
2025-08-01,1.001
2025-08-02,1.002
2025-08-03,1.003
2025-08-04,0.996
2025-08-05,0.996
2025-08-06,1.005
2025-08-07,1.01
2025-08-08,1.009
2025-08-09,1.012
2025-08-10,1.024
2025-08-11,1.027
2025-08-12,1.028
2025-08-13,1.024
2025-08-14,1.018
2025-08-15,1.012
2025-08-16,1.008
2025-08-17,0.995
2025-08-18,0.993
2025-08-19,0.99
2025-08-20,0.989
2025-08-21,0.998
2025-08-22,0.998
2025-08-23,0.999
2025-08-24,0.99
2025-08-25,0.989
2025-08-26,0.99
2025-08-27,0.994
2025-08-28,
2025-08-29,0.983
2025-08-30,0.985
2025-08-31,0.997
2025-09-01,0.999
2025-09-02,0.997
2025-09-03,0.996
2025-09-04,1.005
2025-09-05,1.001
2025-09-06,1.003
2025-09-07,1.003
2025-09-08,1.0
2025-09-09,1.005
2025-09-10,1.01
2025-09-11,1.014
2025-09-12,1.011
2025-09-13,1.011
2025-09-14,1.007
2025-09-15,1.01
2025-09-16,1.012
2025-09-17,1.015
2025-09-18,1.009
2025-09-19,1.008
2025-09-20,1.009
2025-09-21,0.995
2025-09-22,0.993
2025-09-23,0.992
2025-09-24,0.989
2025-09-25,0.989
2025-09-26,0.988
2025-09-27,0.993
2025-09-28,1.005
2025-09-29,1.011
2025-09-30,1.018
2025-10-01,1.022
2025-10-02,1.008
2025-10-03,1.038
2025-10-04,1.029
2025-10-05,1.033
2025-10-06,
2025-10-07,1.002
2025-10-08,1.006
2025-10-09,1.002
2025-10-10,0.996
2025-10-11,0.991
2025-10-12,1.0
2025-10-13,1.0
2025-10-14,0.989
2025-10-15,0.998
2025-10-16,0.99
2025-10-17,0.992
2025-10-18,0.999
2025-10-19,0.998
2025-10-20,1.0
2025-10-21,0.999
2025-10-22,0.993
2025-10-23,0.996
2025-10-24,0.997
2025-10-25,1.0
2025-10-26,1.003
2025-10-27,1.004
2025-10-28,1.001
