d,nupl
2013-01-01,0.437
2013-01-02,0.434
2013-01-03,0.438
2013-01-04,0.44
2013-01-05,0.44
2013-01-06,0.442
2013-01-07,0.443
2013-01-08,0.451
2013-01-09,0.452
2013-01-10,0.462
2013-01-11,0.464
2013-01-12,0.463
2013-01-13,0.46
2013-01-14,0.465
2013-01-15,0.464
2013-01-16,0.477
2013-01-17,0.503
2013-01-18,0.505
2013-01-19,0.5
2013-01-20,0.503
2013-01-21,0.531
2013-01-22,0.539
2013-01-23,0.542
2013-01-24,0.524
2013-01-25,0.535
2013-01-26,0.537
2013-01-27,0.542
2013-01-28,0.56
2013-01-29,0.57
2013-01-30,0.57
2013-01-31,0.58
2013-02-01,0.571
2013-02-02,0.553
2013-02-03,0.571
2013-02-04,0.566
2013-02-05,0.568
2013-02-06,0.576
2013-02-07,0.591
2013-02-08,0.598
2013-02-09,0.611
2013-02-10,0.612
2013-02-11,0.618
2013-02-12,0.622
2013-02-13,0.613
2013-02-14,0.645
2013-02-15,0.638
2013-02-16,0.637
2013-02-17,0.629
2013-02-18,0.626
2013-02-19,0.653
2013-02-20,0.654
2013-02-21,0.651
2013-02-22,0.655
2013-02-23,0.645
2013-02-24,0.641
2013-02-25,0.64
2013-02-26,0.646
2013-02-27,0.645
2013-02-28,0.659
2013-03-01,0.667
2013-03-02,0.66
2013-03-03,0.661
2013-03-04,0.675
2013-03-05,0.701
2013-03-06,0.707
2013-03-07,0.692
2013-03-08,0.702
2013-03-09,0.715
2013-03-10,0.707
2013-03-11,0.716
2013-03-12,0.689
2013-03-13,0.702
2013-03-14,0.698
2013-03-15,0.694
2013-03-16,0.694
2013-03-17,0.693
2013-03-18,0.712
2013-03-19,0.741
2013-03-20,0.75
2013-03-21,0.764
2013-03-22,0.753
2013-03-23,0.73
2013-03-24,0.752
2013-03-25,0.752
2013-03-26,0.759
2013-03-27,0.778
2013-03-28,0.766
2013-03-29,0.768
2013-03-30,0.765
2013-03-31,0.766
2013-04-01,0.775
2013-04-02,0.79
2013-04-03,0.794
2013-04-04,0.789
2013-04-05,0.788
2013-04-06,0.783
2013-04-07,0.802
2013-04-08,0.812
2013-04-09,0.823
2013-04-10,0.737
2013-04-11,0.524
2013-04-12,0.648
2013-04-13,0.6
2013-04-14,0.564
2013-04-15,0.527
2013-04-16,0.448
2013-04-17,0.587
2013-04-18,0.641
2013-04-19,0.667
2013-04-20,0.686
2013-04-21,0.657
2013-04-22,0.675
2013-04-23,0.704
2013-04-24,0.715
2013-04-25,0.684
2013-04-26,0.673
2013-04-27,0.648
2013-04-28,0.662
2013-04-29,0.68
2013-04-30,0.667
2013-05-01,0.603
2013-05-02,0.569
2013-05-03,0.526
2013-05-04,0.593
2013-05-05,0.605
2013-05-06,0.589
2013-05-07,0.587
2013-05-08,0.592
2013-05-09,0.587
2013-05-10,0.607
2013-05-11,0.598
2013-05-12,0.595
2013-05-13,0.603
2013-05-14,0.568
2013-05-15,0.572
2013-05-16,0.586
2013-05-17,0.6
2013-05-18,0.601
2013-05-19,0.596
2013-05-20,0.598
2013-05-21,0.596
2013-05-22,0.601
2013-05-23,0.615
2013-05-24,0.628
2013-05-25,0.623
2013-05-26,0.626
2013-05-27,0.614
2013-05-28,0.612
2013-05-29,0.621
2013-05-30,0.611
2013-05-31,0.613
2013-06-01,0.615
2013-06-02,0.595
2013-06-03,0.595
2013-06-04,0.585
2013-06-05,0.586
2013-06-06,0.577
2013-06-07,0.544
2013-06-08,0.54
2013-06-09,0.497
2013-06-10,0.519
2013-06-11,0.532
2013-06-12,0.527
2013-06-13,0.504
2013-06-14,0.494
2013-06-15,0.497
2013-06-16,0.493
2013-06-17,0.498
2013-06-18,0.518
2013-06-19,0.518
2013-06-20,0.518
2013-06-21,0.504
2013-06-22,0.497
2013-06-23,0.498
2013-06-24,0.492
2013-06-25,0.486
2013-06-26,0.49
2013-06-27,0.48
2013-06-28,0.439
2013-06-29,0.434
2013-06-30,0.439
2013-07-01,0.395
2013-07-02,0.428
2013-07-03,0.356
2013-07-04,0.368
2013-07-05,0.265
2013-07-06,0.258
2013-07-07,0.317
2013-07-08,0.335
2013-07-09,0.343
2013-07-10,0.418
2013-07-11,0.434
2013-07-12,0.448
2013-07-13,0.455
2013-07-14,0.445
2013-07-15,0.467
2013-07-16,0.456
2013-07-17,0.452
2013-07-18,0.414
2013-07-19,0.424
2013-07-20,0.415
2013-07-21,0.42
2013-07-22,0.42
2013-07-23,0.429
2013-07-24,0.436
2013-07-25,0.448
2013-07-26,0.446
2013-07-27,0.435
2013-07-28,0.462
2013-07-29,0.465
2013-07-30,0.483
2013-07-31,0.488
2013-08-01,0.48
2013-08-02,0.476
2013-08-03,0.469
2013-08-04,0.474
2013-08-05,0.479
2013-08-06,0.479
2013-08-07,0.475
2013-08-08,0.46
2013-08-09,0.449
2013-08-10,0.454
2013-08-11,0.459
2013-08-12,0.465
2013-08-13,0.475
2013-08-14,0.482
2013-08-15,0.475
2013-08-16,0.476
2013-08-17,0.482
2013-08-18,0.479
2013-08-19,0.496
2013-08-20,0.503
2013-08-21,0.53
2013-08-22,0.524
2013-08-23,0.515
2013-08-24,0.52
2013-08-25,0.536
2013-08-26,0.532
2013-08-27,0.552
2013-08-28,0.553
2013-08-29,0.553
2013-08-30,0.573
2013-08-31,0.583
2013-09-01,0.588
2013-09-02,0.583
2013-09-03,0.579
2013-09-04,0.556
2013-09-05,0.555
2013-09-06,0.537
2013-09-07,0.544
2013-09-08,0.537
2013-09-09,0.548
2013-09-10,0.55
2013-09-11,0.566
2013-09-12,0.562
2013-09-13,0.564
2013-09-14,0.551
2013-09-15,0.553
2013-09-16,0.556
2013-09-17,0.558
2013-09-18,0.557
2013-09-19,0.544
2013-09-20,0.539
2013-09-21,0.541
2013-09-22,0.538
2013-09-23,0.537
2013-09-24,0.54
2013-09-25,0.538
2013-09-26,0.541
2013-09-27,0.548
2013-09-28,0.548
2013-09-29,0.548
2013-09-30,0.544
2013-10-01,0.548
2013-10-02,0.45
2013-10-03,0.511
2013-10-04,0.528
2013-10-05,0.525
2013-10-06,0.528
2013-10-07,0.53
2013-10-08,0.532
2013-10-09,0.536
2013-10-10,0.538
2013-10-11,0.539
2013-10-12,0.54
2013-10-13,0.555
2013-10-14,0.563
2013-10-15,0.58
2013-10-16,0.567
2013-10-17,0.582
2013-10-18,0.604
2013-10-19,0.632
2013-10-20,0.632
2013-10-21,0.652
2013-10-22,0.664
2013-10-23,0.68
2013-10-24,0.66
2013-10-25,0.632
2013-10-26,0.62
2013-10-27,0.647
2013-10-28,0.648
2013-10-29,0.658
2013-10-30,0.645
2013-10-31,0.652
2013-11-01,0.65
2013-11-02,0.651
2013-11-03,0.658
2013-11-04,0.678
2013-11-05,0.691
2013-11-06,0.71
2013-11-07,0.726
2013-11-08,0.753
2013-11-09,0.746
2013-11-10,0.739
2013-11-11,0.746
2013-11-12,0.749
2013-11-13,0.767
2013-11-14,0.772
2013-11-15,0.762
2013-11-16,0.772
2013-11-17,0.789
2013-11-18,0.83
2013-11-19,0.789
2013-11-20,0.797
2013-11-21,0.824
2013-11-22,0.824
2013-11-23,0.821
2013-11-24,0.811
2013-11-25,0.805
2013-11-26,0.803
2013-11-27,0.803
2013-11-28,0.8
2013-11-29,0.81
2013-11-30,0.802
2013-12-01,0.768
2013-12-02,0.78
2013-12-03,0.779
2013-12-04,0.788
2013-12-05,0.762
2013-12-06,0.704
2013-12-07,0.651
2013-12-08,0.685
2013-12-09,0.722
2013-12-10,0.742
2013-12-11,0.709
2013-12-12,0.707
2013-12-13,0.706
2013-12-14,0.698
2013-12-15,0.701
2013-12-16,0.619
2013-12-17,0.622
2013-12-18,0.512
2013-12-19,0.624
2013-12-20,0.571
2013-12-21,0.562
2013-12-22,0.581
2013-12-23,0.607
2013-12-24,0.595
2013-12-25,0.61
2013-12-26,0.645
2013-12-27,0.63
2013-12-28,0.626
2013-12-29,0.631
2013-12-30,0.635
2013-12-31,0.632
2014-01-01,0.643
2014-01-02,0.656
2014-01-03,0.664
2014-01-04,0.667
2014-01-05,0.691
2014-01-06,0.693
2014-01-07,0.65
2014-01-08,0.654
2014-01-09,0.657
2014-01-10,0.666
2014-01-11,0.676
2014-01-12,0.658
2014-01-13,0.648
2014-01-14,0.643
2014-01-15,0.652
2014-01-16,0.64
2014-01-17,0.629
2014-01-18,0.636
2014-01-19,0.648
2014-01-20,0.643
2014-01-21,0.64
2014-01-22,0.636
2014-01-23,0.632
2014-01-24,0.618
2014-01-25,0.628
2014-01-26,0.632
2014-01-27,0.596
2014-01-28,0.62
2014-01-29,0.62
2014-01-30,0.622
2014-01-31,0.624
2014-02-01,0.627
2014-02-02,0.627
2014-02-03,0.623
2014-02-04,0.619
2014-02-05,0.599
2014-02-06,0.588
2014-02-07,0.558
2014-02-08,0.537
2014-02-09,0.543
2014-02-10,0.542
2014-02-11,0.533
2014-02-12,0.52
2014-02-13,0.489
2014-02-14,0.53
2014-02-15,0.52
2014-02-16,0.496
2014-02-17,0.503
2014-02-18,0.5
2014-02-19,0.497
2014-02-20,0.445
2014-02-21,0.461
2014-02-22,0.484
2014-02-23,0.487
2014-02-24,0.426
2014-02-25,0.421
2014-02-26,0.474
2014-02-27,0.472
2014-02-28,0.439
2014-03-01,0.455
2014-03-02,0.447
2014-03-03,0.542
2014-03-04,0.54
2014-03-05,0.536
2014-03-06,0.533
2014-03-07,0.491
2014-03-08,0.482
2014-03-09,0.488
2014-03-10,0.477
2014-03-11,0.481
2014-03-12,0.48
2014-03-13,0.487
2014-03-14,0.475
2014-03-15,0.481
2014-03-16,0.479
2014-03-17,0.469
2014-03-18,0.462
2014-03-19,0.458
2014-03-20,0.436
2014-03-21,0.418
2014-03-22,0.413
2014-03-23,0.407
2014-03-24,0.433
2014-03-25,0.431
2014-03-26,0.426
2014-03-27,0.314
2014-03-28,0.336
2014-03-29,0.324
2014-03-30,0.281
2014-03-31,0.276
2014-04-01,0.313
2014-04-02,0.251
2014-04-03,0.269
2014-04-04,0.27
2014-04-05,0.291
2014-04-06,0.286
2014-04-07,0.271
2014-04-08,0.278
2014-04-09,0.262
2014-04-10,0.114
2014-04-11,0.231
2014-04-12,0.236
2014-04-13,0.221
2014-04-14,0.296
2014-04-15,0.377
2014-04-16,0.386
2014-04-17,0.346
2014-04-18,0.324
2014-04-19,0.353
2014-04-20,0.349
2014-04-21,0.345
2014-04-22,0.334
2014-04-23,0.334
2014-04-24,0.35
2014-04-25,0.3
2014-04-26,0.289
2014-04-27,0.256
2014-04-28,0.262
2014-04-29,0.272
2014-04-30,0.274
2014-05-01,0.292
2014-05-02,0.279
2014-05-03,0.258
2014-05-04,0.254
2014-05-05,0.247
2014-05-06,0.244
2014-05-07,0.265
2014-05-08,0.262
2014-05-09,0.282
2014-05-10,0.288
2014-05-11,0.26
2014-05-12,0.263
2014-05-13,0.26
2014-05-14,0.27
2014-05-15,0.273
2014-05-16,0.277
2014-05-17,0.277
2014-05-18,0.274
2014-05-19,0.274
2014-05-20,0.337
2014-05-21,0.342
2014-05-22,0.382
2014-05-23,0.377
2014-05-24,0.381
2014-05-25,0.429
2014-05-26,0.44
2014-05-27,0.424
2014-05-28,0.428
2014-05-29,0.419
2014-05-30,0.463
2014-05-31,0.468
2014-06-01,0.469
2014-06-02,0.494
2014-06-03,0.499
2014-06-04,0.476
2014-06-05,0.489
2014-06-06,0.48
2014-06-07,0.485
2014-06-08,0.485
2014-06-09,0.477
2014-06-10,0.478
2014-06-11,0.461
2014-06-12,0.417
2014-06-13,0.422
2014-06-14,0.4
2014-06-15,0.414
2014-06-16,0.415
2014-06-17,0.432
2014-06-18,0.431
2014-06-19,0.419
2014-06-20,0.415
2014-06-21,0.416
2014-06-22,0.422
2014-06-23,0.412
2014-06-24,0.402
2014-06-25,0.383
2014-06-26,0.402
2014-06-27,0.421
2014-06-28,0.415
2014-06-29,0.42
2014-06-30,0.453
2014-07-01,0.456
2014-07-02,0.461
2014-07-03,0.456
2014-07-04,0.442
2014-07-05,0.442
2014-07-06,0.445
2014-07-07,0.434
2014-07-08,0.436
2014-07-09,0.432
2014-07-10,0.427
2014-07-11,0.443
2014-07-12,0.444
2014-07-13,0.438
2014-07-14,0.428
2014-07-15,0.43
2014-07-16,0.425
2014-07-17,0.432
2014-07-18,0.437
2014-07-19,0.436
2014-07-20,0.432
2014-07-21,0.428
2014-07-22,0.426
2014-07-23,0.426
2014-07-24,0.409
2014-07-25,0.408
2014-07-26,0.401
2014-07-27,0.398
2014-07-28,0.393
2014-07-29,0.39
2014-07-30,0.367
2014-07-31,0.388
2014-08-01,0.402
2014-08-02,0.395
2014-08-03,0.392
2014-08-04,0.392
2014-08-05,0.382
2014-08-06,0.382
2014-08-07,0.386
2014-08-08,0.389
2014-08-09,0.389
2014-08-10,0.389
2014-08-11,0.372
2014-08-12,0.366
2014-08-13,0.343
2014-08-14,0.288
2014-08-15,0.282
2014-08-16,0.311
2014-08-17,0.278
2014-08-18,0.236
2014-08-19,0.264
2014-08-20,0.304
2014-08-21,0.31
2014-08-22,0.306
2014-08-23,0.28
2014-08-24,0.296
2014-08-25,0.286
2014-08-26,0.3
2014-08-27,0.298
2014-08-28,0.296
2014-08-29,0.3
2014-08-30,0.289
2014-08-31,0.255
2014-09-01,0.249
2014-09-02,0.249
2014-09-03,0.249
2014-09-04,0.272
2014-09-05,0.256
2014-09-06,0.258
2014-09-07,0.256
2014-09-08,0.241
2014-09-09,0.249
2014-09-10,0.256
2014-09-11,0.255
2014-09-12,0.25
2014-09-13,0.257
2014-09-14,0.253
2014-09-15,0.249
2014-09-16,0.235
2014-09-17,0.222
2014-09-18,0.17
2014-09-19,0.103
2014-09-20,0.142
2014-09-21,0.12
2014-09-22,0.122
2014-09-23,0.197
2014-09-24,0.17
2014-09-25,0.142
2014-09-26,0.134
2014-09-27,0.124
2014-09-28,0.066
2014-09-29,0.063
2014-09-30,0.102
2014-10-01,0.088
2014-10-02,0.064
2014-10-03,0.029
2014-10-04,-0.054
2014-10-05,-0.073
2014-10-06,-0.052
2014-10-07,-0.029
2014-10-08,0.031
2014-10-09,0.052
2014-10-10,0.045
2014-10-11,0.054
2014-10-12,0.094
2014-10-13,0.125
2014-10-14,0.144
2014-10-15,0.133
2014-10-16,0.105
2014-10-17,0.106
2014-10-18,0.126
2014-10-19,0.12
2014-10-20,0.104
2014-10-21,0.113
2014-10-22,0.103
2014-10-23,0.046
2014-10-24,0.047
2014-10-25,0.016
2014-10-26,0.036
2014-10-27,0.029
2014-10-28,0.042
2014-10-29,-0.017
2014-10-30,0.016
2014-10-31,-0.003
2014-11-01,-0.042
2014-11-02,-0.042
2014-11-03,-0.037
2014-11-04,-0.022
2014-11-05,0.006
2014-11-06,0.035
2014-11-07,0.014
2014-11-08,0.025
2014-11-09,0.073
2014-11-10,0.078
2014-11-11,0.084
2014-11-12,0.201
2014-11-13,0.197
2014-11-14,0.15
2014-11-15,0.105
2014-11-16,0.133
2014-11-17,0.128
2014-11-18,0.096
2014-11-19,0.106
2014-11-20,0.054
2014-11-21,0.04
2014-11-22,0.045
2014-11-23,0.085
2014-11-24,0.107
2014-11-25,0.107
2014-11-26,0.085
2014-11-27,0.09
2014-11-28,0.118
2014-11-29,0.114
2014-11-30,0.12
2014-12-01,0.122
2014-12-02,0.131
2014-12-03,0.115
2014-12-04,0.101
2014-12-05,0.124
2014-12-06,0.116
2014-12-07,0.12
2014-12-08,0.094
2014-12-09,0.063
2014-12-10,0.057
2014-12-11,0.06
2014-12-12,0.072
2014-12-13,0.062
2014-12-14,0.08
2014-12-15,0.057
2014-12-16,0.005
2014-12-17,-0.02
2014-12-18,-0.041
2014-12-19,-0.024
2014-12-20,0.013
2014-12-21,-0.012
2014-12-22,0.021
2014-12-23,0.038
2014-12-24,-0.0
2014-12-25,-0.013
2014-12-26,0.019
2014-12-27,-0.022
2014-12-28,-0.018
2014-12-29,-0.03
2014-12-30,-0.033
2014-12-31,0.001
2015-01-01,-0.018
2015-01-02,-0.014
2015-01-03,-0.118
2015-01-04,-0.21
2015-01-05,-0.156
2015-01-06,-0.106
2015-01-07,-0.069
2015-01-08,-0.115
2015-01-09,-0.082
2015-01-10,-0.144
2015-01-11,-0.176
2015-01-12,-0.174
2015-01-13,-0.402
2015-01-14,-0.774
2015-01-15,-0.467
2015-01-16,-0.498
2015-01-17,-0.555
2015-01-18,-0.471
2015-01-19,-0.431
2015-01-20,-0.463
2015-01-21,-0.353
2015-01-22,-0.319
2015-01-23,-0.322
2015-01-24,-0.237
2015-01-25,-0.211
2015-01-26,-0.122
2015-01-27,-0.16
2015-01-28,-0.301
2015-01-29,-0.31
2015-01-30,-0.337
2015-01-31,-0.405
2015-02-01,-0.344
2015-02-02,-0.271
2015-02-03,-0.339
2015-02-04,-0.343
2015-02-05,-0.402
2015-02-06,-0.365
2015-02-07,-0.33
2015-02-08,-0.356
2015-02-09,-0.375
2015-02-10,-0.373
2015-02-11,-0.38
2015-02-12,-0.361
2015-02-13,-0.28
2015-02-14,-0.176
2015-02-15,-0.291
2015-02-16,-0.287
2015-02-17,-0.241
2015-02-18,-0.282
2015-02-19,-0.248
2015-02-20,-0.231
2015-02-21,-0.23
2015-02-22,-0.276
2015-02-23,-0.262
2015-02-24,-0.258
2015-02-25,-0.264
2015-02-26,-0.27
2015-02-27,-0.181
2015-02-28,-0.181
2015-03-01,-0.156
2015-03-02,-0.091
2015-03-03,-0.065
2015-03-04,-0.101
2015-03-05,-0.089
2015-03-06,-0.101
2015-03-07,-0.087
2015-03-08,-0.09
2015-03-09,-0.033
2015-03-10,-0.028
2015-03-11,-0.013
2015-03-12,-0.019
2015-03-13,-0.053
2015-03-14,-0.061
2015-03-15,-0.047
2015-03-16,-0.032
2015-03-17,-0.054
2015-03-18,-0.167
2015-03-19,-0.145
2015-03-20,-0.141
2015-03-21,-0.148
2015-03-22,-0.115
2015-03-23,-0.123
2015-03-24,-0.213
2015-03-25,-0.212
2015-03-26,-0.198
2015-03-27,-0.208
2015-03-28,-0.179
2015-03-29,-0.229
2015-03-30,-0.202
2015-03-31,-0.219
2015-04-01,-0.204
2015-04-02,-0.173
2015-04-03,-0.167
2015-04-04,-0.171
2015-04-05,-0.139
2015-04-06,-0.16
2015-04-07,-0.167
2015-04-08,-0.209
2015-04-09,-0.217
2015-04-10,-0.255
2015-04-11,-0.247
2015-04-12,-0.247
2015-04-13,-0.31
2015-04-14,-0.342
2015-04-15,-0.317
2015-04-16,-0.287
2015-04-17,-0.319
2015-04-18,-0.315
2015-04-19,-0.315
2015-04-20,-0.305
2015-04-21,-0.249
2015-04-22,-0.254
2015-04-23,-0.243
2015-04-24,-0.266
2015-04-25,-0.294
2015-04-26,-0.328
2015-04-27,-0.288
2015-04-28,-0.297
2015-04-29,-0.296
2015-04-30,-0.238
2015-05-01,-0.256
2015-05-02,-0.241
2015-05-03,-0.216
2015-05-04,-0.223
2015-05-05,-0.238
2015-05-06,-0.273
2015-05-07,-0.232
2015-05-08,-0.195
2015-05-09,-0.203
2015-05-10,-0.213
2015-05-11,-0.204
2015-05-12,-0.204
2015-05-13,-0.232
2015-05-14,-0.23
2015-05-15,-0.226
2015-05-16,-0.235
2015-05-17,-0.229
2015-05-18,-0.25
2015-05-19,-0.254
2015-05-20,-0.242
2015-05-21,-0.234
2015-05-22,-0.21
2015-05-23,-0.216
2015-05-24,-0.207
2015-05-25,-0.226
2015-05-26,-0.226
2015-05-27,-0.224
2015-05-28,-0.224
2015-05-29,-0.226
2015-05-30,-0.242
2015-05-31,-0.259
2015-06-01,-0.292
2015-06-02,-0.28
2015-06-03,-0.28
2015-06-04,-0.288
2015-06-05,-0.281
2015-06-06,-0.279
2015-06-07,-0.288
2015-06-08,-0.257
2015-06-09,-0.254
2015-06-10,-0.258
2015-06-11,-0.251
2015-06-12,-0.25
2015-06-13,-0.232
2015-06-14,-0.235
2015-06-15,-0.212
2015-06-16,-0.143
2015-06-17,-0.158
2015-06-18,-0.153
2015-06-19,-0.173
2015-06-20,-0.169
2015-06-21,-0.176
2015-06-22,-0.163
2015-06-23,-0.176
2015-06-24,-0.193
2015-06-25,-0.184
2015-06-26,-0.18
2015-06-27,-0.14
2015-06-28,-0.152
2015-06-29,-0.118
2015-06-30,-0.088
2015-07-01,-0.113
2015-07-02,-0.127
2015-07-03,-0.119
2015-07-04,-0.1
2015-07-05,-0.056
2015-07-06,-0.065
2015-07-07,-0.076
2015-07-08,-0.06
2015-07-09,-0.063
2015-07-10,-0.004
2015-07-11,0.024
2015-07-12,0.077
2015-07-13,0.018
2015-07-14,0.001
2015-07-15,-0.005
2015-07-16,-0.031
2015-07-17,-0.026
2015-07-18,-0.036
2015-07-19,-0.043
2015-07-20,-0.028
2015-07-21,-0.037
2015-07-22,-0.033
2015-07-23,-0.036
2015-07-24,0.008
2015-07-25,0.008
2015-07-26,0.021
2015-07-27,0.024
2015-07-28,0.027
2015-07-29,0.009
2015-07-30,0.004
2015-07-31,-0.009
2015-08-01,-0.02
2015-08-02,-0.017
2015-08-03,-0.018
2015-08-04,-0.006
2015-08-05,-0.016
2015-08-06,-0.028
2015-08-07,-0.026
2015-08-08,-0.097
2015-08-09,-0.072
2015-08-10,-0.077
2015-08-11,-0.051
2015-08-12,-0.064
2015-08-13,-0.077
2015-08-14,-0.07
2015-08-15,-0.088
2015-08-16,-0.1
2015-08-17,-0.103
2015-08-18,-0.302
2015-08-19,-0.247
2015-08-20,-0.202
2015-08-21,-0.215
2015-08-22,-0.225
2015-08-23,-0.236
2015-08-24,-0.33
2015-08-25,-0.259
2015-08-26,-0.237
2015-08-27,-0.244
2015-08-28,-0.205
2015-08-29,-0.217
2015-08-30,-0.221
2015-08-31,-0.212
2015-09-01,-0.226
2015-09-02,-0.217
2015-09-03,-0.228
2015-09-04,-0.207
2015-09-05,-0.182
2015-09-06,-0.158
2015-09-07,-0.159
2015-09-08,-0.143
2015-09-09,-0.168
2015-09-10,-0.167
2015-09-11,-0.157
2015-09-12,-0.179
2015-09-13,-0.208
2015-09-14,-0.205
2015-09-15,-0.208
2015-09-16,-0.215
2015-09-17,-0.193
2015-09-18,-0.193
2015-09-19,-0.197
2015-09-20,-0.202
2015-09-21,-0.226
2015-09-22,-0.205
2015-09-23,-0.206
2015-09-24,-0.185
2015-09-25,-0.179
2015-09-26,-0.183
2015-09-27,-0.19
2015-09-28,-0.156
2015-09-29,-0.169
2015-09-30,-0.172
2015-10-01,-0.164
2015-10-02,-0.165
2015-10-03,-0.157
2015-10-04,-0.158
2015-10-05,-0.151
2015-10-06,-0.123
2015-10-07,-0.137
2015-10-08,-0.14
2015-10-09,-0.133
2015-10-10,-0.126
2015-10-11,-0.114
2015-10-12,-0.124
2015-10-13,-0.105
2015-10-14,-0.092
2015-10-15,-0.086
2015-10-16,-0.053
2015-10-17,-0.018
2015-10-18,-0.051
2015-10-19,-0.047
2015-10-20,-0.023
2015-10-21,-0.034
2015-10-22,-0.007
2015-10-23,0.004
2015-10-24,0.021
2015-10-25,0.029
2015-10-26,0.031
2015-10-27,0.059
2015-10-28,0.084
2015-10-29,0.113
2015-10-30,0.146
2015-10-31,0.106
2015-11-01,0.148
2015-11-02,0.225
2015-11-03,0.29
2015-11-04,0.293
2015-11-05,0.251
2015-11-06,0.228
2015-11-07,0.253
2015-11-08,0.225
2015-11-09,0.24
2015-11-10,0.148
2015-11-11,0.071
2015-11-12,0.149
2015-11-13,0.148
2015-11-14,0.137
2015-11-15,0.102
2015-11-16,0.132
2015-11-17,0.143
2015-11-18,0.143
2015-11-19,0.118
2015-11-20,0.106
2015-11-21,0.117
2015-11-22,0.111
2015-11-23,0.109
2015-11-24,0.101
2015-11-25,0.125
2015-11-26,0.191
2015-11-27,0.197
2015-11-28,0.19
2015-11-29,0.222
2015-11-30,0.232
2015-12-01,0.201
2015-12-02,0.194
2015-12-03,0.198
2015-12-04,0.202
2015-12-05,0.254
2015-12-06,0.26
2015-12-07,0.263
2015-12-08,0.294
2015-12-09,0.297
2015-12-10,0.293
2015-12-11,0.35
2015-12-12,0.322
2015-12-13,0.319
2015-12-14,0.33
2015-12-15,0.359
2015-12-16,0.344
2015-12-17,0.346
2015-12-18,0.354
2015-12-19,0.351
2015-12-20,0.323
2015-12-21,0.316
2015-12-22,0.312
2015-12-23,0.322
2015-12-24,0.341
2015-12-25,0.339
2015-12-26,0.281
2015-12-27,0.288
2015-12-28,0.286
2015-12-29,0.302
2015-12-30,0.294
2015-12-31,0.299
2016-01-01,0.305
2016-01-02,0.304
2016-01-03,0.299
2016-01-04,0.302
2016-01-05,0.302
2016-01-06,0.298
2016-01-07,0.319
2016-01-08,0.327
2016-01-09,0.322
2016-01-10,0.321
2016-01-11,0.321
2016-01-12,0.302
2016-01-13,0.302
2016-01-14,0.267
2016-01-15,0.174
2016-01-16,0.211
2016-01-17,0.206
2016-01-18,0.206
2016-01-19,0.197
2016-01-20,0.228
2016-01-21,0.257
2016-01-22,0.206
2016-01-23,0.217
2016-01-24,0.237
2016-01-25,0.227
2016-01-26,0.225
2016-01-27,0.22
2016-01-28,0.201
2016-01-29,0.199
2016-01-30,0.186
2016-01-31,0.175
2016-02-01,0.183
2016-02-02,0.188
2016-02-03,0.181
2016-02-04,0.203
2016-02-05,0.205
2016-02-06,0.195
2016-02-07,0.195
2016-02-08,0.191
2016-02-09,0.191
2016-02-10,0.199
2016-02-11,0.202
2016-02-12,0.211
2016-02-13,0.225
2016-02-14,0.249
2016-02-15,0.243
2016-02-16,0.256
2016-02-17,0.27
2016-02-18,0.279
2016-02-19,0.275
2016-02-20,0.308
2016-02-21,0.305
2016-02-22,0.303
2016-02-23,0.274
2016-02-24,0.28
2016-02-25,0.28
2016-02-26,0.292
2016-02-27,0.294
2016-02-28,0.293
2016-02-29,0.299
2016-03-01,0.29
2016-03-02,0.274
2016-03-03,0.267
2016-03-04,0.247
2016-03-05,0.227
2016-03-06,0.239
2016-03-07,0.255
2016-03-08,0.252
2016-03-09,0.254
2016-03-10,0.261
2016-03-11,0.266
2016-03-12,0.249
2016-03-13,0.252
2016-03-14,0.257
2016-03-15,0.258
2016-03-16,0.26
2016-03-17,0.263
2016-03-18,0.245
2016-03-19,0.246
2016-03-20,0.251
2016-03-21,0.25
2016-03-22,0.258
2016-03-23,0.259
2016-03-24,0.252
2016-03-25,0.257
2016-03-26,0.257
2016-03-27,0.272
2016-03-28,0.267
2016-03-29,0.254
2016-03-30,0.249
2016-03-31,0.254
2016-04-01,0.256
2016-04-02,0.26
2016-04-03,0.26
2016-04-04,0.259
2016-04-05,0.264
2016-04-06,0.262
2016-04-07,0.26
2016-04-08,0.255
2016-04-09,0.255
2016-04-10,0.26
2016-04-11,0.262
2016-04-12,0.268
2016-04-13,0.264
2016-04-14,0.265
2016-04-15,0.273
2016-04-16,0.275
2016-04-17,0.27
2016-04-18,0.271
2016-04-19,0.283
2016-04-20,0.291
2016-04-21,0.305
2016-04-22,0.298
2016-04-23,0.306
2016-04-24,0.32
2016-04-25,0.321
2016-04-26,0.326
2016-04-27,0.29
2016-04-28,0.298
2016-04-29,0.307
2016-04-30,0.296
2016-05-01,0.303
2016-05-02,0.287
2016-05-03,0.298
2016-05-04,0.292
2016-05-05,0.294
2016-05-06,0.311
2016-05-07,0.31
2016-05-08,0.31
2016-05-09,0.313
2016-05-10,0.294
2016-05-11,0.298
2016-05-12,0.3
2016-05-13,0.302
2016-05-14,0.303
2016-05-15,0.307
2016-05-16,0.298
2016-05-17,0.294
2016-05-18,0.295
2016-05-19,0.268
2016-05-20,0.275
2016-05-21,0.278
2016-05-22,0.272
2016-05-23,0.277
2016-05-24,0.28
2016-05-25,0.287
2016-05-26,0.292
2016-05-27,0.316
2016-05-28,0.388
2016-05-29,0.382
2016-05-30,0.388
2016-05-31,0.383
2016-06-01,0.389
2016-06-02,0.389
2016-06-03,0.421
2016-06-04,0.424
2016-06-05,0.424
2016-06-06,0.432
2016-06-07,0.424
2016-06-08,0.427
2016-06-09,0.421
2016-06-10,0.422
2016-06-11,0.445
2016-06-12,0.495
2016-06-13,0.513
2016-06-14,0.498
2016-06-15,0.502
2016-06-16,0.542
2016-06-17,0.53
2016-06-18,0.533
2016-06-19,0.537
2016-06-20,0.508
2016-06-21,0.469
2016-06-22,0.406
2016-06-23,0.436
2016-06-24,0.465
2016-06-25,0.468
2016-06-26,0.436
2016-06-27,0.454
2016-06-28,0.449
2016-06-29,0.442
2016-06-30,0.469
2016-07-01,0.471
2016-07-02,0.489
2016-07-03,0.458
2016-07-04,0.471
2016-07-05,0.461
2016-07-06,0.468
2016-07-07,0.437
2016-07-08,0.457
2016-07-09,0.446
2016-07-10,0.443
2016-07-11,0.443
2016-07-12,0.458
2016-07-13,0.449
2016-07-14,0.45
2016-07-15,0.455
2016-07-16,0.453
2016-07-17,0.465
2016-07-18,0.46
2016-07-19,0.459
2016-07-20,0.452
2016-07-21,0.452
2016-07-22,0.438
2016-07-23,0.444
2016-07-24,0.446
2016-07-25,0.441
2016-07-26,0.44
2016-07-27,0.441
2016-07-28,0.44
2016-07-29,0.441
2016-07-30,0.439
2016-07-31,0.412
2016-08-01,0.395
2016-08-02,0.309
2016-08-03,0.361
2016-08-04,0.374
2016-08-05,0.372
2016-08-06,0.382
2016-08-07,0.386
2016-08-08,0.382
2016-08-09,0.378
2016-08-10,0.381
2016-08-11,0.381
2016-08-12,0.378
2016-08-13,0.376
2016-08-14,0.361
2016-08-15,0.356
2016-08-16,0.368
2016-08-17,0.363
2016-08-18,0.363
2016-08-19,0.364
2016-08-20,0.371
2016-08-21,0.37
2016-08-22,0.374
2016-08-23,0.371
2016-08-24,0.367
2016-08-25,0.363
2016-08-26,0.366
2016-08-27,0.356
2016-08-28,0.362
2016-08-29,0.36
2016-08-30,0.362
2016-08-31,0.358
2016-09-01,0.358
2016-09-02,0.363
2016-09-03,0.387
2016-09-04,0.397
2016-09-05,0.394
2016-09-06,0.399
2016-09-07,0.401
2016-09-08,0.414
2016-09-09,0.407
2016-09-10,0.408
2016-09-11,0.392
2016-09-12,0.391
2016-09-13,0.391
2016-09-14,0.392
2016-09-15,0.389
2016-09-16,0.39
2016-09-17,0.389
2016-09-18,0.393
2016-09-19,0.39
2016-09-20,0.389
2016-09-21,0.377
2016-09-22,0.376
2016-09-23,0.383
2016-09-24,0.383
2016-09-25,0.38
2016-09-26,0.386
2016-09-27,0.384
2016-09-28,0.384
2016-09-29,0.384
2016-09-30,0.388
2016-10-01,0.394
2016-10-02,0.39
2016-10-03,0.39
2016-10-04,0.387
2016-10-05,0.389
2016-10-06,0.388
2016-10-07,0.394
2016-10-08,0.395
2016-10-09,0.393
2016-10-10,0.394
2016-10-11,0.416
2016-10-12,0.409
2016-10-13,0.408
2016-10-14,0.411
2016-10-15,0.409
2016-10-16,0.413
2016-10-17,0.409
2016-10-18,0.405
2016-10-19,0.399
2016-10-20,0.398
2016-10-21,0.4
2016-10-22,0.421
2016-10-23,0.418
2016-10-24,0.416
2016-10-25,0.42
2016-10-26,0.435
2016-10-27,0.443
2016-10-28,0.446
2016-10-29,0.464
2016-10-30,0.451
2016-10-31,0.45
2016-11-01,0.472
2016-11-02,0.478
2016-11-03,0.44
2016-11-04,0.452
2016-11-05,0.453
2016-11-06,0.459
2016-11-07,0.452
2016-11-08,0.455
2016-11-09,0.461
2016-11-10,0.454
2016-11-11,0.456
2016-11-12,0.446
2016-11-13,0.446
2016-11-14,0.447
2016-11-15,0.452
2016-11-16,0.472
2016-11-17,0.466
2016-11-18,0.475
2016-11-19,0.476
2016-11-20,0.46
2016-11-21,0.464
2016-11-22,0.472
2016-11-23,0.465
2016-11-24,0.461
2016-11-25,0.462
2016-11-26,0.458
2016-11-27,0.453
2016-11-28,0.454
2016-11-29,0.455
2016-11-30,0.462
2016-12-01,0.469
2016-12-02,0.48
2016-12-03,0.472
2016-12-04,0.472
2016-12-05,0.462
2016-12-06,0.466
2016-12-07,0.469
2016-12-08,0.47
2016-12-09,0.472
2016-12-10,0.474
2016-12-11,0.47
2016-12-12,0.475
2016-12-13,0.475
2016-12-14,0.473
2016-12-15,0.471
2016-12-16,0.475
2016-12-17,0.479
2016-12-18,0.479
2016-12-19,0.478
2016-12-20,0.483
2016-12-21,0.499
2016-12-22,0.514
2016-12-23,0.541
2016-12-24,0.528
2016-12-25,0.529
2016-12-26,0.532
2016-12-27,0.542
2016-12-28,0.564
2016-12-29,0.559
2016-12-30,0.552
2016-12-31,0.554
2017-01-01,0.566
2017-01-02,0.572
2017-01-03,0.576
2017-01-04,0.609
2017-01-05,0.553
2017-01-06,0.5
2017-01-07,0.506
2017-01-08,0.51
2017-01-09,0.505
2017-01-10,0.506
2017-01-11,0.434
2017-01-12,0.448
2017-01-13,0.46
2017-01-14,0.456
2017-01-15,0.459
2017-01-16,0.463
2017-01-17,0.506
2017-01-18,0.492
2017-01-19,0.502
2017-01-20,0.498
2017-01-21,0.513
2017-01-22,0.511
2017-01-23,0.509
2017-01-24,0.491
2017-01-25,0.495
2017-01-26,0.505
2017-01-27,0.507
2017-01-28,0.508
2017-01-29,0.502
2017-01-30,0.504
2017-01-31,0.528
2017-02-01,0.536
2017-02-02,0.544
2017-02-03,0.545
2017-02-04,0.552
2017-02-05,0.543
2017-02-06,0.546
2017-02-07,0.557
2017-02-08,0.556
2017-02-09,0.524
2017-02-10,0.529
2017-02-11,0.536
2017-02-12,0.533
2017-02-13,0.529
2017-02-14,0.534
2017-02-15,0.534
2017-02-16,0.544
2017-02-17,0.551
2017-02-18,0.551
2017-02-19,0.55
2017-02-20,0.561
2017-02-21,0.575
2017-02-22,0.573
2017-02-23,0.592
2017-02-24,0.588
2017-02-25,0.575
2017-02-26,0.585
2017-02-27,0.588
2017-02-28,0.586
2017-03-01,0.597
2017-03-02,0.606
2017-03-03,0.611
2017-03-04,0.604
2017-03-05,0.605
2017-03-06,0.605
2017-03-07,0.589
2017-03-08,0.56
2017-03-09,0.574
2017-03-10,0.538
2017-03-11,0.567
2017-03-12,0.586
2017-03-13,0.585
2017-03-14,0.586
2017-03-15,0.589
2017-03-16,0.56
2017-03-17,0.517
2017-03-18,0.463
2017-03-19,0.493
2017-03-20,0.501
2017-03-21,0.533
2017-03-22,0.499
2017-03-23,0.494
2017-03-24,0.445
2017-03-25,0.463
2017-03-26,0.46
2017-03-27,0.5
2017-03-28,0.5
2017-03-29,0.497
2017-03-30,0.495
2017-03-31,0.514
2017-04-01,0.517
2017-04-02,0.523
2017-04-03,0.538
2017-04-04,0.536
2017-04-05,0.532
2017-04-06,0.554
2017-04-07,0.551
2017-04-08,0.548
2017-04-09,0.557
2017-04-10,0.556
2017-04-11,0.561
2017-04-12,0.555
2017-04-13,0.538
2017-04-14,0.538
2017-04-15,0.538
2017-04-16,0.537
2017-04-17,0.543
2017-04-18,0.546
2017-04-19,0.548
2017-04-20,0.556
2017-04-21,0.559
2017-04-22,0.558
2017-04-23,0.559
2017-04-24,0.561
2017-04-25,0.567
2017-04-26,0.571
2017-04-27,0.585
2017-04-28,0.584
2017-04-29,0.585
2017-04-30,0.591
2017-05-01,0.604
2017-05-02,0.609
2017-05-03,0.621
2017-05-04,0.622
2017-05-05,0.617
2017-05-06,0.626
2017-05-07,0.613
2017-05-08,0.645
2017-05-09,0.649
2017-05-10,0.659
2017-05-11,0.665
2017-05-12,0.638
2017-05-13,0.651
2017-05-14,0.653
2017-05-15,0.64
2017-05-16,0.642
2017-05-17,0.649
2017-05-18,0.663
2017-05-19,0.672
2017-05-20,0.682
2017-05-21,0.68
2017-05-22,0.68
2017-05-23,0.7
2017-05-24,0.714
2017-05-25,0.697
2017-05-26,0.688
2017-05-27,0.652
2017-05-28,0.678
2017-05-29,0.685
2017-05-30,0.666
2017-05-31,0.682
2017-06-01,0.692
2017-06-02,0.699
2017-06-03,0.705
2017-06-04,0.7
2017-06-05,0.714
2017-06-06,0.729
2017-06-07,0.711
2017-06-08,0.718
2017-06-09,0.715
2017-06-10,0.722
2017-06-11,0.725
2017-06-12,0.69
2017-06-13,0.692
2017-06-14,0.658
2017-06-15,0.652
2017-06-16,0.659
2017-06-17,0.68
2017-06-18,0.66
2017-06-19,0.668
2017-06-20,0.682
2017-06-21,0.669
2017-06-22,0.673
2017-06-23,0.671
2017-06-24,0.655
2017-06-25,0.646
2017-06-26,0.635
2017-06-27,0.649
2017-06-28,0.652
2017-06-29,0.647
2017-06-30,0.633
2017-07-01,0.626
2017-07-02,0.641
2017-07-03,0.644
2017-07-04,0.649
2017-07-05,0.648
2017-07-06,0.646
2017-07-07,0.63
2017-07-08,0.637
2017-07-09,0.63
2017-07-10,0.601
2017-07-11,0.601
2017-07-12,0.61
2017-07-13,0.604
2017-07-14,0.581
2017-07-15,0.535
2017-07-16,0.518
2017-07-17,0.581
2017-07-18,0.596
2017-07-19,0.586
2017-07-20,0.664
2017-07-21,0.643
2017-07-22,0.662
2017-07-23,0.651
2017-07-24,0.65
2017-07-25,0.62
2017-07-26,0.614
2017-07-27,0.631
2017-07-28,0.64
2017-07-29,0.623
2017-07-30,0.62
2017-07-31,0.625
2017-08-01,0.602
2017-08-02,0.593
2017-08-03,0.603
2017-08-04,0.604
2017-08-05,0.644
2017-08-06,0.636
2017-08-07,0.645
2017-08-08,0.642
2017-08-09,0.63
2017-08-10,0.636
2017-08-11,0.655
2017-08-12,0.669
2017-08-13,0.68
2017-08-14,0.693
2017-08-15,0.679
2017-08-16,0.69
2017-08-17,0.682
2017-08-18,0.664
2017-08-19,0.664
2017-08-20,0.654
2017-08-21,0.644
2017-08-22,0.648
2017-08-23,0.651
2017-08-24,0.663
2017-08-25,0.663
2017-08-26,0.66
2017-08-27,0.659
2017-08-28,0.659
2017-08-29,0.671
2017-08-30,0.667
2017-08-31,0.674
2017-09-01,0.682
2017-09-02,0.658
2017-09-03,0.658
2017-09-04,0.637
2017-09-05,0.641
2017-09-06,0.651
2017-09-07,0.649
2017-09-08,0.625
2017-09-09,0.623
2017-09-10,0.615
2017-09-11,0.61
2017-09-12,0.605
2017-09-13,0.578
2017-09-14,0.499
2017-09-15,0.558
2017-09-16,0.559
2017-09-17,0.558
2017-09-18,0.597
2017-09-19,0.58
2017-09-20,0.576
2017-09-21,0.544
2017-09-22,0.544
2017-09-23,0.562
2017-09-24,0.55
2017-09-25,0.573
2017-09-26,0.569
2017-09-27,0.6
2017-09-28,0.596
2017-09-29,0.592
2017-09-30,0.607
2017-10-01,0.61
2017-10-02,0.608
2017-10-03,0.6
2017-10-04,0.59
2017-10-05,0.597
2017-10-06,0.6
2017-10-07,0.606
2017-10-08,0.618
2017-10-09,0.628
2017-10-10,0.623
2017-10-11,0.627
2017-10-12,0.664
2017-10-13,0.672
2017-10-14,0.68
2017-10-15,0.672
2017-10-16,0.673
2017-10-17,0.661
2017-10-18,0.659
2017-10-19,0.663
2017-10-20,0.677
2017-10-21,0.677
2017-10-22,0.672
2017-10-23,0.66
2017-10-24,0.635
2017-10-25,0.647
2017-10-26,0.655
2017-10-27,0.646
2017-10-28,0.644
2017-10-29,0.666
2017-10-30,0.661
2017-10-31,0.674
2017-11-01,0.685
2017-11-02,0.694
2017-11-03,0.697
2017-11-04,0.704
2017-11-05,0.699
2017-11-06,0.68
2017-11-07,0.684
2017-11-08,0.695
2017-11-09,0.678
2017-11-10,0.651
2017-11-11,0.634
2017-11-12,0.595
2017-11-13,0.633
2017-11-14,0.635
2017-11-15,0.664
2017-11-16,0.683
2017-11-17,0.674
2017-11-18,0.674
2017-11-19,0.68
2017-11-20,0.686
2017-11-21,0.675
2017-11-22,0.679
2017-11-23,0.67
2017-11-24,0.672
2017-11-25,0.687
2017-11-26,0.701
2017-11-27,0.709
2017-11-28,0.708
2017-11-29,0.698
2017-11-30,0.701
2017-12-01,0.718
2017-12-02,0.718
2017-12-03,0.722
2017-12-04,0.726
2017-12-05,0.726
2017-12-06,0.762
2017-12-07,0.788
2017-12-08,0.77
2017-12-09,0.748
2017-12-10,0.75
2017-12-11,0.765
2017-12-12,0.764
2017-12-13,0.746
2017-12-14,0.744
2017-12-15,0.755
2017-12-16,0.774
2017-12-17,0.765
2017-12-18,0.758
2017-12-19,0.737
2017-12-20,0.714
2017-12-21,0.697
2017-12-22,0.668
2017-12-23,0.679
2017-12-24,0.658
2017-12-25,0.659
2017-12-26,0.691
2017-12-27,0.681
2017-12-28,0.655
2017-12-29,0.66
2017-12-30,0.616
2017-12-31,0.641
2018-01-01,0.629
2018-01-02,0.658
2018-01-03,0.662
2018-01-04,0.66
2018-01-05,0.693
2018-01-06,0.692
2018-01-07,0.671
2018-01-08,0.643
2018-01-09,0.628
2018-01-10,0.634
2018-01-11,0.592
2018-01-12,0.609
2018-01-13,0.62
2018-01-14,0.604
2018-01-15,0.601
2018-01-16,0.528
2018-01-17,0.518
2018-01-18,0.522
2018-01-19,0.53
2018-01-20,0.578
2018-01-21,0.53
2018-01-22,0.501
2018-01-23,0.507
2018-01-24,0.523
2018-01-25,0.519
2018-01-26,0.514
2018-01-27,0.526
2018-01-28,0.536
2018-01-29,0.516
2018-01-30,0.462
2018-01-31,0.468
2018-02-01,0.411
2018-02-02,0.398
2018-02-03,0.422
2018-02-04,0.36
2018-02-05,0.236
2018-02-06,0.325
2018-02-07,0.317
2018-02-08,0.367
2018-02-09,0.4
2018-02-10,0.391
2018-02-11,0.359
2018-02-12,0.416
2018-02-13,0.391
2018-02-14,0.45
2018-02-15,0.483
2018-02-16,0.486
2018-02-17,0.527
2018-02-18,0.498
2018-02-19,0.527
2018-02-20,0.53
2018-02-21,0.494
2018-02-22,0.458
2018-02-23,0.472
2018-02-24,0.447
2018-02-25,0.443
2018-02-26,0.48
2018-02-27,0.496
2018-02-28,0.479
2018-03-01,0.507
2018-03-02,0.51
2018-03-03,0.527
2018-03-04,0.528
2018-03-05,0.529
2018-03-06,0.492
2018-03-07,0.453
2018-03-08,0.42
2018-03-09,0.42
2018-03-10,0.389
2018-03-11,0.435
2018-03-12,0.413
2018-03-13,0.414
2018-03-14,0.349
2018-03-15,0.354
2018-03-16,0.363
2018-03-17,0.324
2018-03-18,0.35
2018-03-19,0.376
2018-03-20,0.401
2018-03-21,0.4
2018-03-22,0.389
2018-03-23,0.393
2018-03-24,0.382
2018-03-25,0.37
2018-03-26,0.351
2018-03-27,0.324
2018-03-28,0.333
2018-03-29,0.259
2018-03-30,0.231
2018-03-31,0.242
2018-04-01,0.23
2018-04-02,0.255
2018-04-03,0.294
2018-04-04,0.23
2018-04-05,0.233
2018-04-06,0.212
2018-04-07,0.244
2018-04-08,0.258
2018-04-09,0.229
2018-04-10,0.239
2018-04-11,0.253
2018-04-12,0.343
2018-04-13,0.344
2018-04-14,0.351
2018-04-15,0.377
2018-04-16,0.354
2018-04-17,0.341
2018-04-18,0.363
2018-04-19,0.37
2018-04-20,0.409
2018-04-21,0.41
2018-04-22,0.405
2018-04-23,0.413
2018-04-24,0.455
2018-04-25,0.406
2018-04-26,0.431
2018-04-27,0.413
2018-04-28,0.435
2018-04-29,0.438
2018-04-30,0.428
2018-05-01,0.418
2018-05-02,0.425
2018-05-03,0.456
2018-05-04,0.452
2018-05-05,0.458
2018-05-06,0.446
2018-05-07,0.431
2018-05-08,0.423
2018-05-09,0.428
2018-05-10,0.411
2018-05-11,0.369
2018-05-12,0.374
2018-05-13,0.389
2018-05-14,0.384
2018-05-15,0.371
2018-05-16,0.36
2018-05-17,0.335
2018-05-18,0.35
2018-05-19,0.35
2018-05-20,0.371
2018-05-21,0.363
2018-05-22,0.332
2018-05-23,0.29
2018-05-24,0.295
2018-05-25,0.281
2018-05-26,0.272
2018-05-27,0.274
2018-05-28,0.252
2018-05-29,0.286
2018-05-30,0.279
2018-05-31,0.289
2018-06-01,0.293
2018-06-02,0.304
2018-06-03,0.31
2018-06-04,0.29
2018-06-05,0.302
2018-06-06,0.306
2018-06-07,0.308
2018-06-08,0.304
2018-06-09,0.298
2018-06-10,0.216
2018-06-11,0.229
2018-06-12,0.193
2018-06-13,0.167
2018-06-14,0.208
2018-06-15,0.181
2018-06-16,0.193
2018-06-17,0.188
2018-06-18,0.219
2018-06-19,0.223
2018-06-20,0.226
2018-06-21,0.222
2018-06-22,0.139
2018-06-23,0.155
2018-06-24,0.152
2018-06-25,0.166
2018-06-26,0.147
2018-06-27,0.16
2018-06-28,0.121
2018-06-29,0.172
2018-06-30,0.193
2018-07-01,0.193
2018-07-02,0.223
2018-07-03,0.21
2018-07-04,0.22
2018-07-05,0.215
2018-07-06,0.223
2018-07-07,0.239
2018-07-08,0.236
2018-07-09,0.231
2018-07-10,0.189
2018-07-11,0.198
2018-07-12,0.171
2018-07-13,0.178
2018-07-14,0.185
2018-07-15,0.197
2018-07-16,0.24
2018-07-17,0.302
2018-07-18,0.307
2018-07-19,0.315
2018-07-20,0.302
2018-07-21,0.31
2018-07-22,0.308
2018-07-23,0.336
2018-07-24,0.389
2018-07-25,0.374
2018-07-26,0.351
2018-07-27,0.371
2018-07-28,0.372
2018-07-29,0.374
2018-07-30,0.37
2018-07-31,0.333
2018-08-01,0.322
2018-08-02,0.318
2018-08-03,0.306
2018-08-04,0.266
2018-08-05,0.27
2018-08-06,0.26
2018-08-07,0.237
2018-08-08,0.183
2018-08-09,0.22
2018-08-10,0.168
2018-08-11,0.192
2018-08-12,0.192
2018-08-13,0.186
2018-08-14,0.177
2018-08-15,0.189
2018-08-16,0.192
2018-08-17,0.225
2018-08-18,0.205
2018-08-19,0.216
2018-08-20,0.189
2018-08-21,0.214
2018-08-22,0.201
2018-08-23,0.219
2018-08-24,0.24
2018-08-25,0.245
2018-08-26,0.239
2018-08-27,0.255
2018-08-28,0.28
2018-08-29,0.274
2018-08-30,0.267
2018-08-31,0.273
2018-09-01,0.289
2018-09-02,0.298
2018-09-03,0.295
2018-09-04,0.305
2018-09-05,0.248
2018-09-06,0.214
2018-09-07,0.204
2018-09-08,0.176
2018-09-09,0.185
2018-09-10,0.191
2018-09-11,0.19
2018-09-12,0.197
2018-09-13,0.218
2018-09-14,0.218
2018-09-15,0.222
2018-09-16,0.219
2018-09-17,0.19
2018-09-18,0.2
2018-09-19,0.206
2018-09-20,0.22
2018-09-21,0.249
2018-09-22,0.245
2018-09-23,0.245
2018-09-24,0.23
2018-09-25,0.212
2018-09-26,0.218
2018-09-27,0.243
2018-09-28,0.237
2018-09-29,0.232
2018-09-30,0.235
2018-10-01,0.23
2018-10-02,0.224
2018-10-03,0.22
2018-10-04,0.229
2018-10-05,0.234
2018-10-06,0.23
2018-10-07,0.232
2018-10-08,0.236
2018-10-09,0.235
2018-10-10,0.228
2018-10-11,0.185
2018-10-12,0.19
2018-10-13,0.191
2018-10-14,0.189
2018-10-15,0.222
2018-10-16,0.225
2018-10-17,0.223
2018-10-18,0.218
2018-10-19,0.216
2018-10-20,0.223
2018-10-21,0.224
2018-10-22,0.223
2018-10-23,0.222
2018-10-24,0.224
2018-10-25,0.223
2018-10-26,0.224
2018-10-27,0.225
2018-10-28,0.224
2018-10-29,0.207
2018-10-30,0.208
2018-10-31,0.213
2018-11-01,0.218
2018-11-02,0.219
2018-11-03,0.217
2018-11-04,0.228
2018-11-05,0.226
2018-11-06,0.23
2018-11-07,0.237
2018-11-08,0.226
2018-11-09,0.217
2018-11-10,0.22
2018-11-11,0.217
2018-11-12,0.216
2018-11-13,0.21
2018-11-14,0.113
2018-11-15,0.114
2018-11-16,0.108
2018-11-17,0.11
2018-11-18,0.118
2018-11-19,-0.018
2018-11-20,-0.12
2018-11-21,-0.062
2018-11-22,-0.12
2018-11-23,-0.121
2018-11-24,-0.261
2018-11-25,-0.213
2018-11-26,-0.289
2018-11-27,-0.259
2018-11-28,-0.129
2018-11-29,-0.122
2018-11-30,-0.194
2018-12-01,-0.145
2018-12-02,-0.158
2018-12-03,-0.238
2018-12-04,-0.23
2018-12-05,-0.274
2018-12-06,-0.336
2018-12-07,-0.387
2018-12-08,-0.372
2018-12-09,-0.32
2018-12-10,-0.366
2018-12-11,-0.384
2018-12-12,-0.354
2018-12-13,-0.42
2018-12-14,-0.444
2018-12-15,-0.448
2018-12-16,-0.442
2018-12-17,-0.316
2018-12-18,-0.256
2018-12-19,-0.241
2018-12-20,-0.128
2018-12-21,-0.194
2018-12-22,-0.156
2018-12-23,-0.162
2018-12-24,-0.133
2018-12-25,-0.216
2018-12-26,-0.2
2018-12-27,-0.273
2018-12-28,-0.173
2018-12-29,-0.19
2018-12-30,-0.188
2018-12-31,-0.231
2019-01-01,-0.192
2019-01-02,-0.164
2019-01-03,-0.198
2019-01-04,-0.184
2019-01-05,-0.192
2019-01-06,-0.119
2019-01-07,-0.131
2019-01-08,-0.133
2019-01-09,-0.129
2019-01-10,-0.235
2019-01-11,-0.235
2019-01-12,-0.237
2019-01-13,-0.274
2019-01-14,-0.219
2019-01-15,-0.249
2019-01-16,-0.239
2019-01-17,-0.227
2019-01-18,-0.237
2019-01-19,-0.21
2019-01-20,-0.261
2019-01-21,-0.261
2019-01-22,-0.244
2019-01-23,-0.252
2019-01-24,-0.246
2019-01-25,-0.247
2019-01-26,-0.248
2019-01-27,-0.254
2019-01-28,-0.29
2019-01-29,-0.304
2019-01-30,-0.286
2019-01-31,-0.296
2019-02-01,-0.282
2019-02-02,-0.275
2019-02-03,-0.293
2019-02-04,-0.292
2019-02-05,-0.286
2019-02-06,-0.307
2019-02-07,-0.309
2019-02-08,-0.217
2019-02-09,-0.214
2019-02-10,-0.207
2019-02-11,-0.224
2019-02-12,-0.224
2019-02-13,-0.225
2019-02-14,-0.23
2019-02-15,-0.228
2019-02-16,-0.22
2019-02-17,-0.207
2019-02-18,-0.131
2019-02-19,-0.122
2019-02-20,-0.112
2019-02-21,-0.123
2019-02-22,-0.107
2019-02-23,-0.063
2019-02-24,-0.163
2019-02-25,-0.142
2019-02-26,-0.149
2019-02-27,-0.148
2019-02-28,-0.149
2019-03-01,-0.143
2019-03-02,-0.143
2019-03-03,-0.151
2019-03-04,-0.176
2019-03-05,-0.133
2019-03-06,-0.129
2019-03-07,-0.128
2019-03-08,-0.132
2019-03-09,-0.112
2019-03-10,-0.113
2019-03-11,-0.128
2019-03-12,-0.125
2019-03-13,-0.127
2019-03-14,-0.126
2019-03-15,-0.112
2019-03-16,-0.087
2019-03-17,-0.093
2019-03-18,-0.092
2019-03-19,-0.085
2019-03-20,-0.076
2019-03-21,-0.09
2019-03-22,-0.088
2019-03-23,-0.088
2019-03-24,-0.091
2019-03-25,-0.108
2019-03-26,-0.105
2019-03-27,-0.075
2019-03-28,-0.079
2019-03-29,-0.059
2019-03-30,-0.058
2019-03-31,-0.057
2019-04-01,-0.045
2019-04-02,0.114
2019-04-03,0.123
2019-04-04,0.114
2019-04-05,0.135
2019-04-06,0.137
2019-04-07,0.16
2019-04-08,0.175
2019-04-09,0.16
2019-04-10,0.178
2019-04-11,0.136
2019-04-12,0.141
2019-04-13,0.139
2019-04-14,0.154
2019-04-15,0.135
2019-04-16,0.161
2019-04-17,0.164
2019-04-18,0.172
2019-04-19,0.172
2019-04-20,0.175
2019-04-21,0.172
2019-04-22,0.186
2019-04-23,0.208
2019-04-24,0.193
2019-04-25,0.146
2019-04-26,0.15
2019-04-27,0.156
2019-04-28,0.15
2019-04-29,0.15
2019-04-30,0.169
2019-05-01,0.179
2019-05-02,0.191
2019-05-03,0.228
2019-05-04,0.243
2019-05-05,0.236
2019-05-06,0.23
2019-05-07,0.247
2019-05-08,0.26
2019-05-09,0.285
2019-05-10,0.308
2019-05-11,0.396
2019-05-12,0.361
2019-05-13,0.428
2019-05-14,0.436
2019-05-15,0.45
2019-05-16,0.421
2019-05-17,0.379
2019-05-18,0.375
2019-05-19,0.445
2019-05-20,0.428
2019-05-21,0.427
2019-05-22,0.403
2019-05-23,0.42
2019-05-24,0.425
2019-05-25,0.43
2019-05-26,0.472
2019-05-27,0.476
2019-05-28,0.468
2019-05-29,0.457
2019-05-30,0.431
2019-05-31,0.449
2019-06-01,0.448
2019-06-02,0.46
2019-06-03,0.421
2019-06-04,0.385
2019-06-05,0.396
2019-06-06,0.394
2019-06-07,0.412
2019-06-08,0.406
2019-06-09,0.382
2019-06-10,0.409
2019-06-11,0.403
2019-06-12,0.419
2019-06-13,0.424
2019-06-14,0.453
2019-06-15,0.462
2019-06-16,0.471
2019-06-17,0.488
2019-06-18,0.47
2019-06-19,0.482
2019-06-20,0.495
2019-06-21,0.52
2019-06-22,0.545
2019-06-23,0.548
2019-06-24,0.555
2019-06-25,0.58
2019-06-26,0.611
2019-06-27,0.549
2019-06-28,0.59
2019-06-29,0.575
2019-06-30,0.531
2019-07-01,0.518
2019-07-02,0.526
2019-07-03,0.571
2019-07-04,0.54
2019-07-05,0.532
2019-07-06,0.541
2019-07-07,0.55
2019-07-08,0.58
2019-07-09,0.587
2019-07-10,0.568
2019-07-11,0.536
2019-07-12,0.555
2019-07-13,0.537
2019-07-14,0.49
2019-07-15,0.519
2019-07-16,0.446
2019-07-17,0.457
2019-07-18,0.506
2019-07-19,0.498
2019-07-20,0.513
2019-07-21,0.5
2019-07-22,0.486
2019-07-23,0.463
2019-07-24,0.457
2019-07-25,0.463
2019-07-26,0.459
2019-07-27,0.437
2019-07-28,0.442
2019-07-29,0.43
2019-07-30,0.435
2019-07-31,0.461
2019-08-01,0.478
2019-08-02,0.484
2019-08-03,0.497
2019-08-04,0.504
2019-08-05,0.535
2019-08-06,0.519
2019-08-07,0.539
2019-08-08,0.536
2019-08-09,0.533
2019-08-10,0.51
2019-08-11,0.519
2019-08-12,0.512
2019-08-13,0.488
2019-08-14,0.445
2019-08-15,0.46
2019-08-16,0.463
2019-08-17,0.455
2019-08-18,0.461
2019-08-19,0.488
2019-08-20,0.482
2019-08-21,0.447
2019-08-22,0.449
2019-08-23,0.462
2019-08-24,0.448
2019-08-25,0.445
2019-08-26,0.459
2019-08-27,0.448
2019-08-28,0.423
2019-08-29,0.409
2019-08-30,0.415
2019-08-31,0.416
2019-09-01,0.425
2019-09-02,0.459
2019-09-03,0.47
2019-09-04,0.468
2019-09-05,0.467
2019-09-06,0.45
2019-09-07,0.458
2019-09-08,0.454
2019-09-09,0.45
2019-09-10,0.436
2019-09-11,0.438
2019-09-12,0.451
2019-09-13,0.448
2019-09-14,0.449
2019-09-15,0.445
2019-09-16,0.443
2019-09-17,0.439
2019-09-18,0.436
2019-09-19,0.442
2019-09-20,0.437
2019-09-21,0.426
2019-09-22,0.43
2019-09-23,0.409
2019-09-24,0.337
2019-09-25,0.323
2019-09-26,0.298
2019-09-27,0.306
2019-09-28,0.308
2019-09-29,0.296
2019-09-30,0.315
2019-10-01,0.318
2019-10-02,0.322
2019-10-03,0.314
2019-10-04,0.307
2019-10-05,0.305
2019-10-06,0.28
2019-10-07,0.312
2019-10-08,0.309
2019-10-09,0.342
2019-10-10,0.34
2019-10-11,0.317
2019-10-12,0.32
2019-10-13,0.318
2019-10-14,0.319
2019-10-15,0.304
2019-10-16,0.291
2019-10-17,0.297
2019-10-18,0.287
2019-10-19,0.286
2019-10-20,0.309
2019-10-21,0.31
2019-10-22,0.294
2019-10-23,0.242
2019-10-24,0.243
2019-10-25,0.346
2019-10-26,0.387
2019-10-27,0.406
2019-10-28,0.39
2019-10-29,0.396
2019-10-30,0.38
2019-10-31,0.378
2019-11-01,0.383
2019-11-02,0.386
2019-11-03,0.38
2019-11-04,0.393
2019-11-05,0.389
2019-11-06,0.391
2019-11-07,0.381
2019-11-08,0.352
2019-11-09,0.354
2019-11-10,0.37
2019-11-11,0.346
2019-11-12,0.352
2019-11-13,0.349
2019-11-14,0.34
2019-11-15,0.326
2019-11-16,0.327
2019-11-17,0.329
2019-11-18,0.304
2019-11-19,0.298
2019-11-20,0.295
2019-11-21,0.253
2019-11-22,0.221
2019-11-23,0.227
2019-11-24,0.185
2019-11-25,0.208
2019-11-26,0.212
2019-11-27,0.25
2019-11-28,0.241
2019-11-29,0.271
2019-11-30,0.253
2019-12-01,0.24
2019-12-02,0.23
2019-12-03,0.229
2019-12-04,0.22
2019-12-05,0.24
2019-12-06,0.254
2019-12-07,0.252
2019-12-08,0.253
2019-12-09,0.234
2019-12-10,0.224
2019-12-11,0.22
2019-12-12,0.22
2019-12-13,0.226
2019-12-14,0.207
2019-12-15,0.212
2019-12-16,0.186
2019-12-17,0.153
2019-12-18,0.232
2019-12-19,0.218
2019-12-20,0.222
2019-12-21,0.217
2019-12-22,0.252
2019-12-23,0.236
2019-12-24,0.227
2019-12-25,0.224
2019-12-26,0.224
2019-12-27,0.229
2019-12-28,0.237
2019-12-29,0.246
2019-12-30,0.229
2019-12-31,0.223
2020-01-01,0.223
2020-01-02,0.198
2020-01-03,0.239
2020-01-04,0.242
2020-01-05,0.242
2020-01-06,0.282
2020-01-07,0.314
2020-01-08,0.308
2020-01-09,0.286
2020-01-10,0.313
2020-01-11,0.304
2020-01-12,0.316
2020-01-13,0.312
2020-01-14,0.365
2020-01-15,0.362
2020-01-16,0.355
2020-01-17,0.369
2020-01-18,0.369
2020-01-19,0.352
2020-01-20,0.348
2020-01-21,0.355
2020-01-22,0.349
2020-01-23,0.327
2020-01-24,0.331
2020-01-25,0.325
2020-01-26,0.342
2020-01-27,0.366
2020-01-28,0.392
2020-01-29,0.392
2020-01-30,0.404
2020-01-31,0.393
2020-02-01,0.394
2020-02-02,0.392
2020-02-03,0.387
2020-02-04,0.379
2020-02-05,0.409
2020-02-06,0.414
2020-02-07,0.415
2020-02-08,0.421
2020-02-09,0.434
2020-02-10,0.416
2020-02-11,0.438
2020-02-12,0.442
2020-02-13,0.435
2020-02-14,0.441
2020-02-15,0.416
2020-02-16,0.418
2020-02-17,0.401
2020-02-18,0.43
2020-02-19,0.397
2020-02-20,0.396
2020-02-21,0.401
2020-02-22,0.399
2020-02-23,0.416
2020-02-24,0.397
2020-02-25,0.376
2020-02-26,0.338
2020-02-27,0.337
2020-02-28,0.335
2020-02-29,0.322
2020-03-01,0.319
2020-03-02,0.347
2020-03-03,0.336
2020-03-04,0.337
2020-03-05,0.359
2020-03-06,0.365
2020-03-07,0.347
2020-03-08,0.284
2020-03-09,0.266
2020-03-10,0.268
2020-03-11,0.273
2020-03-12,-0.14
2020-03-13,0.002
2020-03-14,-0.088
2020-03-15,-0.043
2020-03-16,-0.11
2020-03-17,-0.026
2020-03-18,-0.03
2020-03-19,0.104
2020-03-20,0.101
2020-03-21,0.102
2020-03-22,0.049
2020-03-23,0.145
2020-03-24,0.18
2020-03-25,0.17
2020-03-26,0.177
2020-03-27,0.144
2020-03-28,0.109
2020-03-29,0.061
2020-03-30,0.139
2020-03-31,0.139
2020-04-01,0.168
2020-04-02,0.186
2020-04-03,0.182
2020-04-04,0.194
2020-04-05,0.186
2020-04-06,0.242
2020-04-07,0.23
2020-04-08,0.249
2020-04-09,0.242
2020-04-10,0.196
2020-04-11,0.199
2020-04-12,0.21
2020-04-13,0.197
2020-04-14,0.198
2020-04-15,0.168
2020-04-16,0.227
2020-04-17,0.222
2020-04-18,0.241
2020-04-19,0.229
2020-04-20,0.196
2020-04-21,0.198
2020-04-22,0.227
2020-04-23,0.264
2020-04-24,0.265
2020-04-25,0.268
2020-04-26,0.282
2020-04-27,0.289
2020-04-28,0.288
2020-04-29,0.364
2020-04-30,0.354
2020-05-01,0.368
2020-05-02,0.376
2020-05-03,0.37
2020-05-04,0.368
2020-05-05,0.375
2020-05-06,0.392
2020-05-07,0.433
2020-05-08,0.424
2020-05-09,0.407
2020-05-10,0.348
2020-05-11,0.34
2020-05-12,0.356
2020-05-13,0.39
2020-05-14,0.419
2020-05-15,0.389
2020-05-16,0.394
2020-05-17,0.411
2020-05-18,0.413
2020-05-19,0.414
2020-05-20,0.399
2020-05-21,0.37
2020-05-22,0.376
2020-05-23,0.377
2020-05-24,0.351
2020-05-25,0.359
2020-05-26,0.353
2020-05-27,0.376
2020-05-28,0.402
2020-05-29,0.393
2020-05-30,0.409
2020-05-31,0.393
2020-06-01,0.436
2020-06-02,0.396
2020-06-03,0.404
2020-06-04,0.414
2020-06-05,0.403
2020-06-06,0.404
2020-06-07,0.409
2020-06-08,0.409
2020-06-09,0.41
2020-06-10,0.416
2020-06-11,0.378
2020-06-12,0.389
2020-06-13,0.389
2020-06-14,0.382
2020-06-15,0.388
2020-06-16,0.392
2020-06-17,0.388
2020-06-18,0.382
2020-06-19,0.376
2020-06-20,0.38
2020-06-21,0.375
2020-06-22,0.4
2020-06-23,0.396
2020-06-24,0.375
2020-06-25,0.372
2020-06-26,0.365
2020-06-27,0.354
2020-06-28,0.361
2020-06-29,0.366
2020-06-30,0.363
2020-07-01,0.37
2020-07-02,0.359
2020-07-03,0.357
2020-07-04,0.362
2020-07-05,0.358
2020-07-06,0.376
2020-07-07,0.37
2020-07-08,0.381
2020-07-09,0.367
2020-07-10,0.371
2020-07-11,0.368
2020-07-12,0.371
2020-07-13,0.367
2020-07-14,0.369
2020-07-15,0.364
2020-07-16,0.36
2020-07-17,0.361
2020-07-18,0.362
2020-07-19,0.365
2020-07-20,0.362
2020-07-21,0.376
2020-07-22,0.385
2020-07-23,0.39
2020-07-24,0.386
2020-07-25,0.395
2020-07-26,0.409
2020-07-27,0.466
2020-07-28,0.459
2020-07-29,0.467
2020-07-30,0.467
2020-07-31,0.475
2020-08-01,0.495
2020-08-02,0.462
2020-08-03,0.467
2020-08-04,0.465
2020-08-05,0.488
2020-08-06,0.488
2020-08-07,0.478
2020-08-08,0.484
2020-08-09,0.48
2020-08-10,0.488
2020-08-11,0.466
2020-08-12,0.474
2020-08-13,0.482
2020-08-14,0.481
2020-08-15,0.484
2020-08-16,0.486
2020-08-17,0.501
2020-08-18,0.487
2020-08-19,0.476
2020-08-20,0.481
2020-08-21,0.465
2020-08-22,0.472
2020-08-23,0.471
2020-08-24,0.475
2020-08-25,0.456
2020-08-26,0.461
2020-08-27,0.453
2020-08-28,0.463
2020-08-29,0.461
2020-08-30,0.47
2020-08-31,0.469
2020-09-01,0.48
2020-09-02,0.455
2020-09-03,0.395
2020-09-04,0.407
2020-09-05,0.387
2020-09-06,0.394
2020-09-07,0.401
2020-09-08,0.386
2020-09-09,0.393
2020-09-10,0.4
2020-09-11,0.403
2020-09-12,0.405
2020-09-13,0.399
2020-09-14,0.418
2020-09-15,0.424
2020-09-16,0.433
2020-09-17,0.431
2020-09-18,0.43
2020-09-19,0.437
2020-09-20,0.429
2020-09-21,0.404
2020-09-22,0.407
2020-09-23,0.39
2020-09-24,0.419
2020-09-25,0.415
2020-09-26,0.418
2020-09-27,0.419
2020-09-28,0.417
2020-09-29,0.422
2020-09-30,0.419
2020-10-01,0.41
2020-10-02,0.407
2020-10-03,0.407
2020-10-04,0.412
2020-10-05,0.418
2020-10-06,0.408
2020-10-07,0.412
2020-10-08,0.424
2020-10-09,0.432
2020-10-10,0.444
2020-10-11,0.447
2020-10-12,0.454
2020-10-13,0.449
2020-10-14,0.447
2020-10-15,0.451
2020-10-16,0.443
2020-10-17,0.444
2020-10-18,0.45
2020-10-19,0.46
2020-10-20,0.467
2020-10-21,0.503
2020-10-22,0.505
2020-10-23,0.502
2020-10-24,0.507
2020-10-25,0.504
2020-10-26,0.505
2020-10-27,0.525
2020-10-28,0.51
2020-10-29,0.515
2020-10-30,0.519
2020-10-31,0.526
2020-11-01,0.522
2020-11-02,0.516
2020-11-03,0.523
2020-11-04,0.526
2020-11-05,0.567
2020-11-06,0.565
2020-11-07,0.543
2020-11-08,0.559
2020-11-09,0.553
2020-11-10,0.552
2020-11-11,0.562
2020-11-12,0.576
2020-11-13,0.575
2020-11-14,0.569
2020-11-15,0.565
2020-11-16,0.583
2020-11-17,0.603
2020-11-18,0.602
2020-11-19,0.601
2020-11-20,0.615
2020-11-21,0.614
2020-11-22,0.608
2020-11-23,0.604
2020-11-24,0.618
2020-11-25,0.609
2020-11-26,0.57
2020-11-27,0.569
2020-11-28,0.584
2020-11-29,0.593
2020-11-30,0.621
2020-12-01,0.602
2020-12-02,0.608
2020-12-03,0.612
2020-12-04,0.596
2020-12-05,0.603
2020-12-06,0.607
2020-12-07,0.603
2020-12-08,0.584
2020-12-09,0.587
2020-12-10,0.58
2020-12-11,0.574
2020-12-12,0.59
2020-12-13,0.594
2020-12-14,0.596
2020-12-15,0.597
2020-12-16,0.63
2020-12-17,0.648
2020-12-18,0.646
2020-12-19,0.656
2020-12-20,0.649
2020-12-21,0.639
2020-12-22,0.647
2020-12-23,0.637
2020-12-24,0.639
2020-12-25,0.652
2020-12-26,0.674
2020-12-27,0.67
2020-12-28,0.67
2020-12-29,0.667
2020-12-30,0.682
2020-12-31,0.682
2021-01-01,0.682
2021-01-02,0.702
2021-01-03,0.709
2021-01-04,0.691
2021-01-05,0.707
2021-01-06,0.722
2021-01-07,0.733
2021-01-08,0.736
2021-01-09,0.729
2021-01-10,0.712
2021-01-11,0.685
2021-01-12,0.669
2021-01-13,0.699
2021-01-14,0.709
2021-01-15,0.689
2021-01-16,0.684
2021-01-17,0.682
2021-01-18,0.684
2021-01-19,0.68
2021-01-20,0.673
2021-01-21,0.626
2021-01-22,0.647
2021-01-23,0.636
2021-01-24,0.638
2021-01-25,0.64
2021-01-26,0.642
2021-01-27,0.613
2021-01-28,0.647
2021-01-29,0.652
2021-01-30,0.653
2021-01-31,0.639
2021-02-01,0.643
2021-02-02,0.661
2021-02-03,0.678
2021-02-04,0.672
2021-02-05,0.677
2021-02-06,0.686
2021-02-07,0.682
2021-02-08,0.727
2021-02-09,0.724
2021-02-10,0.712
2021-02-11,0.726
2021-02-12,0.721
2021-02-13,0.718
2021-02-14,0.726
2021-02-15,0.719
2021-02-16,0.723
2021-02-17,0.736
2021-02-18,0.73
2021-02-19,0.744
2021-02-20,0.742
2021-02-21,0.747
2021-02-22,0.729
2021-02-23,0.696
2021-02-24,0.7
2021-02-25,0.685
2021-02-26,0.674
2021-02-27,0.672
2021-02-28,0.668
2021-03-01,0.694
2021-03-02,0.685
2021-03-03,0.698
2021-03-04,0.684
2021-03-05,0.685
2021-03-06,0.685
2021-03-07,0.698
2021-03-08,0.702
2021-03-09,0.714
2021-03-10,0.719
2021-03-11,0.725
2021-03-12,0.72
2021-03-13,0.736
2021-03-14,0.729
2021-03-15,0.709
2021-03-16,0.71
2021-03-17,0.719
2021-03-18,0.713
2021-03-19,0.715
2021-03-20,0.714
2021-03-21,0.709
2021-03-22,0.692
2021-03-23,0.691
2021-03-24,0.678
2021-03-25,0.671
2021-03-26,0.688
2021-03-27,0.694
2021-03-28,0.692
2021-03-29,0.7
2021-03-30,0.704
2021-03-31,0.704
2021-04-01,0.702
2021-04-02,0.702
2021-04-03,0.692
2021-04-04,0.697
2021-04-05,0.699
2021-04-06,0.69
2021-04-07,0.68
2021-04-08,0.688
2021-04-09,0.688
2021-04-10,0.695
2021-04-11,0.696
2021-04-12,0.694
2021-04-13,0.709
2021-04-14,0.704
2021-04-15,0.704
2021-04-16,0.695
2021-04-17,0.688
2021-04-18,0.662
2021-04-19,0.658
2021-04-20,0.662
2021-04-21,0.646
2021-04-22,0.631
2021-04-23,0.624
2021-04-24,0.618
2021-04-25,0.608
2021-04-26,0.643
2021-04-27,0.648
2021-04-28,0.646
2021-04-29,0.637
2021-04-30,0.661
2021-05-01,0.661
2021-05-02,0.653
2021-05-03,0.656
2021-05-04,0.633
2021-05-05,0.655
2021-05-06,0.649
2021-05-07,0.652
2021-05-08,0.659
2021-05-09,0.656
2021-05-10,0.641
2021-05-11,0.644
2021-05-12,0.604
2021-05-13,0.592
2021-05-14,0.597
2021-05-15,0.572
2021-05-16,0.562
2021-05-17,0.538
2021-05-18,0.531
2021-05-19,0.471
2021-05-20,0.513
2021-05-21,0.466
2021-05-22,0.474
2021-05-23,0.432
2021-05-24,0.487
2021-05-25,0.483
2021-05-26,0.495
2021-05-27,0.486
2021-05-28,0.445
2021-05-29,0.431
2021-05-30,0.446
2021-05-31,0.471
2021-06-01,0.461
2021-06-02,0.475
2021-06-03,0.495
2021-06-04,0.464
2021-06-05,0.442
2021-06-06,0.448
2021-06-07,0.416
2021-06-08,0.413
2021-06-09,0.473
2021-06-10,0.466
2021-06-11,0.47
2021-06-12,0.448
2021-06-13,0.494
2021-06-14,0.512
2021-06-15,0.509
2021-06-16,0.484
2021-06-17,0.481
2021-06-18,0.471
2021-06-19,0.446
2021-06-20,0.434
2021-06-21,0.398
2021-06-22,0.404
2021-06-23,0.416
2021-06-24,0.438
2021-06-25,0.398
2021-06-26,0.381
2021-06-27,0.405
2021-06-28,0.435
2021-06-29,0.463
2021-06-30,0.439
2021-07-01,0.42
2021-07-02,0.427
2021-07-03,0.443
2021-07-04,0.452
2021-07-05,0.429
2021-07-06,0.43
2021-07-07,0.442
2021-07-08,0.411
2021-07-09,0.43
2021-07-10,0.42
2021-07-11,0.429
2021-07-12,0.411
2021-07-13,0.408
2021-07-14,0.411
2021-07-15,0.392
2021-07-16,0.387
2021-07-17,0.387
2021-07-18,0.389
2021-07-19,0.372
2021-07-20,0.353
2021-07-21,0.393
2021-07-22,0.401
2021-07-23,0.423
2021-07-24,0.435
2021-07-25,0.45
2021-07-26,0.482
2021-07-27,0.486
2021-07-28,0.509
2021-07-29,0.5
2021-07-30,0.513
2021-07-31,0.523
2021-08-01,0.518
2021-08-02,0.493
2021-08-03,0.48
2021-08-04,0.498
2021-08-05,0.512
2021-08-06,0.532
2021-08-07,0.545
2021-08-08,0.543
2021-08-09,0.566
2021-08-10,0.558
2021-08-11,0.559
2021-08-12,0.546
2021-08-13,0.577
2021-08-14,0.566
2021-08-15,0.567
2021-08-16,0.56
2021-08-17,0.55
2021-08-18,0.545
2021-08-19,0.563
2021-08-20,0.581
2021-08-21,0.584
2021-08-22,0.578
2021-08-23,0.586
2021-08-24,0.576
2021-08-25,0.578
2021-08-26,0.562
2021-08-27,0.578
2021-08-28,0.576
2021-08-29,0.577
2021-08-30,0.575
2021-08-31,0.559
2021-09-01,0.57
2021-09-02,0.58
2021-09-03,0.582
2021-09-04,0.583
2021-09-05,0.596
2021-09-06,0.603
2021-09-07,0.554
2021-09-08,0.548
2021-09-09,0.548
2021-09-10,0.537
2021-09-11,0.537
2021-09-12,0.547
2021-09-13,0.535
2021-09-14,0.553
2021-09-15,0.564
2021-09-16,0.554
2021-09-17,0.553
2021-09-18,0.562
2021-09-19,0.558
2021-09-20,0.518
2021-09-21,0.483
2021-09-22,0.517
2021-09-23,0.53
2021-09-24,0.512
2021-09-25,0.508
2021-09-26,0.51
2021-09-27,0.505
2021-09-28,0.495
2021-09-29,0.49
2021-09-30,0.517
2021-10-01,0.559
2021-10-02,0.557
2021-10-03,0.561
2021-10-04,0.568
2021-10-05,0.585
2021-10-06,0.608
2021-10-07,0.598
2021-10-08,0.599
2021-10-09,0.603
2021-10-10,0.608
2021-10-11,0.621
2021-10-12,0.612
2021-10-13,0.618
2021-10-14,0.617
2021-10-15,0.641
2021-10-16,0.637
2021-10-17,0.64
2021-10-18,0.64
2021-10-19,0.651
2021-10-20,0.658
2021-10-21,0.637
2021-10-22,0.627
2021-10-23,0.63
2021-10-24,0.627
2021-10-25,0.638
2021-10-26,0.622
2021-10-27,0.61
2021-10-28,0.622
2021-10-29,0.631
2021-10-30,0.628
2021-10-31,0.624
2021-11-01,0.621
2021-11-02,0.63
2021-11-03,0.629
2021-11-04,0.619
2021-11-05,0.616
2021-11-06,0.618
2021-11-07,0.627
2021-11-08,0.65
2021-11-09,0.646
2021-11-10,0.632
2021-11-11,0.633
2021-11-12,0.623
2021-11-13,0.624
2021-11-14,0.628
2021-11-15,0.619
2021-11-16,0.597
2021-11-17,0.595
2021-11-18,0.572
2021-11-19,0.581
2021-11-20,0.593
2021-11-21,0.588
2021-11-22,0.569
2021-11-23,0.578
2021-11-24,0.574
2021-11-25,0.584
2021-11-26,0.545
2021-11-27,0.552
2021-11-28,0.572
2021-11-29,0.576
2021-11-30,0.57
2021-12-01,0.57
2021-12-02,0.565
2021-12-03,0.542
2021-12-04,0.502
2021-12-05,0.504
2021-12-06,0.516
2021-12-07,0.516
2021-12-08,0.515
2021-12-09,0.49
2021-12-10,0.485
2021-12-11,0.504
2021-12-12,0.512
2021-12-13,0.478
2021-12-14,0.494
2021-12-15,0.499
2021-12-16,0.487
2021-12-17,0.473
2021-12-18,0.479
2021-12-19,0.479
2021-12-20,0.48
2021-12-21,0.502
2021-12-22,0.498
2021-12-23,0.517
2021-12-24,0.517
2021-12-25,0.516
2021-12-26,0.517
2021-12-27,0.517
2021-12-28,0.486
2021-12-29,0.473
2021-12-30,0.48
2021-12-31,0.472
2022-01-01,0.485
2022-01-02,0.483
2022-01-03,0.473
2022-01-04,0.467
2022-01-05,0.439
2022-01-06,0.434
2022-01-07,0.413
2022-01-08,0.418
2022-01-09,0.419
2022-01-10,0.418
2022-01-11,0.431
2022-01-12,0.446
2022-01-13,0.429
2022-01-14,0.436
2022-01-15,0.437
2022-01-16,0.436
2022-01-17,0.424
2022-01-18,0.427
2022-01-19,0.419
2022-01-20,0.405
2022-01-21,0.34
2022-01-22,0.313
2022-01-23,0.337
2022-01-24,0.345
2022-01-25,0.35
2022-01-26,0.348
2022-01-27,0.352
2022-01-28,0.366
2022-01-29,0.372
2022-01-30,0.371
2022-01-31,0.379
2022-02-01,0.381
2022-02-02,0.35
2022-02-03,0.353
2022-02-04,0.415
2022-02-05,0.421
2022-02-06,0.432
2022-02-07,0.451
2022-02-08,0.454
2022-02-09,0.456
2022-02-10,0.446
2022-02-11,0.43
2022-02-12,0.427
2022-02-13,0.428
2022-02-14,0.434
2022-02-15,0.456
2022-02-16,0.451
2022-02-17,0.405
2022-02-18,0.397
2022-02-19,0.398
2022-02-20,0.374
2022-02-21,0.35
2022-02-22,0.369
2022-02-23,0.354
2022-02-24,0.371
2022-02-25,0.387
2022-02-26,0.383
2022-02-27,0.361
2022-02-28,0.44
2022-03-01,0.454
2022-03-02,0.449
2022-03-03,0.43
2022-03-04,0.382
2022-03-05,0.386
2022-03-06,0.37
2022-03-07,0.367
2022-03-08,0.376
2022-03-09,0.424
2022-03-10,0.387
2022-03-11,0.377
2022-03-12,0.379
2022-03-13,0.36
2022-03-14,0.39
2022-03-15,0.386
2022-03-16,0.411
2022-03-17,0.409
2022-03-18,0.421
2022-03-19,0.426
2022-03-20,0.414
2022-03-21,0.41
2022-03-22,0.428
2022-03-23,0.432
2022-03-24,0.448
2022-03-25,0.45
2022-03-26,0.452
2022-03-27,0.477
2022-03-28,0.481
2022-03-29,0.482
2022-03-30,0.478
2022-03-31,0.461
2022-04-01,0.468
2022-04-02,0.465
2022-04-03,0.47
2022-04-04,0.472
2022-04-05,0.461
2022-04-06,0.432
2022-04-07,0.436
2022-04-08,0.418
2022-04-09,0.424
2022-04-10,0.419
2022-04-11,0.38
2022-04-12,0.388
2022-04-13,0.403
2022-04-14,0.384
2022-04-15,0.393
2022-04-16,0.392
2022-04-17,0.381
2022-04-18,0.398
2022-04-19,0.407
2022-04-20,0.406
2022-04-21,0.391
2022-04-22,0.381
2022-04-23,0.378
2022-04-24,0.377
2022-04-25,0.392
2022-04-26,0.355
2022-04-27,0.374
2022-04-28,0.382
2022-04-29,0.364
2022-04-30,0.35
2022-05-01,0.362
2022-05-02,0.365
2022-05-03,0.351
2022-05-04,0.382
2022-05-05,0.33
2022-05-06,0.322
2022-05-07,0.313
2022-05-08,0.284
2022-05-09,0.205
2022-05-10,0.22
2022-05-11,0.166
2022-05-12,0.175
2022-05-13,0.183
2022-05-14,0.203
2022-05-15,0.232
2022-05-16,0.199
2022-05-17,0.214
2022-05-18,0.17
2022-05-19,0.212
2022-05-20,0.185
2022-05-21,0.19
2022-05-22,0.215
2022-05-23,0.182
2022-05-24,0.198
2022-05-25,0.196
2022-05-26,0.19
2022-05-27,0.171
2022-05-28,0.184
2022-05-29,0.191
2022-05-30,0.252
2022-05-31,0.254
2022-06-01,0.205
2022-06-02,0.224
2022-06-03,0.203
2022-06-04,0.208
2022-06-05,0.211
2022-06-06,0.247
2022-06-07,0.244
2022-06-08,0.221
2022-06-09,0.218
2022-06-10,0.192
2022-06-11,0.172
2022-06-12,0.126
2022-06-13,-0.039
2022-06-14,-0.043
2022-06-15,-0.018
2022-06-16,-0.124
2022-06-17,-0.111
2022-06-18,-0.191
2022-06-19,-0.105
2022-06-20,-0.1
2022-06-21,-0.092
2022-06-22,-0.127
2022-06-23,-0.068
2022-06-24,-0.057
2022-06-25,-0.049
2022-06-26,-0.068
2022-06-27,-0.083
2022-06-28,-0.108
2022-06-29,-0.117
2022-06-30,-0.156
2022-07-01,-0.154
2022-07-02,-0.16
2022-07-03,-0.156
2022-07-04,-0.102
2022-07-05,-0.103
2022-07-06,-0.082
2022-07-07,-0.027
2022-07-08,-0.019
2022-07-09,-0.028
2022-07-10,-0.065
2022-07-11,-0.107
2022-07-12,-0.142
2022-07-13,-0.096
2022-07-14,-0.074
2022-07-15,-0.056
2022-07-16,-0.037
2022-07-17,-0.038
2022-07-18,0.011
2022-07-19,0.06
2022-07-20,0.056
2022-07-21,0.053
2022-07-22,0.036
2022-07-23,0.027
2022-07-24,0.034
2022-07-25,-0.016
2022-07-26,-0.03
2022-07-27,0.046
2022-07-28,0.083
2022-07-29,0.088
2022-07-30,0.075
2022-07-31,0.065
2022-08-01,0.064
2022-08-02,0.052
2022-08-03,0.064
2022-08-04,0.036
2022-08-05,0.062
2022-08-06,0.052
2022-08-07,0.058
2022-08-08,0.084
2022-08-09,0.06
2022-08-10,0.089
2022-08-11,0.089
2022-08-12,0.106
2022-08-13,0.107
2022-08-14,0.103
2022-08-15,0.095
2022-08-16,0.087
2022-08-17,0.067
2022-08-18,0.062
2022-08-19,-0.039
2022-08-20,-0.027
2022-08-21,-0.008
2022-08-22,-0.019
2022-08-23,-0.008
2022-08-24,-0.012
2022-08-25,-0.004
2022-08-26,-0.07
2022-08-27,-0.08
2022-08-28,-0.1
2022-08-29,-0.068
2022-08-30,-0.091
2022-08-31,-0.079
2022-09-01,-0.074
2022-09-02,-0.082
2022-09-03,-0.09
2022-09-04,-0.081
2022-09-05,-0.09
2022-09-06,-0.143
2022-09-07,-0.116
2022-09-08,-0.114
2022-09-09,-0.008
2022-09-10,0.008
2022-09-11,0.009
2022-09-12,0.037
2022-09-13,-0.064
2022-09-14,-0.059
2022-09-15,-0.087
2022-09-16,-0.084
2022-09-17,-0.064
2022-09-18,-0.101
2022-09-19,-0.093
2022-09-20,-0.132
2022-09-21,-0.153
2022-09-22,-0.1
2022-09-23,-0.104
2022-09-24,-0.127
2022-09-25,-0.135
2022-09-26,-0.111
2022-09-27,-0.115
2022-09-28,-0.095
2022-09-29,-0.09
2022-09-30,-0.095
2022-10-01,-0.101
2022-10-02,-0.118
2022-10-03,-0.083
2022-10-04,-0.045
2022-10-05,-0.055
2022-10-06,-0.065
2022-10-07,-0.087
2022-10-08,-0.093
2022-10-09,-0.093
2022-10-10,-0.108
2022-10-11,-0.114
2022-10-12,-0.106
2022-10-13,-0.092
2022-10-14,-0.104
2022-10-15,-0.11
2022-10-16,-0.099
2022-10-17,-0.082
2022-10-18,-0.094
2022-10-19,-0.105
2022-10-20,-0.111
2022-10-21,-0.102
2022-10-22,-0.1
2022-10-23,-0.08
2022-10-24,-0.092
2022-10-25,-0.051
2022-10-26,-0.016
2022-10-27,-0.042
2022-10-28,-0.026
2022-10-29,-0.016
2022-10-30,-0.025
2022-10-31,-0.031
2022-11-01,-0.031
2022-11-02,-0.048
2022-11-03,-0.045
2022-11-04,0.001
2022-11-05,0.007
2022-11-06,-0.009
2022-11-07,-0.024
2022-11-08,-0.135
2022-11-09,-0.326
2022-11-10,-0.191
2022-11-11,-0.232
2022-11-12,-0.24
2022-11-13,-0.273
2022-11-14,-0.248
2022-11-15,-0.229
2022-11-16,-0.241
2022-11-17,-0.234
2022-11-18,-0.222
2022-11-19,-0.219
2022-11-20,-0.251
2022-11-21,-0.286
2022-11-22,-0.253
2022-11-23,-0.223
2022-11-24,-0.222
2022-11-25,-0.226
2022-11-26,-0.23
2022-11-27,-0.238
2022-11-28,-0.246
2022-11-29,-0.228
2022-11-30,-0.175
2022-12-01,-0.19
2022-12-02,-0.181
2022-12-03,-0.193
2022-12-04,-0.177
2022-12-05,-0.184
2022-12-06,-0.176
2022-12-07,-0.191
2022-12-08,-0.164
2022-12-09,-0.17
2022-12-10,-0.17
2022-12-11,-0.172
2022-12-12,-0.165
2022-12-13,-0.126
2022-12-14,-0.123
2022-12-15,-0.153
2022-12-16,-0.203
2022-12-17,-0.191
2022-12-18,-0.191
2022-12-19,-0.214
2022-12-20,-0.18
2022-12-21,-0.186
2022-12-22,-0.185
2022-12-23,-0.186
2022-12-24,-0.182
2022-12-25,-0.182
2022-12-26,-0.178
2022-12-27,-0.191
2022-12-28,-0.2
2022-12-29,-0.193
2022-12-30,-0.195
2022-12-31,-0.197
2023-01-01,-0.191
2023-01-02,-0.185
2023-01-03,-0.186
2023-01-04,-0.173
2023-01-05,-0.174
2023-01-06,-0.164
2023-01-07,-0.16
2023-01-08,-0.157
2023-01-09,-0.148
2023-01-10,-0.131
2023-01-11,-0.105
2023-01-12,-0.045
2023-01-13,0.007
2023-01-14,0.06
2023-01-15,0.054
2023-01-16,0.067
2023-01-17,0.066
2023-01-18,0.046
2023-01-19,0.062
2023-01-20,0.127
2023-01-21,0.128
2023-01-22,0.128
2023-01-23,0.126
2023-01-24,0.124
2023-01-25,0.142
2023-01-26,0.139
2023-01-27,0.142
2023-01-28,0.14
2023-01-29,0.167
2023-01-30,0.132
2023-01-31,0.144
2023-02-01,0.164
2023-02-02,0.156
2023-02-03,0.154
2023-02-04,0.15
2023-02-05,0.135
2023-02-06,0.127
2023-02-07,0.146
2023-02-08,0.134
2023-02-09,0.09
2023-02-10,0.082
2023-02-11,0.092
2023-02-12,0.089
2023-02-13,0.09
2023-02-14,0.107
2023-02-15,0.183
2023-02-16,0.163
2023-02-17,0.192
2023-02-18,0.193
2023-02-19,0.184
2023-02-20,0.198
2023-02-21,0.185
2023-02-22,0.177
2023-02-23,0.168
2023-02-24,0.142
2023-02-25,0.149
2023-02-26,0.155
2023-02-27,0.148
2023-02-28,0.142
2023-03-01,0.159
2023-03-02,0.154
2023-03-03,0.112
2023-03-04,0.111
2023-03-05,0.115
2023-03-06,0.115
2023-03-07,0.109
2023-03-08,0.09
2023-03-09,0.03
2023-03-10,0.061
2023-03-11,0.092
2023-03-12,0.122
2023-03-13,0.153
2023-03-14,0.184
2023-03-15,0.215
2023-03-16,0.246
2023-03-17,0.276
2023-03-18,0.264
2023-03-19,0.294
2023-03-20,0.285
2023-03-21,0.293
2023-03-22,0.271
2023-03-23,0.297
2023-03-24,0.273
2023-03-25,0.27
2023-03-26,0.266
2023-03-27,0.263
2023-03-28,0.266
2023-03-29,0.294
2023-03-30,0.296
2023-03-31,0.307
2023-04-01,0.307
2023-04-02,0.298
2023-04-03,0.29
2023-04-04,0.297
2023-04-05,0.295
2023-04-06,0.293
2023-04-07,0.292
2023-04-08,0.292
2023-04-09,0.309
2023-04-10,0.327
2023-04-11,0.344
2023-04-12,0.345
2023-04-13,0.346
2023-04-14,0.347
2023-04-15,0.339
2023-04-16,0.331
2023-04-17,0.324
2023-04-18,0.316
2023-04-19,0.308
2023-04-20,0.289
2023-04-21,0.27
2023-04-22,0.284
2023-04-23,0.278
2023-04-24,0.287
2023-04-25,0.296
2023-04-26,0.298
2023-04-27,0.323
2023-04-28,0.32
2023-04-29,0.317
2023-04-30,0.32
2023-05-01,0.29
2023-05-02,0.304
2023-05-03,0.311
2023-05-04,0.317
2023-05-05,0.323
2023-05-06,0.307
2023-05-07,0.29
2023-05-08,0.274
2023-05-09,0.272
2023-05-10,0.272
2023-05-11,0.255
2023-05-12,0.249
2023-05-13,0.251
2023-05-14,0.253
2023-05-15,0.261
2023-05-16,0.255
2023-05-17,0.252
2023-05-18,0.25
2023-05-19,0.251
2023-05-20,0.257
2023-05-21,0.248
2023-05-22,0.249
2023-05-23,0.259
2023-05-24,0.234
2023-05-25,0.238
2023-05-26,0.245
2023-05-27,0.248
2023-05-28,0.281
2023-05-29,0.273
2023-05-30,0.271
2023-05-31,0.258
2023-06-01,0.247
2023-06-02,0.258
2023-06-03,0.257
2023-06-04,0.256
2023-06-05,0.217
2023-06-06,0.257
2023-06-07,0.233
2023-06-08,0.238
2023-06-09,0.236
2023-06-10,0.219
2023-06-11,0.22
2023-06-12,0.22
2023-06-13,0.22
2023-06-14,0.195
2023-06-15,0.21
2023-06-16,0.233
2023-06-17,0.238
2023-06-18,0.233
2023-06-19,0.246
2023-06-20,0.286
2023-06-21,0.305
2023-06-22,0.324
2023-06-23,0.338
2023-06-24,0.336
2023-06-25,0.334
2023-06-26,0.329
2023-06-27,0.327
2023-06-28,0.324
2023-06-29,0.332
2023-06-30,0.332
2023-07-01,0.333
2023-07-02,0.334
2023-07-03,0.345
2023-07-04,0.337
2023-07-05,0.331
2023-07-06,0.32
2023-07-07,0.328
2023-07-08,0.326
2023-07-09,0.324
2023-07-10,0.329
2023-07-11,0.333
2023-07-12,0.328
2023-07-13,0.35
2023-07-14,0.326
2023-07-15,0.325
2023-07-16,0.324
2023-07-17,0.322
2023-07-18,0.315
2023-07-19,0.314
2023-07-20,0.314
2023-07-21,0.317
2023-07-22,0.314
2023-07-23,0.312
2023-07-24,0.309
2023-07-25,0.306
2023-07-26,0.304
2023-07-27,0.3
2023-07-28,0.306
2023-07-29,0.307
2023-07-30,0.305
2023-07-31,0.304
2023-08-01,0.303
2023-08-02,0.302
2023-08-03,0.301
2023-08-04,0.3
2023-08-05,0.3
2023-08-06,0.3
2023-08-07,0.302
2023-08-08,0.317
2023-08-09,0.312
2023-08-10,0.308
2023-08-11,0.308
2023-08-12,0.308
2023-08-13,0.305
2023-08-14,0.308
2023-08-15,0.302
2023-08-16,0.292
2023-08-17,0.236
2023-08-18,0.219
2023-08-19,0.221
2023-08-20,0.221
2023-08-21,0.221
2023-08-22,0.221
2023-08-23,0.221
2023-08-24,0.221
2023-08-25,0.221
2023-08-26,0.22
2023-08-27,0.222
2023-08-28,0.223
2023-08-29,0.267
2023-08-30,0.257
2023-08-31,0.219
2023-09-01,0.214
2023-09-02,0.216
2023-09-03,0.219
2023-09-04,0.214
2023-09-05,0.214
2023-09-06,0.213
2023-09-07,0.227
2023-09-08,0.218
2023-09-09,0.218
2023-09-10,0.206
2023-09-11,0.195
2023-09-12,0.217
2023-09-13,0.228
2023-09-14,0.238
2023-09-15,0.241
2023-09-16,0.237
2023-09-17,0.236
2023-09-18,0.234
2023-09-19,0.255
2023-09-20,0.253
2023-09-21,0.237
2023-09-22,0.237
2023-09-23,0.237
2023-09-24,0.229
2023-09-25,0.228
2023-09-26,0.226
2023-09-27,0.23
2023-09-28,0.25
2023-09-29,0.247
2023-09-30,0.248
2023-10-01,0.274
2023-10-02,0.264
2023-10-03,0.261
2023-10-04,0.27
2023-10-05,0.26
2023-10-06,0.273
2023-10-07,0.274
2023-10-08,0.273
2023-10-09,0.264
2023-10-10,0.259
2023-10-11,0.243
2023-10-12,0.24
2023-10-13,0.243
2023-10-14,0.243
2023-10-15,0.251
2023-10-16,0.286
2023-10-17,0.284
2023-10-18,0.282
2023-10-19,0.291
2023-10-20,0.305
2023-10-21,0.319
2023-10-22,0.321
2023-10-23,0.38
2023-10-24,0.396
2023-10-25,0.405
2023-10-26,0.399
2023-10-27,0.394
2023-10-28,0.397
2023-10-29,0.405
2023-10-30,0.403
2023-10-31,0.405
2023-11-01,0.417
2023-11-02,0.407
2023-11-03,0.404
2023-11-04,0.41
2023-11-05,0.409
2023-11-06,0.408
2023-11-07,0.414
2023-11-08,0.42
2023-11-09,0.432
2023-11-10,0.442
2023-11-11,0.436
2023-11-12,0.437
2023-11-13,0.429
2023-11-14,0.414
2023-11-15,0.448
2023-11-16,0.422
2023-11-17,0.428
2023-11-18,0.428
2023-11-19,0.435
2023-11-20,0.441
2023-11-21,0.418
2023-11-22,0.427
2023-11-23,0.437
2023-11-24,0.442
2023-11-25,0.444
2023-11-26,0.439
2023-11-27,0.435
2023-11-28,0.439
2023-11-29,0.443
2023-11-30,0.441
2023-12-01,0.454
2023-12-02,0.462
2023-12-03,0.471
2023-12-04,0.494
2023-12-05,0.517
2023-12-06,0.512
2023-12-07,0.506
2023-12-08,0.508
2023-12-09,0.51
2023-12-10,0.51
2023-12-11,0.479
2023-12-12,0.481
2023-12-13,0.499
2023-12-14,0.499
2023-12-15,0.486
2023-12-16,0.488
2023-12-17,0.479
2023-12-18,0.493
2023-12-19,0.488
2023-12-20,0.503
2023-12-21,0.505
2023-12-22,0.506
2023-12-23,0.503
2023-12-24,0.495
2023-12-25,0.5
2023-12-26,0.487
2023-12-27,0.496
2023-12-28,0.487
2023-12-29,0.478
2023-12-30,0.48
2023-12-31,0.48
2024-01-01,0.501
2024-01-02,0.51
2024-01-03,0.485
2024-01-04,0.498
2024-01-05,0.496
2024-01-06,0.493
2024-01-07,0.492
2024-01-08,0.525
2024-01-09,0.515
2024-01-10,0.522
2024-01-11,0.516
2024-01-12,0.476
2024-01-13,0.477
2024-01-14,0.465
2024-01-15,0.472
2024-01-16,0.478
2024-01-17,0.472
2024-01-18,0.452
2024-01-19,0.457
2024-01-20,0.457
2024-01-21,0.456
2024-01-22,0.429
2024-01-23,0.431
2024-01-24,0.435
2024-01-25,0.432
2024-01-26,0.458
2024-01-27,0.461
2024-01-28,0.459
2024-01-29,0.474
2024-01-30,0.469
2024-01-31,0.464
2024-02-01,0.469
2024-02-02,0.47
2024-02-03,0.468
2024-02-04,0.463
2024-02-05,0.463
2024-02-06,0.469
2024-02-07,0.482
2024-02-08,0.494
2024-02-09,0.512
2024-02-10,0.518
2024-02-11,0.522
2024-02-12,0.538
2024-02-13,0.534
2024-02-14,0.551
2024-02-15,0.549
2024-02-16,0.55
2024-02-17,0.548
2024-02-18,0.548
2024-02-19,0.55
2024-02-20,0.546
2024-02-21,0.55
2024-02-22,0.546
2024-02-23,0.535
2024-02-24,0.535
2024-02-25,0.542
2024-02-26,0.542
2024-02-27,0.563
2024-02-28,0.577
2024-02-29,0.609
2024-03-01,0.599
2024-03-02,0.606
2024-03-03,0.61
2024-03-04,0.609
2024-03-05,0.61
2024-03-06,0.604
2024-03-07,0.62
2024-03-08,0.617
2024-03-09,0.624
2024-03-10,0.624
2024-03-11,0.64
2024-03-12,0.637
2024-03-13,0.636
2024-03-14,0.634
2024-03-15,0.626
2024-03-16,0.615
2024-03-17,0.607
2024-03-18,0.606
2024-03-19,0.603
2024-03-20,0.604
2024-03-21,0.602
2024-03-22,0.587
2024-03-23,0.576
2024-03-24,0.593
2024-03-25,0.589
2024-03-26,0.603
2024-03-27,0.604
2024-03-28,0.599
2024-03-29,0.606
2024-03-30,0.599
2024-03-31,0.599
2024-04-01,0.606
2024-04-02,0.595
2024-04-03,0.573
2024-04-04,0.584
2024-04-05,0.584
2024-04-06,0.583
2024-04-07,0.59
2024-04-08,0.591
2024-04-09,0.603
2024-04-10,0.589
2024-04-11,0.596
2024-04-12,0.593
2024-04-13,0.577
2024-04-14,0.561
2024-04-15,0.566
2024-04-16,0.55
2024-04-17,0.553
2024-04-18,0.534
2024-04-19,0.549
2024-04-20,0.552
2024-04-21,0.56
2024-04-22,0.559
2024-04-23,0.571
2024-04-24,0.551
2024-04-25,0.552
2024-04-26,0.554
2024-04-27,0.548
2024-04-29,0.548
2024-04-30,0.547
2024-05-01,0.525
2024-05-02,0.506
2024-05-03,0.512
2024-05-04,0.541
2024-05-05,0.549
2024-05-06,0.549
2024-05-07,0.542
2024-05-08,0.536
2024-05-09,0.527
2024-05-10,0.54
2024-05-11,0.524
2024-05-12,0.524
2024-05-13,0.529
2024-05-14,0.529
2024-05-15,0.528
2024-05-16,0.553
2024-05-17,0.56
2024-05-18,0.564
2024-05-19,0.564
2024-05-20,0.558
2024-05-21,0.586
2024-05-22,0.574
2024-05-23,0.566
2024-05-24,0.567
2024-05-25,0.571
2024-05-26,0.575
2024-05-27,0.569
2024-05-28,0.567
2024-05-29,0.56
2024-05-30,0.555
2024-05-31,0.56
2024-06-01,0.555
2024-06-02,0.556
2024-06-03,0.554
2024-06-04,0.561
2024-06-05,0.571
2024-06-06,0.573
2024-06-07,0.556
2024-06-08,0.562
2024-06-09,0.562
2024-06-10,0.564
2024-06-11,0.562
2024-06-12,0.553
2024-06-13,0.553
2024-06-14,0.538
2024-06-15,0.539
2024-06-16,0.542
2024-06-17,0.542
2024-06-18,0.541
2024-06-19,0.529
2024-06-20,0.514
2024-06-21,0.523
2024-06-22,0.521
2024-06-23,0.523
2024-06-24,0.519
2024-06-25,0.49
2024-06-26,0.505
2024-06-27,0.501
2024-06-28,0.501
2024-06-29,0.496
2024-06-30,0.497
2024-07-01,0.504
2024-07-02,0.512
2024-07-03,0.503
2024-07-04,0.489
2024-07-05,0.474
2024-07-06,0.429
2024-07-07,0.468
2024-07-08,0.457
2024-07-09,0.456
2024-07-10,0.467
2024-07-11,0.464
2024-07-12,0.464
2024-07-13,0.465
2024-07-14,0.474
2024-07-15,0.495
2024-07-16,0.504
2024-07-17,0.519
2024-07-18,0.518
2024-07-19,0.513
2024-07-20,0.535
2024-07-21,0.536
2024-07-22,0.543
2024-07-23,0.539
2024-07-24,0.525
2024-07-25,0.524
2024-07-26,0.525
2024-07-27,0.539
2024-07-28,0.544
2024-07-29,0.538
2024-07-30,0.535
2024-07-31,0.526
2024-08-01,0.516
2024-08-02,0.516
2024-08-03,0.494
2024-08-04,0.482
2024-08-05,0.465
2024-08-06,0.425
2024-08-07,0.445
2024-08-08,0.435
2024-08-09,0.485
2024-08-10,0.483
2024-08-11,0.485
2024-08-12,0.468
2024-08-13,0.468
2024-08-14,0.485
2024-08-15,0.467
2024-08-16,0.454
2024-08-17,0.469
2024-08-18,0.47
2024-08-19,0.472
2024-08-20,0.468
2024-08-21,0.471
2024-08-22,0.487
2024-08-23,0.48
2024-08-24,0.511
2024-08-25,0.506
2024-08-26,0.511
2024-08-27,0.501
2024-08-28,0.478
2024-08-29,0.467
2024-08-30,0.469
2024-08-31,0.467
2024-09-01,0.466
2024-09-02,0.461
2024-09-03,0.453
2024-09-04,0.457
2024-09-05,0.439
2024-09-06,0.44
2024-09-07,0.414
2024-09-08,0.417
2024-09-09,0.422
2024-09-10,0.453
2024-09-11,0.453
2024-09-12,0.45
2024-09-13,0.456
2024-09-14,0.476
2024-09-15,0.474
2024-09-16,0.47
2024-09-17,0.456
2024-09-18,0.476
2024-09-19,0.474
2024-09-20,0.495
2024-09-21,0.497
2024-09-22,0.497
2024-09-23,0.494
2024-09-24,0.498
2024-09-25,0.503
2024-09-26,0.498
2024-09-27,0.509
2024-09-28,0.515
2024-09-29,0.514
2024-09-30,0.515
2024-10-01,0.499
2024-10-02,0.478
2024-10-03,0.436
2024-10-04,0.474
2024-10-05,0.487
2024-10-06,0.484
2024-10-07,0.487
2024-10-08,0.491
2024-10-09,0.483
2024-10-10,0.47
2024-10-11,0.437
2024-10-12,0.485
2024-10-13,0.488
2024-10-14,0.485
2024-10-15,0.507
2024-10-16,0.511
2024-10-17,0.518
2024-10-18,0.514
2024-10-19,0.523
2024-10-20,0.521
2024-10-21,0.524
2024-10-22,0.516
2024-10-23,0.514
2024-10-24,0.506
2024-10-25,0.519
2024-10-26,0.511
2024-10-27,0.51
2024-10-28,0.517
2024-10-29,0.528
2024-10-30,0.545
2024-10-31,0.542
2024-11-01,0.53
2024-11-02,0.522
2024-11-03,0.518
2024-11-04,0.517
2024-11-05,0.511
2024-11-06,0.52
2024-11-07,0.558
2024-11-08,0.557
2024-11-09,0.56
2024-11-10,0.56
2024-11-11,0.578
2024-11-12,0.612
2024-11-13,0.61
2024-11-14,0.613
2024-11-15,0.618
2024-11-16,0.617
2024-11-17,0.611
2024-11-18,0.608
2024-11-19,0.613
2024-11-20,0.613
2024-11-21,0.617
2024-11-22,0.593
2024-11-23,0.63
2024-11-24,0.626
2024-11-25,0.626
2024-11-26,0.61
2024-11-27,0.599
2024-11-28,0.616
2024-11-29,0.613
2024-11-30,0.619
2024-12-01,0.615
2024-12-02,0.619
2024-12-03,0.608
2024-12-04,0.61
2024-12-05,0.613
2024-12-06,0.604
2024-12-07,0.598
2024-12-08,0.616
2024-12-09,0.583
2024-12-10,0.597
2024-12-11,0.6
2024-12-12,0.599
2024-12-13,0.611
2024-12-14,0.614
2024-12-15,0.613
2024-12-16,0.619
2024-12-17,0.626
2024-12-18,0.625
2024-12-19,0.605
2024-12-20,0.593
2024-12-21,0.589
2024-12-22,0.587
2024-12-23,0.575
2024-12-24,0.574
2024-12-25,0.589
2024-12-26,0.567
2024-12-27,0.573
2024-12-28,0.569
2024-12-29,0.572
2024-12-30,0.562
2024-12-31,0.558
2025-01-01,0.561
2025-01-02,0.567
2025-01-03,0.576
2025-01-04,0.566
2025-01-05,0.581
2025-01-06,0.582
2025-01-07,0.595
2025-01-08,0.574
2025-01-09,0.565
2025-01-10,0.552
2025-01-11,0.552
2025-01-12,0.563
2025-01-13,0.56
2025-01-14,0.56
2025-01-15,0.57
2025-01-16,0.582
2025-01-17,0.574
2025-01-18,0.599
2025-01-19,0.585
2025-01-20,0.591
2025-01-21,0.593
2025-01-22,0.602
2025-01-23,0.591
2025-01-24,0.591
2025-01-25,0.595
2025-01-26,0.595
2025-01-27,0.592
2025-01-28,0.564
2025-01-29,0.578
2025-01-30,0.588
2025-01-31,0.593
2025-02-01,0.582
2025-02-02,0.575
2025-02-03,0.561
2025-02-04,0.577
2025-02-05,0.56
2025-02-06,0.554
2025-02-07,0.555
2025-02-08,0.551
2025-02-09,0.553
2025-02-10,0.549
2025-02-11,0.556
2025-02-12,0.548
2025-02-13,0.558
2025-02-14,0.551
2025-02-15,0.554
2025-02-16,0.556
2025-02-17,0.552
2025-02-18,0.548
2025-02-19,0.546
2025-02-20,0.551
2025-02-21,0.558
2025-02-22,0.547
2025-02-23,0.551
2025-02-24,0.547
2025-02-25,0.53
2025-02-26,0.512
2025-02-27,0.487
2025-02-28,0.487
2025-03-01,0.485
2025-03-02,0.496
2025-03-03,0.54
2025-03-04,0.497
2025-03-05,0.504
2025-03-06,0.519
2025-03-07,0.518
2025-03-08,0.498
2025-03-09,0.496
2025-03-10,0.459
2025-03-11,0.454
2025-03-12,0.477
2025-03-13,0.48
2025-03-14,0.465
2025-03-15,0.484
2025-03-16,0.484
2025-03-17,0.47
2025-03-18,0.482
2025-03-19,0.472
2025-03-20,0.494
2025-03-21,0.479
2025-03-22,0.481
2025-03-23,0.481
2025-03-24,0.489
2025-03-25,0.501
2025-03-26,0.501
2025-03-27,0.497
2025-03-28,0.477
2025-03-29,0.482
2025-03-30,0.468
2025-03-31,0.466
2025-04-01,0.471
2025-04-02,0.487
2025-04-03,0.483
2025-04-04,0.47
2025-04-05,0.48
2025-04-06,0.472
2025-04-07,0.443
2025-04-08,0.448
2025-04-09,0.431
2025-04-10,0.474
2025-04-11,0.45
2025-04-12,0.476
2025-04-13,0.486
2025-04-14,0.475
2025-04-15,0.481
2025-04-16,0.477
2025-04-17,0.482
2025-04-18,0.485
2025-04-19,0.482
2025-04-20,0.487
2025-04-21,0.484
2025-04-22,0.497
2025-04-23,0.527
2025-04-24,0.528
2025-04-25,0.526
2025-04-26,0.532
2025-04-27,0.53
2025-04-28,0.529
2025-04-29,0.53
2025-04-30,0.529
2025-05-01,0.529
2025-05-02,0.538
2025-05-03,0.538
2025-05-04,0.536
2025-05-05,0.532
2025-05-06,0.527
2025-05-07,0.527
2025-05-08,0.537
2025-05-09,0.561
2025-05-10,0.562
2025-05-11,0.565
2025-05-12,0.567
2025-05-13,0.557
2025-05-14,0.562
2025-05-15,0.561
2025-05-16,0.559
2025-05-17,0.56
2025-05-18,0.558
2025-05-19,0.561
2025-05-20,0.565
2025-05-21,0.569
2025-05-22,0.575
2025-05-23,0.584
2025-05-24,0.574
2025-05-25,0.575
2025-05-26,0.569
2025-05-27,0.575
2025-05-28,0.573
2025-05-29,0.566
2025-05-30,0.562
2025-05-31,0.554
2025-06-01,0.555
2025-06-02,0.557
2025-06-03,0.553
2025-06-04,0.554
2025-06-05,0.552
2025-06-06,0.536
2025-06-07,0.549
2025-06-08,0.555
2025-06-09,0.557
2025-06-10,0.571
2025-06-11,0.57
2025-06-12,0.564
2025-06-13,0.545
2025-06-14,0.552
2025-06-15,0.55
2025-06-16,0.547
2025-06-17,0.563
2025-06-18,0.545
2025-06-19,0.547
2025-06-20,0.527
2025-06-21,0.54
2025-06-22,0.531
2025-06-23,0.522
2025-06-24,0.54
2025-06-25,0.549
2025-06-26,0.554
2025-06-27,0.551
2025-06-28,0.552
2025-06-29,0.552
2025-06-30,0.552
2025-07-01,0.55
2025-07-02,0.544
2025-07-03,0.559
2025-07-04,0.556
2025-07-05,0.548
2025-07-06,0.548
2025-07-07,0.552
2025-07-08,0.547
2025-07-09,0.549
2025-07-10,0.557
2025-07-11,0.576
2025-07-12,0.579
2025-07-13,0.579
2025-07-14,0.581
2025-07-15,0.585
2025-07-16,0.573
2025-07-17,0.579
2025-07-18,0.581
2025-07-19,0.571
2025-07-20,0.571
2025-07-21,0.57
2025-07-22,0.568
2025-07-23,0.575
2025-07-24,0.569
2025-07-25,0.57
2025-07-26,0.565
2025-07-27,0.568
2025-07-28,0.572
2025-07-29,0.567
2025-07-30,0.564
2025-07-31,0.544
2025-08-01,0.559
2025-08-02,0.549
2025-08-03,0.545
2025-08-04,0.551
2025-08-05,0.553
2025-08-06,0.547
2025-08-07,0.552
2025-08-08,0.559
2025-08-09,0.558
2025-08-10,0.557
2025-08-11,0.565
2025-08-12,0.564
2025-08-13,0.568
2025-08-14,0.576
2025-08-15,0.559
2025-08-16,0.556
2025-08-17,0.556
2025-08-18,0.557
2025-08-19,0.553
2025-08-20,0.539
2025-08-21,0.543
2025-08-22,0.535
2025-08-23,0.539
2025-08-24,0.524
2025-08-25,0.532
2025-08-26,0.529
2025-08-27,0.533
2025-08-28,0.514
2025-08-29,0.515
2025-08-30,0.515
2025-08-31,0.513
2025-09-01,0.516
2025-09-02,0.525
2025-09-03,0.528
2025-09-04,0.524
2025-09-05,0.522
2025-09-06,0.52
2025-09-07,0.524
2025-09-08,0.527
2025-09-09,0.524
2025-09-10,0.534
2025-09-11,0.54
2025-09-12,0.542
2025-09-13,0.541
2025-09-14,0.541
2025-09-15,0.538
2025-09-16,0.543
2025-09-17,0.543
2025-09-18,0.539
2025-09-19,0.537
2025-09-20,0.537
2025-09-21,0.535
2025-09-22,0.525
2025-09-23,0.521
2025-09-24,0.526
2025-09-25,0.508
2025-09-26,0.51
2025-09-27,0.51
2025-09-28,0.52
2025-09-29,0.529
2025-09-30,0.527
2025-10-01,0.543
2025-10-02,0.538
2025-10-03,0.556
2025-10-04,0.556
2025-10-05,0.559
2025-10-06,0.563
2025-10-07,0.562
2025-10-08,0.556
2025-10-09,0.548
2025-10-10,0.517
2025-10-11,0.505
2025-10-12,0.523
2025-10-13,0.524
2025-10-14,0.514
2025-10-15,0.512
2025-10-16,0.489
2025-10-17,0.49
2025-10-18,0.484
2025-10-19,0.491
2025-10-20,0.5
2025-10-21,0.491
2025-10-22,0.485
2025-10-23,0.496
2025-10-24,0.5
2025-10-25,0.503
2025-10-26,0.515
2025-10-27,0.512
