d,sthMvrv
2013-01-02,1.136
2013-01-03,1.135
2013-01-04,1.131
2013-01-05,1.129
2013-01-06,1.127
2013-01-07,1.126
2013-01-08,1.122
2013-01-09,1.12
2013-01-10,1.114
2013-01-11,1.112
2013-01-12,1.11
2013-01-13,1.108
2013-01-14,1.107
2013-01-15,1.105
2013-01-16,1.102
2013-01-17,1.1
2013-01-18,1.096
2013-01-19,1.092
2013-01-20,1.087
2013-01-21,1.085
2013-01-22,1.082
2013-01-23,1.079
2013-01-24,1.075
2013-01-25,1.073
2013-01-26,1.072
2013-01-27,1.069
2013-01-28,1.065
2013-01-29,1.061
2013-01-30,1.056
2013-01-31,1.054
2013-02-01,1.051
2013-02-02,1.048
2013-02-03,1.047
2013-02-04,1.046
2013-02-05,1.045
2013-02-06,1.043
2013-02-07,1.041
2013-02-08,1.039
2013-02-09,1.038
2013-02-10,1.037
2013-02-11,1.036
2013-02-12,1.035
2013-02-13,1.034
2013-02-14,1.034
2013-02-15,1.033
2013-02-16,1.032
2013-02-17,1.031
2013-02-18,1.03
2013-02-19,1.029
2013-02-20,1.029
2013-02-21,1.028
2013-02-22,1.028
2013-02-23,1.517
2013-02-24,2.138
2013-02-25,1.99
2013-02-26,1.907
2013-02-27,1.876
2013-02-28,1.814
2013-03-01,1.78
2013-03-02,1.76
2013-03-03,1.746
2013-03-04,1.716
2013-03-05,1.682
2013-03-06,1.64
2013-03-07,1.604
2013-03-08,1.59
2013-03-09,1.573
2013-03-10,1.562
2013-03-11,1.525
2013-03-12,3.059
2013-03-13,2.386
2013-03-14,2.374
2013-03-15,2.118
2013-03-16,2.019
2013-03-17,1.932
2013-03-18,1.908
2013-03-19,2.013
2013-03-20,2.214
2013-03-21,2.071
2013-03-22,2.944
2013-03-23,2.295
2013-03-24,2.255
2013-03-25,2.17
2013-03-26,2.066
2013-03-27,2.172
2013-03-28,2.196
2013-03-29,2.065
2013-03-30,2.357
2013-03-31,2.291
2013-04-01,2.375
2013-04-02,2.31
2013-04-03,2.154
2013-04-04,2.29
2013-04-05,2.349
2013-04-06,2.187
2013-04-07,2.366
2013-04-08,2.515
2013-04-09,2.515
2013-04-10,2.596
2013-04-11,2.2
2013-04-12,1.312
2013-04-13,1.571
2013-04-14,1.569
2013-04-15,1.464
2013-04-16,1.194
2013-04-17,1.16
2013-04-18,1.407
2013-04-19,1.339
2013-04-20,1.311
2013-04-21,1.43
2013-04-22,1.412
2013-04-23,1.405
2013-04-24,1.478
2013-04-25,1.606
2013-04-26,1.497
2013-04-27,1.477
2013-04-28,1.34
2013-04-29,1.34
2013-04-30,1.455
2013-05-01,1.372
2013-05-02,1.186
2013-05-03,0.997
2013-05-04,1.092
2013-05-05,1.361
2013-05-06,1.232
2013-05-07,1.183
2013-05-08,1.243
2013-05-09,1.248
2013-05-10,1.132
2013-05-11,1.612
2013-05-12,1.242
2013-05-13,1.12
2013-05-14,1.301
2013-05-15,1.071
2013-05-16,1.163
2013-05-17,1.091
2013-05-18,1.175
2013-05-19,1.089
2013-05-20,1.174
2013-05-21,1.182
2013-05-22,1.196
2013-05-23,1.18
2013-05-24,1.224
2013-05-25,1.117
2013-05-26,1.198
2013-05-27,1.286
2013-05-28,1.1
2013-05-29,1.172
2013-05-30,1.21
2013-05-31,1.262
2013-06-01,1.123
2013-06-02,1.309
2013-06-03,1.178
2013-06-04,1.11
2013-06-05,1.146
2013-06-06,1.172
2013-06-07,1.089
2013-06-08,1.028
2013-06-09,0.974
2013-06-10,0.905
2013-06-11,1.086
2013-06-12,1.036
2013-06-13,1.02
2013-06-14,1.002
2013-06-15,0.996
2013-06-16,0.895
2013-06-17,0.975
2013-06-18,1.057
2013-06-19,1.002
2013-06-20,1.023
2013-06-21,1.14
2013-06-22,1.071
2013-06-23,0.964
2013-06-24,0.948
2013-06-25,0.898
2013-06-26,0.972
2013-06-27,0.982
2013-06-28,0.927
2013-06-29,0.903
2013-06-30,0.91
2013-07-01,0.884
2013-07-02,0.826
2013-07-03,0.773
2013-07-04,0.782
2013-07-05,0.729
2013-07-06,0.704
2013-07-07,0.658
2013-07-08,0.788
2013-07-09,0.75
2013-07-10,0.752
2013-07-11,0.815
2013-07-12,0.885
2013-07-13,0.855
2013-07-14,0.971
2013-07-15,0.889
2013-07-16,0.957
2013-07-17,0.906
2013-07-18,0.849
2013-07-19,0.822
2013-07-20,0.865
2013-07-21,0.897
2013-07-22,0.808
2013-07-23,0.869
2013-07-24,0.86
2013-07-25,0.881
2013-07-26,0.871
2013-07-27,0.859
2013-07-28,1.0
2013-07-29,0.957
2013-07-30,0.879
2013-07-31,0.916
2013-08-01,0.967
2013-08-02,0.941
2013-08-03,0.979
2013-08-04,1.025
2013-08-05,0.949
2013-08-06,0.944
2013-08-07,0.952
2013-08-08,0.901
2013-08-09,0.881
2013-08-10,0.897
2013-08-11,0.898
2013-08-12,0.937
2013-08-13,0.88
2013-08-14,0.949
2013-08-15,0.941
2013-08-16,0.929
2013-08-17,0.975
2013-08-18,0.993
2013-08-19,0.949
2013-08-20,0.976
2013-08-21,1.077
2013-08-22,1.002
2013-08-23,0.967
2013-08-24,0.956
2013-08-25,1.032
2013-08-26,1.036
2013-08-27,1.091
2013-08-28,1.048
2013-08-29,1.047
2013-08-30,1.048
2013-08-31,1.097
2013-09-01,1.177
2013-09-02,1.127
2013-09-03,1.145
2013-09-04,1.13
2013-09-05,1.066
2013-09-06,1.073
2013-09-07,1.089
2013-09-08,1.123
2013-09-09,1.061
2013-09-10,1.111
2013-09-11,1.114
2013-09-12,1.179
2013-09-13,1.243
2013-09-14,1.21
2013-09-15,1.141
2013-09-16,1.138
2013-09-17,1.153
2013-09-18,1.166
2013-09-19,1.123
2013-09-20,1.154
2013-09-21,1.108
2013-09-22,1.168
2013-09-23,1.118
2013-09-24,1.069
2013-09-25,1.085
2013-09-26,1.158
2013-09-27,1.118
2013-09-28,1.131
2013-09-29,1.148
2013-09-30,1.16
2013-10-01,1.215
2013-10-02,1.13
2013-10-03,1.077
2013-10-04,1.07
2013-10-05,1.165
2013-10-06,1.185
2013-10-07,1.132
2013-10-08,1.071
2013-10-09,1.101
2013-10-10,1.102
2013-10-11,1.121
2013-10-12,1.107
2013-10-13,1.166
2013-10-14,1.147
2013-10-15,1.195
2013-10-16,1.19
2013-10-17,1.158
2013-10-18,1.244
2013-10-19,1.302
2013-10-20,1.417
2013-10-21,1.365
2013-10-22,1.465
2013-10-23,1.489
2013-10-24,1.405
2013-10-25,1.375
2013-10-26,1.332
2013-10-27,1.51
2013-10-28,1.463
2013-10-29,1.46
2013-10-30,1.479
2013-10-31,1.413
2013-11-01,1.376
2013-11-02,1.461
2013-11-03,1.368
2013-11-04,1.345
2013-11-05,1.439
2013-11-06,1.594
2013-11-07,1.732
2013-11-08,1.828
2013-11-09,1.91
2013-11-10,1.713
2013-11-11,1.812
2013-11-12,1.881
2013-11-13,1.913
2013-11-14,1.999
2013-11-15,2.031
2013-11-16,2.0
2013-11-17,2.059
2013-11-18,2.254
2013-11-19,2.452
2013-11-20,2.061
2013-11-21,2.324
2013-11-22,2.304
2013-11-23,2.503
2013-11-24,2.338
2013-11-25,2.294
2013-11-26,2.143
2013-11-27,2.257
2013-11-28,2.306
2013-11-29,2.322
2013-11-30,2.33
2013-12-01,2.07
2013-12-02,1.997
2013-12-03,2.05
2013-12-04,2.052
2013-12-05,1.96
2013-12-06,1.821
2013-12-07,1.375
2013-12-08,1.353
2013-12-09,1.57
2013-12-10,1.689
2013-12-11,1.625
2013-12-12,1.737
2013-12-13,1.607
2013-12-14,1.601
2013-12-15,1.57
2013-12-16,1.462
2013-12-17,1.253
2013-12-18,1.003
2013-12-19,1.095
2013-12-20,1.221
2013-12-21,1.113
2013-12-22,1.171
2013-12-23,1.204
2013-12-24,1.243
2013-12-25,1.246
2013-12-26,1.252
2013-12-27,1.277
2013-12-28,1.328
2013-12-29,1.349
2013-12-30,1.318
2013-12-31,1.322
2014-01-01,1.369
2014-01-02,1.364
2014-01-03,1.369
2014-01-04,1.386
2014-01-05,1.493
2014-01-06,1.562
2014-01-07,1.522
2014-01-08,1.365
2014-01-09,1.43
2014-01-10,1.41
2014-01-11,1.481
2014-01-12,1.496
2014-01-13,1.417
2014-01-14,1.405
2014-01-15,1.423
2014-01-16,1.377
2014-01-17,1.354
2014-01-18,1.348
2014-01-19,1.473
2014-01-20,1.475
2014-01-21,1.579
2014-01-22,1.447
2014-01-23,1.417
2014-01-24,1.256
2014-01-25,1.327
2014-01-26,1.34
2014-01-27,1.308
2014-01-28,1.295
2014-01-29,1.283
2014-01-30,1.305
2014-01-31,1.321
2014-02-01,1.389
2014-02-02,1.367
2014-02-03,1.323
2014-02-04,1.247
2014-02-05,1.31
2014-02-06,1.211
2014-02-07,1.086
2014-02-08,1.092
2014-02-09,1.084
2014-02-10,1.084
2014-02-11,1.12
2014-02-12,1.119
2014-02-13,1.087
2014-02-14,0.947
2014-02-15,1.017
2014-02-16,0.992
2014-02-17,0.966
2014-02-18,0.97
2014-02-19,1.147
2014-02-20,0.918
2014-02-21,0.857
2014-02-22,0.972
2014-02-23,0.98
2014-02-24,0.895
2014-02-25,0.808
2014-02-26,0.878
2014-02-27,0.925
2014-02-28,0.987
2014-03-01,0.965
2014-03-02,0.849
2014-03-03,0.902
2014-03-04,1.009
2014-03-05,0.988
2014-03-06,0.981
2014-03-07,0.952
2014-03-08,0.918
2014-03-09,0.93
2014-03-10,0.933
2014-03-11,0.931
2014-03-12,0.939
2014-03-13,0.941
2014-03-14,0.933
2014-03-15,0.931
2014-03-16,0.93
2014-03-17,0.919
2014-03-18,0.906
2014-03-19,0.899
2014-03-20,0.87
2014-03-21,0.848
2014-03-22,0.829
2014-03-23,0.825
2014-03-24,0.824
2014-03-25,0.841
2014-03-26,0.844
2014-03-27,0.783
2014-03-28,0.73
2014-03-29,0.711
2014-03-30,0.662
2014-03-31,0.649
2014-04-01,0.676
2014-04-02,0.659
2014-04-03,0.617
2014-04-04,0.644
2014-04-05,0.673
2014-04-06,0.671
2014-04-07,0.686
2014-04-08,0.689
2014-04-09,0.682
2014-04-10,0.623
2014-04-11,0.618
2014-04-12,0.654
2014-04-13,0.637
2014-04-14,0.68
2014-04-15,0.726
2014-04-16,0.765
2014-04-17,0.75
2014-04-18,0.719
2014-04-19,0.727
2014-04-20,0.739
2014-04-21,0.731
2014-04-22,0.724
2014-04-23,0.717
2014-04-24,0.715
2014-04-25,0.681
2014-04-26,0.672
2014-04-27,0.668
2014-04-28,0.648
2014-04-29,0.661
2014-04-30,0.668
2014-05-01,0.687
2014-05-02,0.684
2014-05-03,0.674
2014-05-04,0.668
2014-05-05,0.667
2014-05-06,0.665
2014-05-07,0.681
2014-05-08,0.697
2014-05-09,0.701
2014-05-10,0.713
2014-05-11,0.702
2014-05-12,0.693
2014-05-13,0.695
2014-05-14,0.706
2014-05-15,0.717
2014-05-16,0.724
2014-05-17,0.731
2014-05-18,0.729
2014-05-19,0.722
2014-05-20,0.749
2014-05-21,0.796
2014-05-22,0.817
2014-05-23,0.853
2014-05-24,0.841
2014-05-25,0.904
2014-05-26,0.938
2014-05-27,0.929
2014-05-28,0.93
2014-05-29,0.921
2014-05-30,0.957
2014-05-31,1.003
2014-06-01,1.057
2014-06-02,1.029
2014-06-03,1.064
2014-06-04,1.026
2014-06-05,1.045
2014-06-06,1.049
2014-06-07,1.045
2014-06-08,1.044
2014-06-09,1.036
2014-06-10,1.046
2014-06-11,1.043
2014-06-12,1.013
2014-06-13,0.98
2014-06-14,0.955
2014-06-15,0.93
2014-06-16,0.97
2014-06-17,0.975
2014-06-18,0.994
2014-06-19,0.994
2014-06-20,0.976
2014-06-21,0.976
2014-06-22,0.993
2014-06-23,0.976
2014-06-24,0.975
2014-06-25,0.953
2014-06-26,0.953
2014-06-27,0.977
2014-06-28,0.999
2014-06-29,0.994
2014-06-30,1.026
2014-07-01,1.07
2014-07-02,1.063
2014-07-03,1.06
2014-07-04,1.051
2014-07-05,1.037
2014-07-06,1.05
2014-07-07,1.032
2014-07-08,1.026
2014-07-09,1.034
2014-07-10,1.046
2014-07-11,1.061
2014-07-12,1.074
2014-07-13,1.072
2014-07-14,1.059
2014-07-15,1.056
2014-07-16,1.052
2014-07-17,1.06
2014-07-18,1.065
2014-07-19,1.07
2014-07-20,1.06
2014-07-21,1.058
2014-07-22,1.062
2014-07-23,1.06
2014-07-24,1.042
2014-07-25,1.028
2014-07-26,1.018
2014-07-27,1.018
2014-07-28,1.001
2014-07-29,1.001
2014-07-30,0.986
2014-07-31,0.989
2014-08-01,1.015
2014-08-02,1.01
2014-08-03,1.001
2014-08-04,1.007
2014-08-05,1.006
2014-08-06,1.009
2014-08-07,1.013
2014-08-08,1.025
2014-08-09,1.012
2014-08-10,1.015
2014-08-11,1.008
2014-08-12,0.977
2014-08-13,0.946
2014-08-14,0.898
2014-08-15,0.876
2014-08-16,0.869
2014-08-17,0.874
2014-08-18,0.828
2014-08-19,0.835
2014-08-20,0.869
2014-08-21,0.923
2014-08-22,0.908
2014-08-23,0.893
2014-08-24,0.898
2014-08-25,0.897
2014-08-26,0.906
2014-08-27,0.922
2014-08-28,0.924
2014-08-29,0.918
2014-08-30,0.911
2014-08-31,0.886
2014-09-01,0.866
2014-09-02,0.865
2014-09-03,0.868
2014-09-04,0.875
2014-09-05,0.882
2014-09-06,0.874
2014-09-07,0.878
2014-09-08,0.863
2014-09-09,0.858
2014-09-10,0.875
2014-09-11,0.872
2014-09-12,0.866
2014-09-13,0.868
2014-09-14,0.868
2014-09-15,0.868
2014-09-16,0.861
2014-09-17,0.846
2014-09-18,0.807
2014-09-19,0.749
2014-09-20,0.764
2014-09-21,0.749
2014-09-22,0.763
2014-09-23,0.764
2014-09-24,0.801
2014-09-25,0.774
2014-09-26,0.763
2014-09-27,0.755
2014-09-28,0.737
2014-09-29,0.72
2014-09-30,0.724
2014-10-01,0.734
2014-10-02,0.723
2014-10-03,0.714
2014-10-04,0.675
2014-10-05,0.625
2014-10-06,0.652
2014-10-07,0.663
2014-10-08,0.676
2014-10-09,0.727
2014-10-10,0.734
2014-10-11,0.724
2014-10-12,0.726
2014-10-13,0.756
2014-10-14,0.8
2014-10-15,0.793
2014-10-16,0.781
2014-10-17,0.77
2014-10-18,0.778
2014-10-19,0.789
2014-10-20,0.775
2014-10-21,0.777
2014-10-22,0.774
2014-10-23,0.746
2014-10-24,0.73
2014-10-25,0.717
2014-10-26,0.72
2014-10-27,0.725
2014-10-28,0.727
2014-10-29,0.716
2014-10-30,0.705
2014-10-31,0.714
2014-11-01,0.692
2014-11-02,0.684
2014-11-03,0.69
2014-11-04,0.69
2014-11-05,0.716
2014-11-06,0.734
2014-11-07,0.743
2014-11-08,0.74
2014-11-09,0.758
2014-11-10,0.791
2014-11-11,0.796
2014-11-12,0.868
2014-11-13,0.954
2014-11-14,0.884
2014-11-15,0.864
2014-11-16,0.855
2014-11-17,0.891
2014-11-18,0.861
2014-11-19,0.858
2014-11-20,0.832
2014-11-21,0.8
2014-11-22,0.812
2014-11-23,0.818
2014-11-24,0.854
2014-11-25,0.873
2014-11-26,0.853
2014-11-27,0.853
2014-11-28,0.859
2014-11-29,0.881
2014-11-30,0.877
2014-12-01,0.884
2014-12-02,0.894
2014-12-03,0.895
2014-12-04,0.891
2014-12-05,0.89
2014-12-06,0.896
2014-12-07,0.897
2014-12-08,0.891
2014-12-09,0.856
2014-12-10,0.852
2014-12-11,0.86
2014-12-12,0.862
2014-12-13,0.854
2014-12-14,0.857
2014-12-15,0.855
2014-12-16,0.83
2014-12-17,0.804
2014-12-18,0.78
2014-12-19,0.784
2014-12-20,0.817
2014-12-21,0.824
2014-12-22,0.835
2014-12-23,0.85
2014-12-24,0.845
2014-12-25,0.82
2014-12-26,0.833
2014-12-27,0.823
2014-12-28,0.816
2014-12-29,0.816
2014-12-30,0.82
2014-12-31,0.826
2015-01-01,0.834
2015-01-02,0.833
2015-01-03,0.811
2015-01-04,0.739
2015-01-05,0.732
2015-01-06,0.748
2015-01-07,0.789
2015-01-08,0.799
2015-01-09,0.795
2015-01-10,0.787
2015-01-11,0.769
2015-01-12,0.765
2015-01-13,0.687
2015-01-14,0.577
2015-01-15,0.611
2015-01-16,0.633
2015-01-17,0.602
2015-01-18,0.619
2015-01-19,0.64
2015-01-20,0.639
2015-01-21,0.666
2015-01-22,0.72
2015-01-23,0.717
2015-01-24,0.741
2015-01-25,0.776
2015-01-26,0.878
2015-01-27,0.817
2015-01-28,0.79
2015-01-29,0.733
2015-01-30,0.738
2015-01-31,0.728
2015-02-01,0.699
2015-02-02,0.728
2015-02-03,0.761
2015-02-04,0.728
2015-02-05,0.722
2015-02-06,0.716
2015-02-07,0.737
2015-02-08,0.736
2015-02-09,0.725
2015-02-10,0.719
2015-02-11,0.73
2015-02-12,0.729
2015-02-13,0.77
2015-02-14,0.819
2015-02-15,0.831
2015-02-16,0.78
2015-02-17,0.797
2015-02-18,0.803
2015-02-19,0.799
2015-02-20,0.819
2015-02-21,0.825
2015-02-22,0.817
2015-02-23,0.801
2015-02-24,0.808
2015-02-25,0.808
2015-02-26,0.805
2015-02-27,0.851
2015-02-28,0.861
2015-03-01,0.858
2015-03-02,0.894
2015-03-03,0.936
2015-03-04,0.948
2015-03-05,0.921
2015-03-06,0.931
2015-03-07,0.933
2015-03-08,0.942
2015-03-09,0.97
2015-03-10,1.006
2015-03-11,1.005
2015-03-12,1.003
2015-03-13,0.992
2015-03-14,0.966
2015-03-15,0.969
2015-03-16,0.995
2015-03-17,0.99
2015-03-18,0.939
2015-03-19,0.887
2015-03-20,0.903
2015-03-21,0.898
2015-03-22,0.908
2015-03-23,0.928
2015-03-24,0.892
2015-03-25,0.854
2015-03-26,0.871
2015-03-27,0.867
2015-03-28,0.881
2015-03-29,0.861
2015-03-30,0.863
2015-03-31,0.865
2015-04-01,0.862
2015-04-02,0.879
2015-04-03,0.899
2015-04-04,0.896
2015-04-05,0.902
2015-04-06,0.912
2015-04-07,0.896
2015-04-08,0.883
2015-04-09,0.868
2015-04-10,0.852
2015-04-11,0.845
2015-04-12,0.847
2015-04-13,0.837
2015-04-14,0.796
2015-04-15,0.802
2015-04-16,0.826
2015-04-17,0.82
2015-04-18,0.816
2015-04-19,0.823
2015-04-20,0.823
2015-04-21,0.832
2015-04-22,0.867
2015-04-23,0.867
2015-04-24,0.858
2015-04-25,0.847
2015-04-26,0.813
2015-04-27,0.825
2015-04-28,0.842
2015-04-29,0.84
2015-04-30,0.865
2015-05-01,0.88
2015-05-02,0.885
2015-05-03,0.903
2015-05-04,0.905
2015-05-05,0.89
2015-05-06,0.888
2015-05-07,0.882
2015-05-08,0.916
2015-05-09,0.928
2015-05-10,0.927
2015-05-11,0.929
2015-05-12,0.935
2015-05-13,0.941
2015-05-14,0.92
2015-05-15,0.925
2015-05-16,0.924
2015-05-17,0.923
2015-05-18,0.922
2015-05-19,0.913
2015-05-20,0.915
2015-05-21,0.923
2015-05-22,0.933
2015-05-23,0.946
2015-05-24,0.946
2015-05-25,0.943
2015-05-26,0.94
2015-05-27,0.94
2015-05-28,0.945
2015-05-29,0.944
2015-05-30,0.935
2015-05-31,0.928
2015-06-01,0.912
2015-06-02,0.903
2015-06-03,0.913
2015-06-04,0.912
2015-06-05,0.91
2015-06-06,0.911
2015-06-07,0.912
2015-06-08,0.918
2015-06-09,0.932
2015-06-10,0.932
2015-06-11,0.935
2015-06-12,0.945
2015-06-13,0.947
2015-06-14,0.959
2015-06-15,0.967
2015-06-16,0.989
2015-06-17,1.025
2015-06-18,1.01
2015-06-19,1.002
2015-06-20,0.983
2015-06-21,0.988
2015-06-22,0.994
2015-06-23,0.99
2015-06-24,0.98
2015-06-25,0.978
2015-06-26,0.978
2015-06-27,0.991
2015-06-28,1.006
2015-06-29,1.017
2015-06-30,1.052
2015-07-01,1.04
2015-07-02,1.029
2015-07-03,1.022
2015-07-04,1.028
2015-07-05,1.052
2015-07-06,1.078
2015-07-07,1.059
2015-07-08,1.061
2015-07-09,1.064
2015-07-10,1.099
2015-07-11,1.137
2015-07-12,1.181
2015-07-13,1.135
2015-07-14,1.123
2015-07-15,1.12
2015-07-16,1.086
2015-07-17,1.07
2015-07-18,1.068
2015-07-19,1.06
2015-07-20,1.065
2015-07-21,1.072
2015-07-22,1.061
2015-07-23,1.063
2015-07-24,1.082
2015-07-25,1.102
2015-07-26,1.108
2015-07-27,1.107
2015-07-28,1.119
2015-07-29,1.105
2015-07-30,1.091
2015-07-31,1.079
2015-08-01,1.064
2015-08-02,1.06
2015-08-03,1.07
2015-08-04,1.074
2015-08-05,1.072
2015-08-06,1.058
2015-08-07,1.053
2015-08-08,1.03
2015-08-09,0.996
2015-08-10,1.004
2015-08-11,1.01
2015-08-12,1.022
2015-08-13,1.01
2015-08-14,1.021
2015-08-15,1.022
2015-08-16,1.001
2015-08-17,0.998
2015-08-18,0.988
2015-08-19,0.909
2015-08-20,0.919
2015-08-21,0.924
2015-08-22,0.912
2015-08-23,0.91
2015-08-24,0.882
2015-08-25,0.864
2015-08-26,0.91
2015-08-27,0.912
2015-08-28,0.922
2015-08-29,0.931
2015-08-30,0.926
2015-08-31,0.926
2015-09-01,0.927
2015-09-02,0.927
2015-09-03,0.925
2015-09-04,0.932
2015-09-05,0.943
2015-09-06,0.973
2015-09-07,0.975
2015-09-08,0.985
2015-09-09,0.973
2015-09-10,0.965
2015-09-11,0.973
2015-09-12,0.967
2015-09-13,0.945
2015-09-14,0.935
2015-09-15,0.938
2015-09-16,0.933
2015-09-17,0.94
2015-09-18,0.949
2015-09-19,0.944
2015-09-20,0.943
2015-09-21,0.931
2015-09-22,0.935
2015-09-23,0.942
2015-09-24,0.95
2015-09-25,0.96
2015-09-26,0.956
2015-09-27,0.953
2015-09-28,0.966
2015-09-29,0.968
2015-09-30,0.963
2015-10-01,0.964
2015-10-02,0.966
2015-10-03,0.97
2015-10-04,0.971
2015-10-05,0.971
2015-10-06,0.987
2015-10-07,0.995
2015-10-08,0.988
2015-10-09,0.987
2015-10-10,0.992
2015-10-11,0.996
2015-10-12,0.999
2015-10-13,1.001
2015-10-14,1.014
2015-10-15,1.025
2015-10-16,1.043
2015-10-17,1.076
2015-10-18,1.063
2015-10-19,1.049
2015-10-20,1.06
2015-10-21,1.062
2015-10-22,1.074
2015-10-23,1.088
2015-10-24,1.097
2015-10-25,1.129
2015-10-26,1.105
2015-10-27,1.13
2015-10-28,1.149
2015-10-29,1.167
2015-10-30,1.204
2015-10-31,1.191
2015-11-01,1.159
2015-11-02,1.215
2015-11-03,1.333
2015-11-04,1.471
2015-11-05,1.308
2015-11-06,1.22
2015-11-07,1.247
2015-11-08,1.244
2015-11-09,1.211
2015-11-10,1.186
2015-11-11,1.039
2015-11-12,1.076
2015-11-13,1.095
2015-11-14,1.095
2015-11-15,1.078
2015-11-16,1.059
2015-11-17,1.092
2015-11-18,1.09
2015-11-19,1.08
2015-11-20,1.046
2015-11-21,1.059
2015-11-22,1.058
2015-11-23,1.053
2015-11-24,1.046
2015-11-25,1.052
2015-11-26,1.109
2015-11-27,1.147
2015-11-28,1.142
2015-11-29,1.157
2015-11-30,1.195
2015-12-01,1.165
2015-12-02,1.127
2015-12-03,1.144
2015-12-04,1.136
2015-12-05,1.175
2015-12-06,1.224
2015-12-07,1.213
2015-12-08,1.214
2015-12-09,1.263
2015-12-10,1.253
2015-12-11,1.286
2015-12-12,1.279
2015-12-13,1.284
2015-12-14,1.29
2015-12-15,1.32
2015-12-16,1.315
2015-12-17,1.304
2015-12-18,1.312
2015-12-19,1.312
2015-12-20,1.286
2015-12-21,1.238
2015-12-22,1.24
2015-12-23,1.24
2015-12-24,1.271
2015-12-25,1.267
2015-12-26,1.199
2015-12-27,1.167
2015-12-28,1.186
2015-12-29,1.187
2015-12-30,1.197
2015-12-31,1.184
2016-01-01,1.199
2016-01-02,1.201
2016-01-03,1.187
2016-01-04,1.191
2016-01-05,1.19
2016-01-06,1.182
2016-01-07,1.224
2016-01-08,1.238
2016-01-09,1.222
2016-01-10,1.201
2016-01-11,1.197
2016-01-12,1.187
2016-01-13,1.144
2016-01-14,1.147
2016-01-15,1.079
2016-01-16,0.996
2016-01-17,1.031
2016-01-18,1.029
2016-01-19,1.031
2016-01-20,1.052
2016-01-21,1.108
2016-01-22,1.055
2016-01-23,1.042
2016-01-24,1.057
2016-01-25,1.055
2016-01-26,1.044
2016-01-27,1.045
2016-01-28,1.019
2016-01-29,1.003
2016-01-30,1.007
2016-01-31,1.007
2016-02-01,0.998
2016-02-02,0.998
2016-02-03,0.994
2016-02-04,1.007
2016-02-05,1.03
2016-02-06,1.007
2016-02-07,1.007
2016-02-08,1.004
2016-02-09,0.997
2016-02-10,1.008
2016-02-11,1.01
2016-02-12,1.016
2016-02-13,1.031
2016-02-14,1.056
2016-02-15,1.066
2016-02-16,1.061
2016-02-17,1.082
2016-02-18,1.095
2016-02-19,1.092
2016-02-20,1.111
2016-02-21,1.129
2016-02-22,1.122
2016-02-23,1.097
2016-02-24,1.08
2016-02-25,1.084
2016-02-26,1.084
2016-02-27,1.102
2016-02-28,1.093
2016-02-29,1.107
2016-03-01,1.098
2016-03-02,1.09
2016-03-03,1.059
2016-03-04,1.054
2016-03-05,1.016
2016-03-06,1.02
2016-03-07,1.032
2016-03-08,1.039
2016-03-09,1.036
2016-03-10,1.036
2016-03-11,1.049
2016-03-12,1.034
2016-03-13,1.032
2016-03-14,1.034
2016-03-15,1.037
2016-03-16,1.036
2016-03-17,1.04
2016-03-18,1.027
2016-03-19,1.014
2016-03-20,1.02
2016-03-21,1.019
2016-03-22,1.031
2016-03-23,1.033
2016-03-24,1.029
2016-03-25,1.027
2016-03-26,1.028
2016-03-27,1.035
2016-03-28,1.042
2016-03-29,1.029
2016-03-30,1.016
2016-03-31,1.02
2016-04-01,1.021
2016-04-02,1.027
2016-04-03,1.026
2016-04-04,1.025
2016-04-05,1.03
2016-04-06,1.03
2016-04-07,1.027
2016-04-08,1.027
2016-04-09,1.017
2016-04-10,1.023
2016-04-11,1.025
2016-04-12,1.031
2016-04-13,1.032
2016-04-14,1.029
2016-04-15,1.035
2016-04-16,1.04
2016-04-17,1.034
2016-04-18,1.033
2016-04-19,1.037
2016-04-20,1.052
2016-04-21,1.065
2016-04-22,1.069
2016-04-23,1.069
2016-04-24,1.084
2016-04-25,1.09
2016-04-26,1.099
2016-04-27,1.088
2016-04-28,1.052
2016-04-29,1.064
2016-04-30,1.07
2016-05-01,1.065
2016-05-02,1.055
2016-05-03,1.054
2016-05-04,1.052
2016-05-05,1.05
2016-05-06,1.058
2016-05-07,1.071
2016-05-08,1.07
2016-05-09,1.071
2016-05-10,1.062
2016-05-11,1.057
2016-05-12,1.053
2016-05-13,1.059
2016-05-14,1.061
2016-05-15,1.063
2016-05-16,1.062
2016-05-17,1.054
2016-05-18,1.055
2016-05-19,1.044
2016-05-20,1.027
2016-05-21,1.029
2016-05-22,1.027
2016-05-23,1.027
2016-05-24,1.034
2016-05-25,1.041
2016-05-26,1.045
2016-05-27,1.086
2016-05-28,1.13
2016-05-29,1.177
2016-05-30,1.194
2016-05-31,1.196
2016-06-01,1.185
2016-06-02,1.185
2016-06-03,1.216
2016-06-04,1.253
2016-06-05,1.254
2016-06-06,1.257
2016-06-07,1.252
2016-06-08,1.238
2016-06-09,1.233
2016-06-10,1.227
2016-06-11,1.238
2016-06-12,1.338
2016-06-13,1.395
2016-06-14,1.385
2016-06-15,1.363
2016-06-16,1.424
2016-06-17,1.429
2016-06-18,1.422
2016-06-19,1.423
2016-06-20,1.406
2016-06-21,1.276
2016-06-22,1.224
2016-06-23,1.114
2016-06-24,1.229
2016-06-25,1.254
2016-06-26,1.199
2016-06-27,1.188
2016-06-28,1.204
2016-06-29,1.179
2016-06-30,1.206
2016-07-01,1.241
2016-07-02,1.257
2016-07-03,1.236
2016-07-04,1.221
2016-07-05,1.221
2016-07-06,1.22
2016-07-07,1.165
2016-07-08,1.174
2016-07-09,1.176
2016-07-10,1.169
2016-07-11,1.17
2016-07-12,1.182
2016-07-13,1.191
2016-07-14,1.178
2016-07-15,1.187
2016-07-16,1.185
2016-07-17,1.191
2016-07-18,1.2
2016-07-19,1.186
2016-07-20,1.181
2016-07-21,1.17
2016-07-22,1.165
2016-07-23,1.153
2016-07-24,1.155
2016-07-25,1.153
2016-07-26,1.144
2016-07-27,1.144
2016-07-28,1.144
2016-07-29,1.143
2016-07-30,1.143
2016-07-31,1.11
2016-08-01,1.084
2016-08-02,1.044
2016-08-03,0.971
2016-08-04,1.013
2016-08-05,1.011
2016-08-06,1.016
2016-08-07,1.04
2016-08-08,1.04
2016-08-09,1.034
2016-08-10,1.041
2016-08-11,1.044
2016-08-12,1.034
2016-08-13,1.031
2016-08-14,1.013
2016-08-15,1.002
2016-08-16,1.007
2016-08-17,1.012
2016-08-18,1.011
2016-08-19,1.011
2016-08-20,1.015
2016-08-21,1.02
2016-08-22,1.023
2016-08-23,1.024
2016-08-24,1.018
2016-08-25,1.009
2016-08-26,1.014
2016-08-27,1.005
2016-08-28,1.001
2016-08-29,1.006
2016-08-30,1.008
2016-08-31,1.003
2016-09-01,1.0
2016-09-02,1.0
2016-09-03,1.01
2016-09-04,1.051
2016-09-05,1.051
2016-09-06,1.051
2016-09-07,1.054
2016-09-08,1.068
2016-09-09,1.065
2016-09-10,1.066
2016-09-11,1.058
2016-09-12,1.034
2016-09-13,1.036
2016-09-14,1.035
2016-09-15,1.033
2016-09-16,1.031
2016-09-17,1.029
2016-09-18,1.03
2016-09-19,1.031
2016-09-20,1.027
2016-09-21,1.008
2016-09-22,1.007
2016-09-23,1.007
2016-09-24,1.014
2016-09-25,1.011
2016-09-26,1.013
2016-09-27,1.014
2016-09-28,1.012
2016-09-29,1.01
2016-09-30,1.01
2016-10-01,1.021
2016-10-02,1.019
2016-10-03,1.018
2016-10-04,1.014
2016-10-05,1.015
2016-10-06,1.013
2016-10-07,1.017
2016-10-08,1.023
2016-10-09,1.019
2016-10-10,1.019
2016-10-11,1.042
2016-10-12,1.048
2016-10-13,1.043
2016-10-14,1.042
2016-10-15,1.045
2016-10-16,1.045
2016-10-17,1.041
2016-10-18,1.037
2016-10-19,1.022
2016-10-20,1.016
2016-10-21,1.017
2016-10-22,1.034
2016-10-23,1.054
2016-10-24,1.045
2016-10-25,1.049
2016-10-26,1.062
2016-10-27,1.084
2016-10-28,1.085
2016-10-29,1.112
2016-10-30,1.109
2016-10-31,1.097
2016-11-01,1.124
2016-11-02,1.129
2016-11-03,1.124
2016-11-04,1.084
2016-11-05,1.088
2016-11-06,1.096
2016-11-07,1.09
2016-11-08,1.09
2016-11-09,1.115
2016-11-10,1.097
2016-11-11,1.096
2016-11-12,1.086
2016-11-13,1.067
2016-11-14,1.075
2016-11-15,1.086
2016-11-16,1.1
2016-11-17,1.126
2016-11-18,1.124
2016-11-19,1.132
2016-11-20,1.121
2016-11-21,1.111
2016-11-22,1.121
2016-11-23,1.119
2016-11-24,1.109
2016-11-25,1.105
2016-11-26,1.104
2016-11-27,1.1
2016-11-28,1.1
2016-11-29,1.098
2016-11-30,1.105
2016-12-01,1.116
2016-12-02,1.14
2016-12-03,1.127
2016-12-04,1.126
2016-12-05,1.114
2016-12-06,1.113
2016-12-07,1.118
2016-12-08,1.124
2016-12-09,1.125
2016-12-10,1.129
2016-12-11,1.119
2016-12-12,1.127
2016-12-13,1.131
2016-12-14,1.126
2016-12-15,1.124
2016-12-16,1.125
2016-12-17,1.133
2016-12-18,1.133
2016-12-19,1.136
2016-12-20,1.133
2016-12-21,1.159
2016-12-22,1.209
2016-12-23,1.252
2016-12-24,1.253
2016-12-25,1.211
2016-12-26,1.237
2016-12-27,1.255
2016-12-28,1.293
2016-12-29,1.302
2016-12-30,1.274
2016-12-31,1.273
2017-01-01,1.292
2017-01-02,1.329
2017-01-03,1.328
2017-01-04,1.365
2017-01-05,1.311
2017-01-06,1.168
2017-01-07,1.09
2017-01-08,1.143
2017-01-09,1.12
2017-01-10,1.131
2017-01-11,1.066
2017-01-12,0.992
2017-01-13,1.023
2017-01-14,1.049
2017-01-15,1.037
2017-01-16,1.049
2017-01-17,1.102
2017-01-18,1.111
2017-01-19,1.117
2017-01-20,1.117
2017-01-21,1.143
2017-01-22,1.147
2017-01-23,1.142
2017-01-24,1.124
2017-01-25,1.106
2017-01-26,1.114
2017-01-27,1.123
2017-01-28,1.123
2017-01-29,1.12
2017-01-30,1.118
2017-01-31,1.14
2017-02-01,1.172
2017-02-02,1.19
2017-02-03,1.209
2017-02-04,1.21
2017-02-05,1.21
2017-02-06,1.207
2017-02-07,1.224
2017-02-08,1.229
2017-02-09,1.189
2017-02-10,1.134
2017-02-11,1.166
2017-02-12,1.16
2017-02-13,1.153
2017-02-14,1.157
2017-02-15,1.159
2017-02-16,1.175
2017-02-17,1.191
2017-02-18,1.2
2017-02-19,1.19
2017-02-20,1.192
2017-02-21,1.233
2017-02-22,1.243
2017-02-23,1.261
2017-02-24,1.29
2017-02-25,1.268
2017-02-26,1.261
2017-02-27,1.279
2017-02-28,1.283
2017-03-01,1.288
2017-03-02,1.31
2017-03-03,1.331
2017-03-04,1.324
2017-03-05,1.308
2017-03-06,1.313
2017-03-07,1.286
2017-03-08,1.222
2017-03-09,1.202
2017-03-10,1.229
2017-03-11,1.193
2017-03-12,1.214
2017-03-13,1.242
2017-03-14,1.246
2017-03-15,1.245
2017-03-16,1.215
2017-03-17,1.128
2017-03-18,1.042
2017-03-19,1.019
2017-03-20,1.046
2017-03-21,1.093
2017-03-22,1.061
2017-03-23,1.046
2017-03-24,1.002
2017-03-25,0.944
2017-03-26,0.984
2017-03-27,1.015
2017-03-28,1.053
2017-03-29,1.042
2017-03-30,1.042
2017-03-31,1.059
2017-04-01,1.082
2017-04-02,1.085
2017-04-03,1.126
2017-04-04,1.131
2017-04-05,1.112
2017-04-06,1.144
2017-04-07,1.161
2017-04-08,1.157
2017-04-09,1.16
2017-04-10,1.17
2017-04-11,1.171
2017-04-12,1.17
2017-04-13,1.142
2017-04-14,1.132
2017-04-15,1.134
2017-04-16,1.129
2017-04-17,1.129
2017-04-18,1.144
2017-04-19,1.141
2017-04-20,1.155
2017-04-21,1.17
2017-04-22,1.165
2017-04-23,1.159
2017-04-24,1.162
2017-04-25,1.17
2017-04-26,1.188
2017-04-27,1.204
2017-04-28,1.21
2017-04-29,1.213
2017-04-30,1.204
2017-05-01,1.251
2017-05-02,1.278
2017-05-03,1.284
2017-05-04,1.325
2017-05-05,1.326
2017-05-06,1.312
2017-05-07,1.302
2017-05-08,1.337
2017-05-09,1.399
2017-05-10,1.402
2017-05-11,1.447
2017-05-12,1.392
2017-05-13,1.34
2017-05-14,1.389
2017-05-15,1.34
2017-05-16,1.328
2017-05-17,1.37
2017-05-18,1.392
2017-05-19,1.442
2017-05-20,1.474
2017-05-21,1.496
2017-05-22,1.535
2017-05-23,1.549
2017-05-24,1.622
2017-05-25,1.699
2017-05-26,1.561
2017-05-27,1.357
2017-05-28,1.416
2017-05-29,1.435
2017-05-30,1.447
2017-05-31,1.42
2017-06-01,1.492
2017-06-02,1.498
2017-06-03,1.534
2017-06-04,1.522
2017-06-05,1.551
2017-06-06,1.655
2017-06-07,1.618
2017-06-08,1.57
2017-06-09,1.588
2017-06-10,1.586
2017-06-11,1.599
2017-06-12,1.521
2017-06-13,1.46
2017-06-14,1.424
2017-06-15,1.273
2017-06-16,1.315
2017-06-17,1.365
2017-06-18,1.358
2017-06-19,1.344
2017-06-20,1.385
2017-06-21,1.395
2017-06-22,1.374
2017-06-23,1.383
2017-06-24,1.352
2017-06-25,1.306
2017-06-26,1.252
2017-06-27,1.225
2017-06-28,1.277
2017-06-29,1.28
2017-06-30,1.254
2017-07-01,1.219
2017-07-02,1.214
2017-07-03,1.25
2017-07-04,1.279
2017-07-05,1.261
2017-07-06,1.265
2017-07-07,1.232
2017-07-08,1.216
2017-07-09,1.225
2017-07-10,1.181
2017-07-11,1.13
2017-07-12,1.133
2017-07-13,1.144
2017-07-14,1.102
2017-07-15,1.0
2017-07-16,0.938
2017-07-17,0.999
2017-07-18,1.105
2017-07-19,1.118
2017-07-20,1.194
2017-07-21,1.285
2017-07-22,1.306
2017-07-23,1.296
2017-07-24,1.279
2017-07-25,1.216
2017-07-26,1.165
2017-07-27,1.192
2017-07-28,1.247
2017-07-29,1.222
2017-07-30,1.196
2017-07-31,1.214
2017-08-01,1.2
2017-08-02,1.165
2017-08-03,1.173
2017-08-04,1.194
2017-08-05,1.307
2017-08-06,1.311
2017-08-07,1.318
2017-08-08,1.343
2017-08-09,1.301
2017-08-10,1.309
2017-08-11,1.341
2017-08-12,1.419
2017-08-13,1.496
2017-08-14,1.519
2017-08-15,1.501
2017-08-16,1.486
2017-08-17,1.524
2017-08-18,1.467
2017-08-19,1.399
2017-08-20,1.394
2017-08-21,1.362
2017-08-22,1.318
2017-08-23,1.383
2017-08-24,1.389
2017-08-25,1.432
2017-08-26,1.411
2017-08-27,1.412
2017-08-28,1.392
2017-08-29,1.426
2017-08-30,1.446
2017-08-31,1.458
2017-09-01,1.479
2017-09-02,1.427
2017-09-03,1.397
2017-09-04,1.327
2017-09-05,1.291
2017-09-06,1.367
2017-09-07,1.363
2017-09-08,1.326
2017-09-09,1.272
2017-09-10,1.235
2017-09-11,1.241
2017-09-12,1.25
2017-09-13,1.156
2017-09-14,1.072
2017-09-15,1.021
2017-09-16,1.105
2017-09-17,1.086
2017-09-18,1.172
2017-09-19,1.17
2017-09-20,1.163
2017-09-21,1.116
2017-09-22,1.067
2017-09-23,1.096
2017-09-24,1.089
2017-09-25,1.124
2017-09-26,1.149
2017-09-27,1.181
2017-09-28,1.218
2017-09-29,1.201
2017-09-30,1.237
2017-10-01,1.241
2017-10-02,1.26
2017-10-03,1.23
2017-10-04,1.209
2017-10-05,1.207
2017-10-06,1.232
2017-10-07,1.227
2017-10-08,1.263
2017-10-09,1.293
2017-10-10,1.33
2017-10-11,1.317
2017-10-12,1.397
2017-10-13,1.51
2017-10-14,1.51
2017-10-15,1.488
2017-10-16,1.49
2017-10-17,1.464
2017-10-18,1.404
2017-10-19,1.453
2017-10-20,1.479
2017-10-21,1.538
2017-10-22,1.486
2017-10-23,1.452
2017-10-24,1.385
2017-10-25,1.355
2017-10-26,1.414
2017-10-27,1.405
2017-10-28,1.383
2017-10-29,1.409
2017-10-30,1.458
2017-10-31,1.477
2017-11-01,1.522
2017-11-02,1.598
2017-11-03,1.639
2017-11-04,1.628
2017-11-05,1.66
2017-11-06,1.594
2017-11-07,1.556
2017-11-08,1.602
2017-11-09,1.553
2017-11-10,1.479
2017-11-11,1.39
2017-11-12,1.288
2017-11-13,1.332
2017-11-14,1.373
2017-11-15,1.45
2017-11-16,1.519
2017-11-17,1.561
2017-11-18,1.525
2017-11-19,1.54
2017-11-20,1.577
2017-11-21,1.563
2017-11-22,1.559
2017-11-23,1.541
2017-11-24,1.524
2017-11-25,1.561
2017-11-26,1.643
2017-11-27,1.712
2017-11-28,1.714
2017-11-29,1.766
2017-11-30,1.663
2017-12-01,1.687
2017-12-02,1.783
2017-12-03,1.817
2017-12-04,1.802
2017-12-05,1.82
2017-12-06,1.92
2017-12-07,2.123
2017-12-08,2.139
2017-12-09,2.008
2017-12-10,1.895
2017-12-11,2.116
2017-12-12,2.096
2017-12-13,2.02
2017-12-14,1.961
2017-12-15,2.051
2017-12-16,2.104
2017-12-17,2.17
2017-12-18,2.07
2017-12-19,1.99
2017-12-20,1.813
2017-12-21,1.737
2017-12-22,1.467
2017-12-23,1.56
2017-12-24,1.429
2017-12-25,1.469
2017-12-26,1.609
2017-12-27,1.63
2017-12-28,1.474
2017-12-29,1.502
2017-12-30,1.348
2017-12-31,1.361
2018-01-01,1.358
2018-01-02,1.388
2018-01-03,1.484
2018-01-04,1.444
2018-01-05,1.521
2018-01-06,1.58
2018-01-07,1.542
2018-01-08,1.425
2018-01-09,1.378
2018-01-10,1.305
2018-01-11,1.248
2018-01-12,1.246
2018-01-13,1.293
2018-01-14,1.237
2018-01-15,1.247
2018-01-16,1.094
2018-01-17,0.965
2018-01-18,1.041
2018-01-19,1.041
2018-01-20,1.137
2018-01-21,1.078
2018-01-22,1.014
2018-01-23,0.98
2018-01-24,1.007
2018-01-25,1.029
2018-01-26,1.002
2018-01-27,1.022
2018-01-28,1.06
2018-01-29,1.024
2018-01-30,0.969
2018-01-31,0.915
2018-02-01,0.875
2018-02-02,0.799
2018-02-03,0.829
2018-02-04,0.811
2018-02-05,0.713
2018-02-06,0.649
2018-02-07,0.749
2018-02-08,0.783
2018-02-09,0.788
2018-02-10,0.822
2018-02-11,0.781
2018-02-12,0.823
2018-02-13,0.821
2018-02-14,0.859
2018-02-15,0.928
2018-02-16,0.946
2018-02-17,1.006
2018-02-18,1.004
2018-02-19,1.016
2018-02-20,1.07
2018-02-21,1.002
2018-02-22,0.954
2018-02-23,0.929
2018-02-24,0.92
2018-02-25,0.89
2018-02-26,0.919
2018-02-27,0.972
2018-02-28,0.973
2018-03-01,0.979
2018-03-02,1.006
2018-03-03,1.038
2018-03-04,1.028
2018-03-05,1.048
2018-03-06,1.002
2018-03-07,0.945
2018-03-08,0.883
2018-03-09,0.819
2018-03-10,0.848
2018-03-11,0.833
2018-03-12,0.867
2018-03-13,0.841
2018-03-14,0.807
2018-03-15,0.749
2018-03-16,0.768
2018-03-17,0.747
2018-03-18,0.713
2018-03-19,0.773
2018-03-20,0.799
2018-03-21,0.83
2018-03-22,0.812
2018-03-23,0.789
2018-03-24,0.818
2018-03-25,0.789
2018-03-26,0.76
2018-03-27,0.736
2018-03-28,0.732
2018-03-29,0.696
2018-03-30,0.642
2018-03-31,0.653
2018-04-01,0.636
2018-04-02,0.655
2018-04-03,0.687
2018-04-04,0.663
2018-04-05,0.635
2018-04-06,0.625
2018-04-07,0.649
2018-04-08,0.659
2018-04-09,0.65
2018-04-10,0.641
2018-04-11,0.652
2018-04-12,0.695
2018-04-13,0.754
2018-04-14,0.756
2018-04-15,0.776
2018-04-16,0.76
2018-04-17,0.756
2018-04-18,0.758
2018-04-19,0.772
2018-04-20,0.793
2018-04-21,0.824
2018-04-22,0.83
2018-04-23,0.831
2018-04-24,0.868
2018-04-25,0.854
2018-04-26,0.825
2018-04-27,0.854
2018-04-28,0.856
2018-04-29,0.866
2018-04-30,0.86
2018-05-01,0.832
2018-05-02,0.845
2018-05-03,0.87
2018-05-04,0.894
2018-05-05,0.909
2018-05-06,0.892
2018-05-07,0.866
2018-05-08,0.858
2018-05-09,0.853
2018-05-10,0.861
2018-05-11,0.813
2018-05-12,0.792
2018-05-13,0.805
2018-05-14,0.812
2018-05-15,0.819
2018-05-16,0.79
2018-05-17,0.8
2018-05-18,0.788
2018-05-19,0.805
2018-05-20,0.821
2018-05-21,0.84
2018-05-22,0.82
2018-05-23,0.78
2018-05-24,0.761
2018-05-25,0.759
2018-05-26,0.762
2018-05-27,0.747
2018-05-28,0.743
2018-05-29,0.75
2018-05-30,0.766
2018-05-31,0.778
2018-06-01,0.778
2018-06-02,0.793
2018-06-03,0.808
2018-06-04,0.8
2018-06-05,0.796
2018-06-06,0.811
2018-06-07,0.823
2018-06-08,0.82
2018-06-09,0.824
2018-06-10,0.775
2018-06-11,0.75
2018-06-12,0.756
2018-06-13,0.728
2018-06-14,0.74
2018-06-15,0.749
2018-06-16,0.743
2018-06-17,0.752
2018-06-18,0.758
2018-06-19,0.783
2018-06-20,0.782
2018-06-21,0.791
2018-06-22,0.75
2018-06-23,0.727
2018-06-24,0.718
2018-06-25,0.742
2018-06-26,0.746
2018-06-27,0.738
2018-06-28,0.739
2018-06-29,0.721
2018-06-30,0.778
2018-07-01,0.78
2018-07-02,0.796
2018-07-03,0.816
2018-07-04,0.815
2018-07-05,0.818
2018-07-06,0.816
2018-07-07,0.821
2018-07-08,0.843
2018-07-09,0.84
2018-07-10,0.812
2018-07-11,0.798
2018-07-12,0.783
2018-07-13,0.787
2018-07-14,0.788
2018-07-15,0.799
2018-07-16,0.826
2018-07-17,0.87
2018-07-18,0.933
2018-07-19,0.931
2018-07-20,0.935
2018-07-21,0.927
2018-07-22,0.94
2018-07-23,0.969
2018-07-24,1.017
2018-07-25,1.038
2018-07-26,1.03
2018-07-27,1.016
2018-07-28,1.035
2018-07-29,1.039
2018-07-30,1.031
2018-07-31,1.004
2018-08-01,0.963
2018-08-02,0.968
2018-08-03,0.948
2018-08-04,0.931
2018-08-05,0.903
2018-08-06,0.905
2018-08-07,0.913
2018-08-08,0.847
2018-08-09,0.845
2018-08-10,0.847
2018-08-11,0.826
2018-08-12,0.843
2018-08-13,0.851
2018-08-14,0.817
2018-08-15,0.862
2018-08-16,0.861
2018-08-17,0.879
2018-08-18,0.877
2018-08-19,0.873
2018-08-20,0.88
2018-08-21,0.876
2018-08-22,0.9
2018-08-23,0.883
2018-08-24,0.901
2018-08-25,0.924
2018-08-26,0.919
2018-08-27,0.926
2018-08-28,0.961
2018-08-29,0.97
2018-08-30,0.954
2018-08-31,0.961
2018-09-01,0.977
2018-09-02,0.994
2018-09-03,0.996
2018-09-04,1.003
2018-09-05,0.975
2018-09-06,0.885
2018-09-07,0.889
2018-09-08,0.878
2018-09-09,0.87
2018-09-10,0.872
2018-09-11,0.874
2018-09-12,0.872
2018-09-13,0.897
2018-09-14,0.904
2018-09-15,0.908
2018-09-16,0.904
2018-09-17,0.893
2018-09-18,0.882
2018-09-19,0.888
2018-09-20,0.9
2018-09-21,0.934
2018-09-22,0.941
2018-09-23,0.942
2018-09-24,0.934
2018-09-25,0.906
2018-09-26,0.916
2018-09-27,0.926
2018-09-28,0.947
2018-09-29,0.932
2018-09-30,0.941
2018-10-01,0.942
2018-10-02,0.939
2018-10-03,0.928
2018-10-04,0.945
2018-10-05,0.947
2018-10-06,0.95
2018-10-07,0.949
2018-10-08,0.957
2018-10-09,0.96
2018-10-10,0.952
2018-10-11,0.914
2018-10-12,0.915
2018-10-13,0.916
2018-10-14,0.923
2018-10-15,0.963
2018-10-16,0.97
2018-10-17,0.965
2018-10-18,0.965
2018-10-19,0.961
2018-10-20,0.966
2018-10-21,0.973
2018-10-22,0.969
2018-10-23,0.967
2018-10-24,0.972
2018-10-25,0.969
2018-10-26,0.969
2018-10-27,0.969
2018-10-28,0.97
2018-10-29,0.96
2018-10-30,0.95
2018-10-31,0.952
2018-11-01,0.957
2018-11-02,0.965
2018-11-03,0.962
2018-11-04,0.967
2018-11-05,0.972
2018-11-06,0.973
2018-11-07,0.987
2018-11-08,0.981
2018-11-09,0.971
2018-11-10,0.97
2018-11-11,0.968
2018-11-12,0.971
2018-11-13,0.965
2018-11-14,0.933
2018-11-15,0.864
2018-11-16,0.868
2018-11-17,0.865
2018-11-18,0.873
2018-11-19,0.825
2018-11-20,0.741
2018-11-21,0.731
2018-11-22,0.735
2018-11-23,0.705
2018-11-24,0.703
2018-11-25,0.636
2018-11-26,0.655
2018-11-27,0.636
2018-11-28,0.699
2018-11-29,0.728
2018-11-30,0.713
2018-12-01,0.718
2018-12-02,0.728
2018-12-03,0.702
2018-12-04,0.715
2018-12-05,0.708
2018-12-06,0.698
2018-12-07,0.639
2018-12-08,0.65
2018-12-09,0.67
2018-12-10,0.671
2018-12-11,0.657
2018-12-12,0.665
2018-12-13,0.66
2018-12-14,0.638
2018-12-15,0.63
2018-12-16,0.641
2018-12-17,0.667
2018-12-18,0.705
2018-12-19,0.755
2018-12-20,0.792
2018-12-21,0.801
2018-12-22,0.781
2018-12-23,0.807
2018-12-24,0.836
2018-12-25,0.765
2018-12-26,0.771
2018-12-27,0.76
2018-12-28,0.763
2018-12-29,0.799
2018-12-30,0.786
2018-12-31,0.785
2019-01-01,0.774
2019-01-02,0.804
2019-01-03,0.805
2019-01-04,0.797
2019-01-05,0.81
2019-01-06,0.82
2019-01-07,0.846
2019-01-08,0.845
2019-01-09,0.847
2019-01-10,0.806
2019-01-11,0.779
2019-01-12,0.778
2019-01-13,0.771
2019-01-14,0.774
2019-01-15,0.794
2019-01-16,0.788
2019-01-17,0.789
2019-01-18,0.794
2019-01-19,0.809
2019-01-20,0.796
2019-01-21,0.782
2019-01-22,0.788
2019-01-23,0.791
2019-01-24,0.789
2019-01-25,0.793
2019-01-26,0.799
2019-01-27,0.796
2019-01-28,0.774
2019-01-29,0.767
2019-01-30,0.78
2019-01-31,0.782
2019-02-01,0.783
2019-02-02,0.79
2019-02-03,0.792
2019-02-04,0.789
2019-02-05,0.79
2019-02-06,0.784
2019-02-07,0.785
2019-02-08,0.809
2019-02-09,0.846
2019-02-10,0.846
2019-02-11,0.844
2019-02-12,0.84
2019-02-13,0.846
2019-02-14,0.845
2019-02-15,0.851
2019-02-16,0.857
2019-02-17,0.86
2019-02-18,0.901
2019-02-19,0.932
2019-02-20,0.934
2019-02-21,0.935
2019-02-22,0.941
2019-02-23,0.955
2019-02-24,0.957
2019-02-25,0.912
2019-02-26,0.912
2019-02-27,0.913
2019-02-28,0.92
2019-03-01,0.921
2019-03-02,0.92
2019-03-03,0.919
2019-03-04,0.905
2019-03-05,0.917
2019-03-06,0.935
2019-03-07,0.941
2019-03-08,0.944
2019-03-09,0.95
2019-03-10,0.951
2019-03-11,0.945
2019-03-12,0.942
2019-03-13,0.945
2019-03-14,0.947
2019-03-15,0.953
2019-03-16,0.982
2019-03-17,0.978
2019-03-18,0.978
2019-03-19,0.982
2019-03-20,0.988
2019-03-21,0.991
2019-03-22,0.986
2019-03-23,0.987
2019-03-24,0.986
2019-03-25,0.981
2019-03-26,0.973
2019-03-27,0.996
2019-03-28,1.001
2019-03-29,1.014
2019-03-30,1.025
2019-03-31,1.026
2019-04-01,1.033
2019-04-02,1.152
2019-04-03,1.233
2019-04-04,1.218
2019-04-05,1.217
2019-04-06,1.232
2019-04-07,1.252
2019-04-08,1.272
2019-04-09,1.263
2019-04-10,1.273
2019-04-11,1.236
2019-04-12,1.219
2019-04-13,1.23
2019-04-14,1.226
2019-04-15,1.235
2019-04-16,1.229
2019-04-17,1.255
2019-04-18,1.265
2019-04-19,1.252
2019-04-20,1.265
2019-04-21,1.258
2019-04-22,1.262
2019-04-23,1.308
2019-04-24,1.287
2019-04-25,1.272
2019-04-26,1.222
2019-04-27,1.221
2019-04-28,1.229
2019-04-29,1.222
2019-04-30,1.229
2019-05-01,1.243
2019-05-02,1.258
2019-05-03,1.313
2019-05-04,1.318
2019-05-05,1.32
2019-05-06,1.298
2019-05-07,1.331
2019-05-08,1.309
2019-05-09,1.331
2019-05-10,1.357
2019-05-11,1.437
2019-05-12,1.486
2019-05-13,1.509
2019-05-14,1.586
2019-05-15,1.56
2019-05-16,1.511
2019-05-17,1.377
2019-05-18,1.384
2019-05-19,1.488
2019-05-20,1.468
2019-05-21,1.464
2019-05-22,1.442
2019-05-23,1.404
2019-05-24,1.441
2019-05-25,1.446
2019-05-26,1.454
2019-05-27,1.552
2019-05-28,1.529
2019-05-29,1.448
2019-05-30,1.439
2019-05-31,1.386
2019-06-01,1.412
2019-06-02,1.427
2019-06-03,1.395
2019-06-04,1.283
2019-06-05,1.265
2019-06-06,1.261
2019-06-07,1.284
2019-06-08,1.284
2019-06-09,1.261
2019-06-10,1.258
2019-06-11,1.267
2019-06-12,1.284
2019-06-13,1.3
2019-06-14,1.322
2019-06-15,1.375
2019-06-16,1.422
2019-06-17,1.43
2019-06-18,1.407
2019-06-19,1.387
2019-06-20,1.406
2019-06-21,1.461
2019-06-22,1.568
2019-06-23,1.562
2019-06-24,1.56
2019-06-25,1.6
2019-06-26,1.722
2019-06-27,1.586
2019-06-28,1.549
2019-06-29,1.554
2019-06-30,1.504
2019-07-01,1.395
2019-07-02,1.342
2019-07-03,1.464
2019-07-04,1.495
2019-07-05,1.414
2019-07-06,1.44
2019-07-07,1.424
2019-07-08,1.474
2019-07-09,1.546
2019-07-10,1.533
2019-07-11,1.399
2019-07-12,1.391
2019-07-13,1.368
2019-07-14,1.3
2019-07-15,1.249
2019-07-16,1.239
2019-07-17,1.147
2019-07-18,1.195
2019-07-19,1.236
2019-07-20,1.258
2019-07-21,1.24
2019-07-22,1.223
2019-07-23,1.18
2019-07-24,1.137
2019-07-25,1.171
2019-07-26,1.138
2019-07-27,1.13
2019-07-28,1.104
2019-07-29,1.101
2019-07-30,1.099
2019-07-31,1.134
2019-08-01,1.158
2019-08-02,1.189
2019-08-03,1.222
2019-08-04,1.223
2019-08-05,1.307
2019-08-06,1.301
2019-08-07,1.291
2019-08-08,1.293
2019-08-09,1.29
2019-08-10,1.261
2019-08-11,1.238
2019-08-12,1.237
2019-08-13,1.204
2019-08-14,1.126
2019-08-15,1.083
2019-08-16,1.104
2019-08-17,1.108
2019-08-18,1.107
2019-08-19,1.141
2019-08-20,1.151
2019-08-21,1.089
2019-08-22,1.074
2019-08-23,1.09
2019-08-24,1.074
2019-08-25,1.068
2019-08-26,1.092
2019-08-27,1.074
2019-08-28,1.058
2019-08-29,1.004
2019-08-30,1.007
2019-08-31,1.014
2019-09-01,1.017
2019-09-02,1.049
2019-09-03,1.104
2019-09-04,1.105
2019-09-05,1.102
2019-09-06,1.106
2019-09-07,1.082
2019-09-08,1.085
2019-09-09,1.067
2019-09-10,1.058
2019-09-11,1.036
2019-09-12,1.052
2019-09-13,1.059
2019-09-14,1.06
2019-09-15,1.058
2019-09-16,1.049
2019-09-17,1.043
2019-09-18,1.039
2019-09-19,1.019
2019-09-20,1.035
2019-09-21,1.021
2019-09-22,1.016
2019-09-23,1.005
2019-09-24,0.961
2019-09-25,0.871
2019-09-26,0.853
2019-09-27,0.833
2019-09-28,0.847
2019-09-29,0.838
2019-09-30,0.84
2019-10-01,0.869
2019-10-02,0.858
2019-10-03,0.854
2019-10-04,0.844
2019-10-05,0.841
2019-10-06,0.827
2019-10-07,0.834
2019-10-08,0.852
2019-10-09,0.865
2019-10-10,0.887
2019-10-11,0.869
2019-10-12,0.863
2019-10-13,0.864
2019-10-14,0.86
2019-10-15,0.855
2019-10-16,0.836
2019-10-17,0.834
2019-10-18,0.829
2019-10-19,0.829
2019-10-20,0.835
2019-10-21,0.855
2019-10-22,0.852
2019-10-23,0.807
2019-10-24,0.78
2019-10-25,0.827
2019-10-26,0.968
2019-10-27,0.974
2019-10-28,0.979
2019-10-29,0.968
2019-10-30,0.948
2019-10-31,0.946
2019-11-01,0.945
2019-11-02,0.958
2019-11-03,0.953
2019-11-04,0.955
2019-11-05,0.971
2019-11-06,0.97
2019-11-07,0.955
2019-11-08,0.929
2019-11-09,0.912
2019-11-10,0.921
2019-11-11,0.912
2019-11-12,0.906
2019-11-13,0.908
2019-11-14,0.899
2019-11-15,0.887
2019-11-16,0.881
2019-11-17,0.886
2019-11-18,0.874
2019-11-19,0.847
2019-11-20,0.847
2019-11-21,0.822
2019-11-22,0.777
2019-11-23,0.77
2019-11-24,0.762
2019-11-25,0.747
2019-11-26,0.769
2019-11-27,0.784
2019-11-28,0.817
2019-11-29,0.83
2019-11-30,0.837
2019-12-01,0.807
2019-12-02,0.806
2019-12-03,0.809
2019-12-04,0.805
2019-12-05,0.814
2019-12-06,0.826
2019-12-07,0.841
2019-12-08,0.839
2019-12-09,0.835
2019-12-10,0.819
2019-12-11,0.813
2019-12-12,0.811
2019-12-13,0.82
2019-12-14,0.816
2019-12-15,0.809
2019-12-16,0.805
2019-12-17,0.779
2019-12-18,0.783
2019-12-19,0.825
2019-12-20,0.829
2019-12-21,0.833
2019-12-22,0.844
2019-12-23,0.873
2019-12-24,0.852
2019-12-25,0.846
2019-12-26,0.85
2019-12-27,0.848
2019-12-28,0.862
2019-12-29,0.868
2019-12-30,0.864
2019-12-31,0.857
2020-01-01,0.858
2020-01-02,0.846
2020-01-03,0.863
2020-01-04,0.875
2020-01-05,0.888
2020-01-06,0.901
2020-01-07,0.95
2020-01-08,0.99
2020-01-09,0.951
2020-01-10,0.953
2020-01-11,0.98
2020-01-12,0.981
2020-01-13,0.979
2020-01-14,1.027
2020-01-15,1.044
2020-01-16,1.035
2020-01-17,1.053
2020-01-18,1.057
2020-01-19,1.053
2020-01-20,1.029
2020-01-21,1.03
2020-01-22,1.033
2020-01-23,1.006
2020-01-24,1.001
2020-01-25,0.994
2020-01-26,1.009
2020-01-27,1.042
2020-01-28,1.078
2020-01-29,1.109
2020-01-30,1.11
2020-01-31,1.101
2020-02-01,1.104
2020-02-02,1.104
2020-02-03,1.095
2020-02-04,1.08
2020-02-05,1.102
2020-02-06,1.128
2020-02-07,1.133
2020-02-08,1.14
2020-02-09,1.168
2020-02-10,1.146
2020-02-11,1.148
2020-02-12,1.188
2020-02-13,1.178
2020-02-14,1.174
2020-02-15,1.158
2020-02-16,1.132
2020-02-17,1.112
2020-02-18,1.124
2020-02-19,1.149
2020-02-20,1.093
2020-02-21,1.104
2020-02-22,1.101
2020-02-23,1.123
2020-02-24,1.107
2020-02-25,1.078
2020-02-26,1.029
2020-02-27,1.004
2020-02-28,0.993
2020-02-29,0.992
2020-03-01,0.979
2020-03-02,1.001
2020-03-03,1.006
2020-03-04,1.007
2020-03-05,1.036
2020-03-06,1.042
2020-03-07,1.037
2020-03-08,0.983
2020-03-09,0.911
2020-03-10,0.92
2020-03-11,0.915
2020-03-12,0.802
2020-03-13,0.66
2020-03-14,0.679
2020-03-15,0.669
2020-03-16,0.638
2020-03-17,0.684
2020-03-18,0.683
2020-03-19,0.744
2020-03-20,0.822
2020-03-21,0.797
2020-03-22,0.794
2020-03-23,0.791
2020-03-24,0.858
2020-03-25,0.859
2020-03-26,0.861
2020-03-27,0.863
2020-03-28,0.806
2020-03-29,0.792
2020-03-30,0.815
2020-03-31,0.841
2020-04-01,0.833
2020-04-02,0.886
2020-04-03,0.898
2020-04-04,0.895
2020-04-05,0.897
2020-04-06,0.935
2020-04-07,0.962
2020-04-08,0.96
2020-04-09,0.961
2020-04-10,0.927
2020-04-11,0.915
2020-04-12,0.925
2020-04-13,0.9
2020-04-14,0.918
2020-04-15,0.908
2020-04-16,0.926
2020-04-17,0.945
2020-04-18,0.957
2020-04-19,0.959
2020-04-20,0.943
2020-04-21,0.921
2020-04-22,0.939
2020-04-23,0.976
2020-04-24,1.004
2020-04-25,1.006
2020-04-26,1.014
2020-04-27,1.022
2020-04-28,1.023
2020-04-29,1.075
2020-04-30,1.143
2020-05-01,1.125
2020-05-02,1.133
2020-05-03,1.141
2020-05-04,1.112
2020-05-05,1.131
2020-05-06,1.153
2020-05-07,1.18
2020-05-08,1.22
2020-05-09,1.194
2020-05-10,1.067
2020-05-11,1.074
2020-05-12,1.084
2020-05-13,1.116
2020-05-14,1.175
2020-05-15,1.162
2020-05-16,1.149
2020-05-17,1.174
2020-05-18,1.179
2020-05-19,1.169
2020-05-20,1.165
2020-05-21,1.118
2020-05-22,1.101
2020-05-23,1.11
2020-05-24,1.098
2020-05-25,1.065
2020-05-26,1.07
2020-05-27,1.089
2020-05-28,1.122
2020-05-29,1.134
2020-05-30,1.141
2020-05-31,1.143
2020-06-01,1.143
2020-06-02,1.171
2020-06-03,1.133
2020-06-04,1.148
2020-06-05,1.151
2020-06-06,1.138
2020-06-07,1.136
2020-06-08,1.146
2020-06-09,1.143
2020-06-10,1.149
2020-06-11,1.131
2020-06-12,1.105
2020-06-13,1.107
2020-06-14,1.104
2020-06-15,1.086
2020-06-16,1.114
2020-06-17,1.106
2020-06-18,1.096
2020-06-19,1.087
2020-06-20,1.084
2020-06-21,1.089
2020-06-22,1.104
2020-06-23,1.12
2020-06-24,1.096
2020-06-25,1.074
2020-06-26,1.06
2020-06-27,1.052
2020-06-28,1.047
2020-06-29,1.054
2020-06-30,1.056
2020-07-01,1.06
2020-07-02,1.058
2020-07-03,1.049
2020-07-04,1.05
2020-07-05,1.047
2020-07-06,1.064
2020-07-07,1.069
2020-07-08,1.077
2020-07-09,1.074
2020-07-10,1.061
2020-07-11,1.068
2020-07-12,1.072
2020-07-13,1.075
2020-07-14,1.069
2020-07-15,1.07
2020-07-16,1.061
2020-07-17,1.062
2020-07-18,1.065
2020-07-19,1.065
2020-07-20,1.067
2020-07-21,1.082
2020-07-22,1.087
2020-07-23,1.106
2020-07-24,1.107
2020-07-25,1.114
2020-07-26,1.137
2020-07-27,1.199
2020-07-28,1.248
2020-07-29,1.254
2020-07-30,1.242
2020-07-31,1.256
2020-08-01,1.297
2020-08-02,1.259
2020-08-03,1.242
2020-08-04,1.238
2020-08-05,1.256
2020-08-06,1.273
2020-08-07,1.258
2020-08-08,1.25
2020-08-09,1.244
2020-08-10,1.264
2020-08-11,1.23
2020-08-12,1.209
2020-08-13,1.215
2020-08-14,1.228
2020-08-15,1.229
2020-08-16,1.222
2020-08-17,1.234
2020-08-18,1.235
2020-08-19,1.192
2020-08-20,1.186
2020-08-21,1.174
2020-08-22,1.152
2020-08-23,1.156
2020-08-24,1.164
2020-08-25,1.138
2020-08-26,1.124
2020-08-27,1.116
2020-08-28,1.123
2020-08-29,1.126
2020-08-30,1.135
2020-08-31,1.137
2020-09-01,1.151
2020-09-02,1.12
2020-09-03,1.067
2020-09-04,1.009
2020-09-05,0.997
2020-09-06,0.992
2020-09-07,0.989
2020-09-08,0.987
2020-09-09,0.991
2020-09-10,1.005
2020-09-11,1.001
2020-09-12,1.008
2020-09-13,1.01
2020-09-14,1.021
2020-09-15,1.045
2020-09-16,1.055
2020-09-17,1.052
2020-09-18,1.053
2020-09-19,1.061
2020-09-20,1.05
2020-09-21,1.027
2020-09-22,1.008
2020-09-23,1.005
2020-09-24,1.008
2020-09-25,1.027
2020-09-26,1.031
2020-09-27,1.031
2020-09-28,1.044
2020-09-29,1.028
2020-09-30,1.029
2020-10-01,1.027
2020-10-02,1.006
2020-10-03,1.007
2020-10-04,1.012
2020-10-05,1.02
2020-10-06,1.018
2020-10-07,1.011
2020-10-08,1.02
2020-10-09,1.04
2020-10-10,1.071
2020-10-11,1.072
2020-10-12,1.077
2020-10-13,1.074
2020-10-14,1.068
2020-10-15,1.066
2020-10-16,1.061
2020-10-17,1.058
2020-10-18,1.066
2020-10-19,1.076
2020-10-20,1.096
2020-10-21,1.145
2020-10-22,1.173
2020-10-23,1.163
2020-10-24,1.166
2020-10-25,1.166
2020-10-26,1.165
2020-10-27,1.185
2020-10-28,1.185
2020-10-29,1.17
2020-10-30,1.176
2020-10-31,1.199
2020-11-01,1.196
2020-11-02,1.177
2020-11-03,1.165
2020-11-04,1.181
2020-11-05,1.237
2020-11-06,1.293
2020-11-07,1.269
2020-11-08,1.25
2020-11-09,1.258
2020-11-10,1.247
2020-11-11,1.263
2020-11-12,1.281
2020-11-13,1.303
2020-11-14,1.278
2020-11-15,1.273
2020-11-16,1.296
2020-11-17,1.338
2020-11-18,1.374
2020-11-19,1.363
2020-11-20,1.372
2020-11-21,1.385
2020-11-22,1.359
2020-11-23,1.353
2020-11-24,1.369
2020-11-25,1.372
2020-11-26,1.249
2020-11-27,1.218
2020-11-28,1.239
2020-11-29,1.283
2020-11-30,1.333
2020-12-01,1.344
2020-12-02,1.313
2020-12-03,1.328
2020-12-04,1.31
2020-12-05,1.3
2020-12-06,1.308
2020-12-07,1.306
2020-12-08,1.284
2020-12-09,1.237
2020-12-10,1.233
2020-12-11,1.206
2020-12-12,1.239
2020-12-13,1.271
2020-12-14,1.27
2020-12-15,1.275
2020-12-16,1.309
2020-12-17,1.435
2020-12-18,1.412
2020-12-19,1.431
2020-12-20,1.435
2020-12-21,1.404
2020-12-22,1.38
2020-12-23,1.39
2020-12-24,1.355
2020-12-25,1.396
2020-12-26,1.457
2020-12-27,1.53
2020-12-28,1.493
2020-12-29,1.446
2020-12-30,1.502
2020-12-31,1.522
2021-01-01,1.519
2021-01-02,1.567
2021-01-03,1.665
2021-01-04,1.56
2021-01-05,1.539
2021-01-06,1.624
2021-01-07,1.709
2021-01-08,1.723
2021-01-09,1.707
2021-01-10,1.662
2021-01-11,1.43
2021-01-12,1.443
2021-01-13,1.426
2021-01-14,1.562
2021-01-15,1.51
2021-01-16,1.478
2021-01-17,1.426
2021-01-18,1.436
2021-01-19,1.457
2021-01-20,1.387
2021-01-21,1.296
2021-01-22,1.257
2021-01-23,1.273
2021-01-24,1.268
2021-01-25,1.309
2021-01-26,1.254
2021-01-27,1.214
2021-01-28,1.239
2021-01-29,1.351
2021-01-30,1.306
2021-01-31,1.278
2021-02-01,1.286
2021-02-02,1.316
2021-02-03,1.377
2021-02-04,1.4
2021-02-05,1.389
2021-02-06,1.459
2021-02-07,1.412
2021-02-08,1.486
2021-02-09,1.633
2021-02-10,1.579
2021-02-11,1.578
2021-02-12,1.603
2021-02-13,1.585
2021-02-14,1.622
2021-02-15,1.576
2021-02-16,1.595
2021-02-17,1.641
2021-02-18,1.648
2021-02-19,1.65
2021-02-20,1.719
2021-02-21,1.727
2021-02-22,1.641
2021-02-23,1.453
2021-02-24,1.474
2021-02-25,1.468
2021-02-26,1.356
2021-02-27,1.374
2021-02-28,1.305
2021-03-01,1.382
2021-03-02,1.401
2021-03-03,1.446
2021-03-04,1.409
2021-03-05,1.362
2021-03-06,1.375
2021-03-07,1.425
2021-03-08,1.436
2021-03-09,1.514
2021-03-10,1.541
2021-03-11,1.548
2021-03-12,1.547
2021-03-13,1.587
2021-03-14,1.618
2021-03-15,1.532
2021-03-16,1.467
2021-03-17,1.474
2021-03-18,1.527
2021-03-19,1.519
2021-03-20,1.526
2021-03-21,1.482
2021-03-22,1.463
2021-03-23,1.399
2021-03-24,1.403
2021-03-25,1.32
2021-03-26,1.346
2021-03-27,1.386
2021-03-28,1.399
2021-03-29,1.419
2021-03-30,1.446
2021-03-31,1.446
2021-04-01,1.442
2021-04-02,1.445
2021-04-03,1.433
2021-04-04,1.402
2021-04-05,1.407
2021-04-06,1.398
2021-04-07,1.343
2021-04-08,1.344
2021-04-09,1.361
2021-04-10,1.395
2021-04-11,1.389
2021-04-12,1.389
2021-04-13,1.427
2021-04-14,1.443
2021-04-15,1.422
2021-04-16,1.389
2021-04-17,1.376
2021-04-18,1.253
2021-04-19,1.262
2021-04-20,1.242
2021-04-21,1.236
2021-04-22,1.195
2021-04-23,1.111
2021-04-24,1.113
2021-04-25,1.104
2021-04-26,1.179
2021-04-27,1.207
2021-04-28,1.207
2021-04-29,1.184
2021-04-30,1.212
2021-05-01,1.26
2021-05-02,1.238
2021-05-03,1.258
2021-05-04,1.197
2021-05-05,1.209
2021-05-06,1.225
2021-05-07,1.215
2021-05-08,1.247
2021-05-09,1.232
2021-05-10,1.225
2021-05-11,1.184
2021-05-12,1.179
2021-05-13,1.054
2021-05-14,1.061
2021-05-15,1.033
2021-05-16,1.009
2021-05-17,0.931
2021-05-18,0.931
2021-05-19,0.833
2021-05-20,0.857
2021-05-21,0.841
2021-05-22,0.808
2021-05-23,0.755
2021-05-24,0.801
2021-05-25,0.823
2021-05-26,0.846
2021-05-27,0.83
2021-05-28,0.781
2021-05-29,0.755
2021-05-30,0.76
2021-05-31,0.773
2021-06-01,0.777
2021-06-02,0.792
2021-06-03,0.819
2021-06-04,0.788
2021-06-05,0.776
2021-06-06,0.764
2021-06-07,0.762
2021-06-08,0.702
2021-06-09,0.744
2021-06-10,0.789
2021-06-11,0.789
2021-06-12,0.76
2021-06-13,0.776
2021-06-14,0.842
2021-06-15,0.852
2021-06-16,0.834
2021-06-17,0.818
2021-06-18,0.783
2021-06-19,0.758
2021-06-20,0.744
2021-06-21,0.705
2021-06-22,0.686
2021-06-23,0.722
2021-06-24,0.723
2021-06-25,0.722
2021-06-26,0.685
2021-06-27,0.72
2021-06-28,0.749
2021-06-29,0.772
2021-06-30,0.758
2021-07-01,0.732
2021-07-02,0.727
2021-07-03,0.749
2021-07-04,0.769
2021-07-05,0.743
2021-07-06,0.746
2021-07-07,0.754
2021-07-08,0.718
2021-07-09,0.725
2021-07-10,0.735
2021-07-11,0.738
2021-07-12,0.736
2021-07-13,0.719
2021-07-14,0.713
2021-07-15,0.706
2021-07-16,0.701
2021-07-17,0.7
2021-07-18,0.705
2021-07-19,0.693
2021-07-20,0.665
2021-07-21,0.698
2021-07-22,0.719
2021-07-23,0.733
2021-07-24,0.765
2021-07-25,0.778
2021-07-26,0.868
2021-07-27,0.854
2021-07-28,0.902
2021-07-29,0.903
2021-07-30,0.9
2021-07-31,0.944
2021-08-01,0.94
2021-08-02,0.898
2021-08-03,0.873
2021-08-04,0.879
2021-08-05,0.895
2021-08-06,0.938
2021-08-07,0.988
2021-08-08,1.003
2021-08-09,1.014
2021-08-10,1.028
2021-08-11,1.037
2021-08-12,1.011
2021-08-13,1.043
2021-08-14,1.063
2021-08-15,1.049
2021-08-16,1.059
2021-08-17,1.039
2021-08-18,1.024
2021-08-19,1.026
2021-08-20,1.082
2021-08-21,1.108
2021-08-22,1.105
2021-08-23,1.126
2021-08-24,1.104
2021-08-25,1.088
2021-08-26,1.067
2021-08-27,1.077
2021-08-28,1.103
2021-08-29,1.099
2021-08-30,1.086
2021-08-31,1.069
2021-09-01,1.078
2021-09-02,1.12
2021-09-03,1.126
2021-09-04,1.129
2021-09-05,1.136
2021-09-06,1.166
2021-09-07,1.124
2021-09-08,1.051
2021-09-09,1.054
2021-09-10,1.043
2021-09-11,1.034
2021-09-12,1.041
2021-09-13,1.026
2021-09-14,1.054
2021-09-15,1.088
2021-09-16,1.099
2021-09-17,1.094
2021-09-18,1.111
2021-09-19,1.099
2021-09-20,1.037
2021-09-21,0.991
2021-09-22,0.995
2021-09-23,1.032
2021-09-24,1.013
2021-09-25,1.003
2021-09-26,1.008
2021-09-27,1.026
2021-09-28,0.991
2021-09-29,0.992
2021-09-30,1.026
2021-10-01,1.092
2021-10-02,1.13
2021-10-03,1.134
2021-10-04,1.135
2021-10-05,1.177
2021-10-06,1.228
2021-10-07,1.251
2021-10-08,1.251
2021-10-09,1.263
2021-10-10,1.273
2021-10-11,1.303
2021-10-12,1.296
2021-10-13,1.28
2021-10-14,1.312
2021-10-15,1.351
2021-10-16,1.374
2021-10-17,1.363
2021-10-18,1.376
2021-10-19,1.384
2021-10-20,1.414
2021-10-21,1.382
2021-10-22,1.331
2021-10-23,1.306
2021-10-24,1.288
2021-10-25,1.317
2021-10-26,1.302
2021-10-27,1.245
2021-10-28,1.255
2021-10-29,1.277
2021-10-30,1.274
2021-10-31,1.259
2021-11-01,1.255
2021-11-02,1.273
2021-11-03,1.268
2021-11-04,1.246
2021-11-05,1.236
2021-11-06,1.223
2021-11-07,1.244
2021-11-08,1.304
2021-11-09,1.327
2021-11-10,1.306
2021-11-11,1.266
2021-11-12,1.217
2021-11-13,1.213
2021-11-14,1.221
2021-11-15,1.225
2021-11-16,1.146
2021-11-17,1.129
2021-11-18,1.114
2021-11-19,1.083
2021-11-20,1.11
2021-11-21,1.117
2021-11-22,1.084
2021-11-23,1.077
2021-11-24,1.071
2021-11-25,1.095
2021-11-26,1.047
2021-11-27,1.03
2021-11-28,1.029
2021-11-29,1.081
2021-11-30,1.074
2021-12-01,1.074
2021-12-02,1.061
2021-12-03,1.045
2021-12-04,0.92
2021-12-05,0.925
2021-12-06,0.923
2021-12-07,0.963
2021-12-08,0.95
2021-12-09,0.93
2021-12-10,0.916
2021-12-11,0.921
2021-12-12,0.942
2021-12-13,0.917
2021-12-14,0.9
2021-12-15,0.918
2021-12-16,0.928
2021-12-17,0.901
2021-12-18,0.893
2021-12-19,0.901
2021-12-20,0.888
2021-12-21,0.925
2021-12-22,0.935
2021-12-23,0.938
2021-12-24,0.971
2021-12-25,0.967
2021-12-26,0.955
2021-12-27,0.97
2021-12-28,0.928
2021-12-29,0.902
2021-12-30,0.893
2021-12-31,0.891
2022-01-01,0.889
2022-01-02,0.891
2022-01-03,0.884
2022-01-04,0.878
2022-01-05,0.87
2022-01-06,0.822
2022-01-07,0.804
2022-01-08,0.8
2022-01-09,0.805
2022-01-10,0.801
2022-01-11,0.813
2022-01-12,0.833
2022-01-13,0.837
2022-01-14,0.826
2022-01-15,0.833
2022-01-16,0.832
2022-01-17,0.823
2022-01-18,0.814
2022-01-19,0.816
2022-01-20,0.823
2022-01-21,0.762
2022-01-22,0.705
2022-01-23,0.707
2022-01-24,0.704
2022-01-25,0.733
2022-01-26,0.755
2022-01-27,0.735
2022-01-28,0.751
2022-01-29,0.771
2022-01-30,0.775
2022-01-31,0.768
2022-02-01,0.798
2022-02-02,0.788
2022-02-03,0.764
2022-02-04,0.802
2022-02-05,0.859
2022-02-06,0.861
2022-02-07,0.891
2022-02-08,0.905
2022-02-09,0.906
2022-02-10,0.913
2022-02-11,0.889
2022-02-12,0.872
2022-02-13,0.872
2022-02-14,0.87
2022-02-15,0.904
2022-02-16,0.904
2022-02-17,0.879
2022-02-18,0.835
2022-02-19,0.829
2022-02-20,0.803
2022-02-21,0.8
2022-02-22,0.781
2022-02-23,0.797
2022-02-24,0.756
2022-02-25,0.814
2022-02-26,0.822
2022-02-27,0.812
2022-02-28,0.831
2022-03-01,0.917
2022-03-02,0.924
2022-03-03,0.904
2022-03-04,0.861
2022-03-05,0.825
2022-03-06,0.823
2022-03-07,0.808
2022-03-08,0.818
2022-03-09,0.88
2022-03-10,0.84
2022-03-11,0.831
2022-03-12,0.835
2022-03-13,0.831
2022-03-14,0.83
2022-03-15,0.837
2022-03-16,0.864
2022-03-17,0.883
2022-03-18,0.883
2022-03-19,0.904
2022-03-20,0.899
2022-03-21,0.889
2022-03-22,0.918
2022-03-23,0.914
2022-03-24,0.939
2022-03-25,0.96
2022-03-26,0.963
2022-03-27,0.975
2022-03-28,1.021
2022-03-29,1.026
2022-03-30,1.018
2022-03-31,1.008
2022-04-01,0.983
2022-04-02,1.004
2022-04-03,1.002
2022-04-04,0.996
2022-04-05,1.003
2022-04-06,0.969
2022-04-07,0.95
2022-04-08,0.948
2022-04-09,0.932
2022-04-10,0.939
2022-04-11,0.909
2022-04-12,0.886
2022-04-13,0.9
2022-04-14,0.908
2022-04-15,0.9
2022-04-16,0.921
2022-04-17,0.92
2022-04-18,0.907
2022-04-19,0.941
2022-04-20,0.952
2022-04-21,0.957
2022-04-22,0.926
2022-04-23,0.917
2022-04-24,0.918
2022-04-25,0.91
2022-04-26,0.922
2022-04-27,0.905
2022-04-28,0.925
2022-04-29,0.918
2022-04-30,0.906
2022-05-01,0.898
2022-05-02,0.916
2022-05-03,0.91
2022-05-04,0.925
2022-05-05,0.92
2022-05-06,0.87
2022-05-07,0.865
2022-05-08,0.836
2022-05-09,0.802
2022-05-10,0.778
2022-05-11,0.772
2022-05-12,0.726
2022-05-13,0.777
2022-05-14,0.761
2022-05-15,0.781
2022-05-16,0.779
2022-05-17,0.79
2022-05-18,0.774
2022-05-19,0.777
2022-05-20,0.786
2022-05-21,0.775
2022-05-22,0.787
2022-05-23,0.796
2022-05-24,0.778
2022-05-25,0.791
2022-05-26,0.787
2022-05-27,0.779
2022-05-28,0.78
2022-05-29,0.788
2022-05-30,0.829
2022-05-31,0.857
2022-06-01,0.842
2022-06-02,0.819
2022-06-03,0.82
2022-06-04,0.816
2022-06-05,0.82
2022-06-06,0.862
2022-06-07,0.829
2022-06-08,0.846
2022-06-09,0.842
2022-06-10,0.827
2022-06-11,0.807
2022-06-12,0.775
2022-06-13,0.698
2022-06-14,0.656
2022-06-15,0.641
2022-06-16,0.649
2022-06-17,0.637
2022-06-18,0.603
2022-06-19,0.606
2022-06-20,0.639
2022-06-21,0.664
2022-06-22,0.644
2022-06-23,0.654
2022-06-24,0.673
2022-06-25,0.681
2022-06-26,0.685
2022-06-27,0.677
2022-06-28,0.668
2022-06-29,0.653
2022-06-30,0.634
2022-07-01,0.642
2022-07-02,0.634
2022-07-03,0.634
2022-07-04,0.647
2022-07-05,0.664
2022-07-06,0.678
2022-07-07,0.7
2022-07-08,0.732
2022-07-09,0.732
2022-07-10,0.717
2022-07-11,0.698
2022-07-12,0.676
2022-07-13,0.675
2022-07-14,0.696
2022-07-15,0.722
2022-07-16,0.726
2022-07-17,0.739
2022-07-18,0.762
2022-07-19,0.789
2022-07-20,0.823
2022-07-21,0.805
2022-07-22,0.812
2022-07-23,0.791
2022-07-24,0.797
2022-07-25,0.775
2022-07-26,0.746
2022-07-27,0.77
2022-07-28,0.827
2022-07-29,0.847
2022-07-30,0.852
2022-07-31,0.842
2022-08-01,0.825
2022-08-02,0.841
2022-08-03,0.85
2022-08-04,0.843
2022-08-05,0.854
2022-08-06,0.859
2022-08-07,0.856
2022-08-08,0.883
2022-08-09,0.871
2022-08-10,0.871
2022-08-11,0.907
2022-08-12,0.893
2022-08-13,0.914
2022-08-14,0.914
2022-08-15,0.906
2022-08-16,0.895
2022-08-17,0.886
2022-08-18,0.878
2022-08-19,0.822
2022-08-20,0.804
2022-08-21,0.813
2022-08-22,0.811
2022-08-23,0.818
2022-08-24,0.823
2022-08-25,0.831
2022-08-26,0.817
2022-08-27,0.789
2022-08-28,0.785
2022-08-29,0.788
2022-08-30,0.799
2022-08-31,0.805
2022-09-01,0.798
2022-09-02,0.808
2022-09-03,0.8
2022-09-04,0.801
2022-09-05,0.802
2022-09-06,0.799
2022-09-07,0.777
2022-09-08,0.794
2022-09-09,0.856
2022-09-10,0.882
2022-09-11,0.892
2022-09-12,0.914
2022-09-13,0.894
2022-09-14,0.846
2022-09-15,0.84
2022-09-16,0.831
2022-09-17,0.843
2022-09-18,0.839
2022-09-19,0.807
2022-09-20,0.817
2022-09-21,0.814
2022-09-22,0.816
2022-09-23,0.826
2022-09-24,0.831
2022-09-25,0.833
2022-09-26,0.836
2022-09-27,0.87
2022-09-28,0.846
2022-09-29,0.86
2022-09-30,0.868
2022-10-01,0.861
2022-10-02,0.858
2022-10-03,0.864
2022-10-04,0.894
2022-10-05,0.903
2022-10-06,0.906
2022-10-07,0.891
2022-10-08,0.881
2022-10-09,0.88
2022-10-10,0.876
2022-10-11,0.868
2022-10-12,0.877
2022-10-13,0.876
2022-10-14,0.901
2022-10-15,0.887
2022-10-16,0.89
2022-10-17,0.903
2022-10-18,0.909
2022-10-19,0.9
2022-10-20,0.897
2022-10-21,0.897
2022-10-22,0.903
2022-10-23,0.909
2022-10-24,0.914
2022-10-25,0.927
2022-10-26,0.968
2022-10-27,0.971
2022-10-28,0.962
2022-10-29,0.981
2022-10-30,0.979
2022-10-31,0.969
2022-11-01,0.97
2022-11-02,0.969
2022-11-03,0.964
2022-11-04,0.985
2022-11-05,1.017
2022-11-06,1.013
2022-11-07,0.993
2022-11-08,0.942
2022-11-09,0.856
2022-11-10,0.838
2022-11-11,0.852
2022-11-12,0.844
2022-11-13,0.837
2022-11-14,0.833
2022-11-15,0.856
2022-11-16,0.855
2022-11-17,0.858
2022-11-18,0.871
2022-11-19,0.868
2022-11-20,0.865
2022-11-21,0.84
2022-11-22,0.84
2022-11-23,0.87
2022-11-24,0.879
2022-11-25,0.874
2022-11-26,0.879
2022-11-27,0.879
2022-11-28,0.864
2022-11-29,0.876
2022-11-30,0.904
2022-12-01,0.912
2022-12-02,0.908
2022-12-03,0.909
2022-12-04,0.912
2022-12-05,0.921
2022-12-06,0.912
2022-12-07,0.907
2022-12-08,0.911
2022-12-09,0.925
2022-12-10,0.924
2022-12-11,0.924
2022-12-12,0.916
2022-12-13,0.941
2022-12-14,0.962
2022-12-15,0.946
2022-12-16,0.922
2022-12-17,0.903
2022-12-18,0.905
2022-12-19,0.907
2022-12-20,0.915
2022-12-21,0.92
2022-12-22,0.918
2022-12-23,0.924
2022-12-24,0.928
2022-12-25,0.928
2022-12-26,0.93
2022-12-27,0.928
2022-12-28,0.921
2022-12-29,0.92
2022-12-30,0.919
2022-12-31,0.922
2023-01-01,0.922
2023-01-02,0.93
2023-01-03,0.931
2023-01-04,0.94
2023-01-05,0.941
2023-01-06,0.942
2023-01-07,0.949
2023-01-08,0.95
2023-01-09,0.965
2023-01-10,0.969
2023-01-11,0.98
2023-01-12,1.029
2023-01-13,1.064
2023-01-14,1.157
2023-01-15,1.151
2023-01-16,1.162
2023-01-17,1.164
2023-01-18,1.157
2023-01-19,1.141
2023-01-20,1.162
2023-01-21,1.241
2023-01-22,1.235
2023-01-23,1.232
2023-01-24,1.236
2023-01-25,1.22
2023-01-26,1.229
2023-01-27,1.22
2023-01-28,1.221
2023-01-29,1.241
2023-01-30,1.229
2023-01-31,1.211
2023-02-01,1.214
2023-02-02,1.244
2023-02-03,1.222
2023-02-04,1.215
2023-02-05,1.204
2023-02-06,1.188
2023-02-07,1.191
2023-02-08,1.195
2023-02-09,1.164
2023-02-10,1.127
2023-02-11,1.124
2023-02-12,1.131
2023-02-13,1.123
2023-02-14,1.135
2023-02-15,1.172
2023-02-16,1.263
2023-02-17,1.23
2023-02-18,1.259
2023-02-19,1.258
2023-02-20,1.259
2023-02-21,1.256
2023-02-22,1.22
2023-02-23,1.223
2023-02-24,1.197
2023-02-25,1.167
2023-02-26,1.178
2023-02-27,1.185
2023-02-28,1.179
2023-03-01,1.188
2023-03-02,1.178
2023-03-03,1.128
2023-03-04,1.125
2023-03-05,1.129
2023-03-06,1.129
2023-03-07,1.122
2023-03-08,1.109
2023-03-09,1.078
2023-03-10,1.011
2023-03-11,1.032
2023-03-12,1.054
2023-03-13,1.161
2023-03-14,1.242
2023-03-15,1.226
2023-03-16,1.224
2023-03-17,1.291
2023-03-18,1.336
2023-03-19,1.336
2023-03-20,1.349
2023-03-21,1.347
2023-03-22,1.344
2023-03-23,1.325
2023-03-24,1.326
2023-03-25,1.304
2023-03-26,1.313
2023-03-27,1.293
2023-03-28,1.268
2023-03-29,1.312
2023-03-30,1.306
2023-03-31,1.294
2023-04-01,1.302
2023-04-02,1.293
2023-04-03,1.277
2023-04-04,1.278
2023-04-05,1.284
2023-04-06,1.264
2023-04-07,1.259
2023-04-08,1.259
2023-04-09,1.26
2023-04-10,1.282
2023-04-11,1.335
2023-04-12,1.321
2023-04-13,1.322
2023-04-14,1.329
2023-04-15,1.314
2023-04-16,1.306
2023-04-17,1.276
2023-04-18,1.281
2023-04-19,1.259
2023-04-20,1.217
2023-04-21,1.181
2023-04-22,1.153
2023-04-23,1.157
2023-04-24,1.152
2023-04-25,1.152
2023-04-26,1.199
2023-04-27,1.207
2023-04-28,1.211
2023-04-29,1.208
2023-04-30,1.207
2023-05-01,1.169
2023-05-02,1.149
2023-05-03,1.152
2023-05-04,1.167
2023-05-05,1.175
2023-05-06,1.168
2023-05-07,1.148
2023-05-08,1.11
2023-05-09,1.098
2023-05-10,1.099
2023-05-11,1.08
2023-05-12,1.05
2023-05-13,1.062
2023-05-14,1.064
2023-05-15,1.08
2023-05-16,1.067
2023-05-17,1.062
2023-05-18,1.065
2023-05-19,1.054
2023-05-20,1.056
2023-05-21,1.056
2023-05-22,1.043
2023-05-23,1.058
2023-05-24,1.033
2023-05-25,1.02
2023-05-26,1.03
2023-05-27,1.033
2023-05-28,1.055
2023-05-29,1.073
2023-05-30,1.068
2023-05-31,1.045
2023-06-01,1.03
2023-06-02,1.035
2023-06-03,1.036
2023-06-04,1.034
2023-06-05,1.007
2023-06-06,0.995
2023-06-07,1.015
2023-06-08,1.006
2023-06-09,1.005
2023-06-10,0.978
2023-06-11,0.978
2023-06-12,0.979
2023-06-13,0.984
2023-06-14,0.976
2023-06-15,0.951
2023-06-16,0.975
2023-06-17,1.0
2023-06-18,1.001
2023-06-19,1.003
2023-06-20,1.028
2023-06-21,1.098
2023-06-22,1.123
2023-06-23,1.127
2023-06-24,1.134
2023-06-25,1.132
2023-06-26,1.117
2023-06-27,1.123
2023-06-28,1.11
2023-06-29,1.111
2023-06-30,1.113
2023-07-01,1.11
2023-07-02,1.11
2023-07-03,1.118
2023-07-04,1.122
2023-07-05,1.106
2023-07-06,1.1
2023-07-07,1.088
2023-07-08,1.088
2023-07-09,1.09
2023-07-10,1.088
2023-07-11,1.095
2023-07-12,1.095
2023-07-13,1.099
2023-07-14,1.107
2023-07-15,1.082
2023-07-16,1.081
2023-07-17,1.076
2023-07-18,1.066
2023-07-19,1.066
2023-07-20,1.065
2023-07-21,1.06
2023-07-22,1.06
2023-07-23,1.062
2023-07-24,1.044
2023-07-25,1.035
2023-07-26,1.039
2023-07-27,1.04
2023-07-28,1.036
2023-07-29,1.038
2023-07-30,1.037
2023-07-31,1.037
2023-08-01,1.026
2023-08-02,1.038
2023-08-03,1.028
2023-08-04,1.027
2023-08-05,1.022
2023-08-06,1.023
2023-08-07,1.022
2023-08-08,1.035
2023-08-09,1.04
2023-08-10,1.033
2023-08-11,1.028
2023-08-12,1.028
2023-08-13,1.025
2023-08-14,1.025
2023-08-15,1.021
2023-08-16,1.013
2023-08-17,0.982
2023-08-18,0.92
2023-08-19,0.911
2023-08-20,0.916
2023-08-21,0.915
2023-08-22,0.914
2023-08-23,0.922
2023-08-24,0.927
2023-08-25,0.92
2023-08-26,0.921
2023-08-27,0.922
2023-08-28,0.922
2023-08-29,0.947
2023-08-30,0.968
2023-08-31,0.951
2023-09-01,0.918
2023-09-02,0.916
2023-09-03,0.92
2023-09-04,0.92
2023-09-05,0.915
2023-09-06,0.916
2023-09-07,0.921
2023-09-08,0.928
2023-09-09,0.923
2023-09-10,0.921
2023-09-11,0.91
2023-09-12,0.925
2023-09-13,0.933
2023-09-14,0.947
2023-09-15,0.949
2023-09-16,0.951
2023-09-17,0.95
2023-09-18,0.962
2023-09-19,0.969
2023-09-20,0.972
2023-09-21,0.96
2023-09-22,0.955
2023-09-23,0.954
2023-09-24,0.953
2023-09-25,0.941
2023-09-26,0.942
2023-09-27,0.946
2023-09-28,0.959
2023-09-29,0.969
2023-09-30,0.969
2023-10-01,1.006
2023-10-02,0.986
2023-10-03,0.987
2023-10-04,0.991
2023-10-05,0.994
2023-10-06,1.002
2023-10-07,1.001
2023-10-08,0.993
2023-10-09,0.988
2023-10-10,0.971
2023-10-11,0.963
2023-10-12,0.965
2023-10-13,0.967
2023-10-14,0.969
2023-10-15,1.003
2023-10-16,1.018
2023-10-17,1.017
2023-10-18,1.021
2023-10-19,1.052
2023-10-20,1.065
2023-10-21,1.068
2023-10-22,1.099
2023-10-23,1.192
2023-10-24,1.194
2023-10-25,1.188
2023-10-26,1.172
2023-10-27,1.174
2023-10-28,1.18
2023-10-29,1.181
2023-10-30,1.176
2023-10-31,1.179
2023-11-01,1.192
2023-11-02,1.167
2023-11-03,1.173
2023-11-04,1.181
2023-11-05,1.177
2023-11-06,1.173
2023-11-07,1.183
2023-11-08,1.212
2023-11-09,1.216
2023-11-10,1.218
2023-11-11,1.216
2023-11-12,1.206
2023-11-13,1.182
2023-11-14,1.181
2023-11-15,1.197
2023-11-16,1.176
2023-11-17,1.178
2023-11-18,1.182
2023-11-19,1.199
2023-11-20,1.182
2023-11-21,1.165
2023-11-22,1.182
2023-11-23,1.19
2023-11-24,1.192
2023-11-25,1.186
2023-11-26,1.17
2023-11-27,1.178
2023-11-28,1.189
2023-11-29,1.177
2023-11-30,1.192
2023-12-01,1.205
2023-12-02,1.221
2023-12-03,1.267
2023-12-04,1.286
2023-12-05,1.314
2023-12-06,1.297
2023-12-07,1.294
2023-12-08,1.3
2023-12-09,1.292
2023-12-10,1.234
2023-12-11,1.218
2023-12-12,1.219
2023-12-13,1.25
2023-12-14,1.233
2023-12-15,1.224
2023-12-16,1.213
2023-12-17,1.196
2023-12-18,1.227
2023-12-19,1.236
2023-12-20,1.247
2023-12-21,1.245
2023-12-22,1.238
2023-12-23,1.234
2023-12-24,1.225
2023-12-25,1.201
2023-12-26,1.2
2023-12-27,1.199
2023-12-28,1.176
2023-12-29,1.159
2023-12-30,1.165
2023-12-31,1.175
2024-01-01,1.234
2024-01-02,1.194
2024-01-03,1.168
2024-01-04,1.171
2024-01-05,1.171
2024-01-06,1.176
2024-01-07,1.194
2024-01-08,1.231
2024-01-09,1.207
2024-01-10,1.22
2024-01-11,1.179
2024-01-12,1.122
2024-01-13,1.119
2024-01-14,1.115
2024-01-15,1.121
2024-01-16,1.114
2024-01-17,1.095
2024-01-18,1.071
2024-01-19,1.077
2024-01-20,1.079
2024-01-21,1.054
2024-01-22,1.021
2024-01-23,1.033
2024-01-24,1.033
2024-01-25,1.056
2024-01-26,1.076
2024-01-27,1.086
2024-01-28,1.089
2024-01-29,1.107
2024-01-30,1.088
2024-01-31,1.075
2024-02-01,1.089
2024-02-02,1.089
2024-02-03,1.083
2024-02-04,1.079
2024-02-05,1.082
2024-02-06,1.088
2024-02-07,1.124
2024-02-08,1.166
2024-02-09,1.177
2024-02-10,1.193
2024-02-11,1.202
2024-02-12,1.216
2024-02-13,1.233
2024-02-14,1.254
2024-02-15,1.249
2024-02-16,1.236
2024-02-17,1.235
2024-02-18,1.239
2024-02-19,1.23
2024-02-20,1.214
2024-02-21,1.211
2024-02-22,1.195
2024-02-23,1.195
2024-02-24,1.203
2024-02-25,1.214
2024-02-26,1.293
2024-02-27,1.319
2024-02-28,1.361
2024-02-29,1.342
2024-03-01,1.339
2024-03-02,1.34
2024-03-03,1.389
2024-03-04,1.381
2024-03-05,1.346
2024-03-06,1.348
2024-03-07,1.353
2024-03-08,1.358
2024-03-09,1.371
2024-03-10,1.378
2024-03-11,1.378
2024-03-12,1.345
2024-03-13,1.327
2024-03-14,1.258
2024-03-15,1.249
2024-03-16,1.227
2024-03-17,1.235
2024-03-18,1.175
2024-03-19,1.166
2024-03-20,1.208
2024-03-21,1.164
2024-03-22,1.157
2024-03-23,1.169
2024-03-24,1.213
2024-03-25,1.242
2024-03-26,1.227
2024-03-27,1.234
2024-03-28,1.223
2024-03-29,1.221
2024-03-30,1.227
2024-03-31,1.21
2024-04-01,1.15
2024-04-02,1.145
2024-04-03,1.157
2024-04-04,1.165
2024-04-05,1.172
2024-04-06,1.194
2024-04-07,1.218
2024-04-08,1.198
2024-04-09,1.182
2024-04-10,1.2
2024-04-11,1.181
2024-04-12,1.131
2024-04-13,1.093
2024-04-14,1.104
2024-04-15,1.072
2024-04-16,1.063
2024-04-17,1.063
2024-04-18,1.084
2024-04-19,1.09
2024-04-20,1.101
2024-04-21,1.118
2024-04-22,1.124
2024-04-23,1.107
2024-04-24,1.08
2024-04-25,1.078
2024-04-26,1.06
2024-04-27,1.069
2024-04-28,1.054
2024-04-29,1.035
2024-04-30,0.98
2024-05-01,0.982
2024-05-02,1.02
2024-05-03,1.066
2024-05-04,1.069
2024-05-05,1.07
2024-05-06,1.062
2024-05-07,1.04
2024-05-08,1.03
2024-05-09,1.034
2024-05-10,1.015
2024-05-11,1.018
2024-05-12,1.038
2024-05-13,1.028
2024-05-14,1.053
2024-05-15,1.085
2024-05-16,1.092
2024-05-17,1.101
2024-05-18,1.099
2024-05-19,1.111
2024-05-20,1.152
2024-05-21,1.137
2024-05-22,1.118
2024-05-23,1.104
2024-05-24,1.119
2024-05-25,1.118
2024-05-26,1.119
2024-05-27,1.099
2024-05-28,1.093
2024-05-29,1.096
2024-05-30,1.09
2024-05-31,1.084
2024-06-01,1.086
2024-06-02,1.101
2024-06-03,1.109
2024-06-04,1.129
2024-06-05,1.124
2024-06-06,1.115
2024-06-07,1.095
2024-06-08,1.095
2024-06-09,1.096
2024-06-10,1.062
2024-06-11,1.072
2024-06-12,1.057
2024-06-13,1.043
2024-06-14,1.038
2024-06-15,1.041
2024-06-16,1.037
2024-06-17,1.022
2024-06-18,1.017
2024-06-19,1.019
2024-06-20,0.997
2024-06-21,0.998
2024-06-22,0.996
2024-06-23,0.956
2024-06-24,0.955
2024-06-25,0.955
2024-06-26,0.952
2024-06-27,0.95
2024-06-28,0.946
2024-06-29,0.955
2024-06-30,0.979
2024-07-01,0.969
2024-07-02,0.939
2024-07-03,0.905
2024-07-04,0.872
2024-07-05,0.892
2024-07-06,0.896
2024-07-07,0.881
2024-07-08,0.899
2024-07-09,0.908
2024-07-10,0.905
2024-07-11,0.898
2024-07-12,0.912
2024-07-13,0.937
2024-07-14,0.979
2024-07-15,0.996
2024-07-16,1.007
2024-07-17,0.995
2024-07-18,1.005
2024-07-19,1.03
2024-07-20,1.035
2024-07-21,1.039
2024-07-22,1.022
2024-07-23,1.013
2024-07-24,0.992
2024-07-25,1.03
2024-07-26,1.043
2024-07-27,1.036
2024-07-28,1.044
2024-07-29,1.012
2024-07-30,1.005
2024-07-31,0.976
2024-08-01,0.97
2024-08-02,0.932
2024-08-03,0.913
2024-08-04,0.822
2024-08-05,0.863
2024-08-06,0.871
2024-08-07,0.902
2024-08-08,0.939
2024-08-09,0.939
2024-08-10,0.935
2024-08-11,0.913
2024-08-12,0.929
2024-08-13,0.936
2024-08-14,0.913
2024-08-15,0.916
2024-08-16,0.93
2024-08-17,0.935
2024-08-18,0.921
2024-08-19,0.945
2024-08-20,0.942
2024-08-21,0.955
2024-08-22,0.971
2024-08-23,1.005
2024-08-24,1.006
2024-08-25,0.998
2024-08-26,0.977
2024-08-27,0.936
2024-08-28,0.943
2024-08-29,0.935
2024-08-30,0.935
2024-08-31,0.923
2024-09-01,0.924
2024-09-02,0.936
2024-09-03,0.915
2024-09-04,0.91
2024-09-05,0.889
2024-09-06,0.873
2024-09-07,0.876
2024-09-08,0.899
2024-09-09,0.923
2024-09-10,0.92
2024-09-11,0.939
2024-09-12,0.95
2024-09-13,0.971
2024-09-14,0.971
2024-09-15,0.945
2024-09-16,0.961
2024-09-17,0.973
2024-09-18,1.01
2024-09-19,1.017
2024-09-20,1.015
2024-09-21,1.013
2024-09-22,1.02
2024-09-23,1.02
2024-09-24,1.022
2024-09-25,1.029
2024-09-26,1.049
2024-09-27,1.049
2024-09-28,1.048
2024-09-29,1.021
2024-09-30,1.003
2024-10-01,0.979
2024-10-02,0.973
2024-10-03,0.985
2024-10-04,0.992
2024-10-05,0.995
2024-10-06,1.011
2024-10-07,0.998
2024-10-08,0.988
2024-10-09,0.968
2024-10-10,0.985
2024-10-11,1.006
2024-10-12,1.003
2024-10-13,1.035
2024-10-14,1.052
2024-10-15,1.071
2024-10-16,1.066
2024-10-17,1.077
2024-10-18,1.079
2024-10-19,1.081
2024-10-20,1.074
2024-10-21,1.061
2024-10-22,1.049
2024-10-23,1.063
2024-10-24,1.063
2024-10-25,1.054
2024-10-26,1.061
2024-10-27,1.078
2024-10-28,1.12
2024-10-29,1.126
2024-10-30,1.113
2024-10-31,1.084
2024-11-01,1.083
2024-11-02,1.066
2024-11-03,1.064
2024-11-04,1.072
2024-11-05,1.139
2024-11-06,1.153
2024-11-07,1.161
2024-11-08,1.163
2024-11-09,1.199
2024-11-10,1.246
2024-11-11,1.298
2024-11-12,1.298
2024-11-13,1.292
2024-11-14,1.277
2024-11-15,1.3
2024-11-16,1.288
2024-11-17,1.289
2024-11-18,1.293
2024-11-19,1.302
2024-11-20,1.319
2024-11-21,1.327
2024-11-22,1.313
2024-11-23,1.296
2024-11-24,1.279
2024-11-25,1.229
2024-11-26,1.241
2024-11-27,1.252
2024-11-28,1.262
2024-11-29,1.258
2024-11-30,1.258
2024-12-01,1.243
2024-12-02,1.232
2024-12-03,1.237
2024-12-04,1.275
2024-12-05,1.235
2024-12-06,1.239
2024-12-07,1.238
2024-12-08,1.206
2024-12-09,1.18
2024-12-10,1.199
2024-12-11,1.218
2024-12-12,1.211
2024-12-13,1.22
2024-12-14,1.23
2024-12-15,1.254
2024-12-16,1.262
2024-12-17,1.224
2024-12-18,1.176
2024-12-19,1.128
2024-12-20,1.142
2024-12-21,1.124
2024-12-22,1.099
2024-12-23,1.112
2024-12-24,1.138
2024-12-25,1.118
2024-12-26,1.102
2024-12-27,1.092
2024-12-28,1.09
2024-12-29,1.076
2024-12-30,1.078
2024-12-31,1.08
2025-01-01,1.105
2025-01-02,1.114
2025-01-03,1.122
2025-01-04,1.122
2025-01-05,1.144
2025-01-06,1.134
2025-01-07,1.085
2025-01-08,1.062
2025-01-09,1.071
2025-01-10,1.07
2025-01-11,1.071
2025-01-12,1.053
2025-01-13,1.084
2025-01-14,1.107
2025-01-15,1.119
2025-01-16,1.152
2025-01-17,1.161
2025-01-18,1.169
2025-01-19,1.165
2025-01-20,1.154
2025-01-21,1.162
2025-01-22,1.14
2025-01-23,1.158
2025-01-24,1.153
2025-01-25,1.153
2025-01-26,1.104
2025-01-27,1.124
2025-01-28,1.122
2025-01-29,1.148
2025-01-30,1.133
2025-01-31,1.11
2025-02-01,1.079
2025-02-02,1.058
2025-02-03,1.08
2025-02-04,1.064
2025-02-05,1.061
2025-02-06,1.058
2025-02-07,1.046
2025-02-08,1.048
2025-02-09,1.055
2025-02-10,1.053
2025-02-11,1.044
2025-02-12,1.044
2025-02-13,1.052
2025-02-14,1.056
2025-02-15,1.051
2025-02-16,1.039
2025-02-17,1.031
2025-02-18,1.036
2025-02-19,1.052
2025-02-20,1.054
2025-02-21,1.039
2025-02-22,1.035
2025-02-23,1.023
2025-02-24,0.965
2025-02-25,0.944
2025-02-26,0.923
2025-02-27,0.891
2025-02-28,0.925
2025-03-01,0.961
2025-03-02,0.983
2025-03-03,0.921
2025-03-04,0.965
2025-03-05,0.983
2025-03-06,0.956
2025-03-07,0.937
2025-03-08,0.916
2025-03-09,0.882
2025-03-10,0.885
2025-03-11,0.895
2025-03-12,0.888
2025-03-13,0.897
2025-03-14,0.905
2025-03-15,0.896
2025-03-16,0.897
2025-03-17,0.886
2025-03-18,0.902
2025-03-19,0.914
2025-03-20,0.902
2025-03-21,0.902
2025-03-22,0.908
2025-03-23,0.935
2025-03-24,0.932
2025-03-25,0.932
2025-03-26,0.931
2025-03-27,0.909
2025-03-28,0.888
2025-03-29,0.885
2025-03-30,0.881
2025-03-31,0.9
2025-04-01,0.911
2025-04-02,0.888
2025-04-03,0.894
2025-04-04,0.893
2025-04-05,0.877
2025-04-06,0.837
2025-04-07,0.847
2025-04-08,0.845
2025-04-09,0.871
2025-04-10,0.885
2025-04-11,0.906
2025-04-12,0.908
2025-04-13,0.911
2025-04-14,0.916
2025-04-15,0.905
2025-04-16,0.916
2025-04-17,0.916
2025-04-18,0.921
2025-04-19,0.917
2025-04-20,0.945
2025-04-21,0.971
2025-04-22,1.005
2025-04-23,0.999
2025-04-24,1.012
2025-04-25,1.015
2025-04-26,1.011
2025-04-27,1.013
2025-04-28,1.018
2025-04-29,1.013
2025-04-30,1.027
2025-05-01,1.038
2025-05-02,1.03
2025-05-03,1.023
2025-05-04,1.01
2025-05-05,1.011
2025-05-06,1.034
2025-05-07,1.067
2025-05-08,1.097
2025-05-09,1.104
2025-05-10,1.111
2025-05-11,1.102
2025-05-12,1.1
2025-05-13,1.101
2025-05-14,1.092
2025-05-15,1.102
2025-05-16,1.095
2025-05-17,1.107
2025-05-18,1.104
2025-05-19,1.121
2025-05-20,1.138
2025-05-21,1.17
2025-05-22,1.155
2025-05-23,1.14
2025-05-24,1.132
2025-05-25,1.149
2025-05-26,1.143
2025-05-27,1.129
2025-05-28,1.119
2025-05-29,1.095
2025-05-30,1.084
2025-05-31,1.089
2025-06-01,1.086
2025-06-02,1.09
2025-06-03,1.083
2025-06-04,1.069
2025-06-05,1.067
2025-06-06,1.082
2025-06-07,1.087
2025-06-08,1.101
2025-06-09,1.12
2025-06-10,1.118
2025-06-11,1.098
2025-06-12,1.072
2025-06-13,1.073
2025-06-14,1.076
2025-06-15,1.09
2025-06-16,1.076
2025-06-17,1.066
2025-06-18,1.064
2025-06-19,1.064
2025-06-20,1.051
2025-06-21,1.032
2025-06-22,1.041
2025-06-23,1.073
2025-06-24,1.087
2025-06-25,1.09
2025-06-26,1.085
2025-06-27,1.088
2025-06-28,1.091
2025-06-29,1.089
2025-06-30,1.077
2025-07-01,1.089
2025-07-02,1.104
2025-07-03,1.092
2025-07-04,1.088
2025-07-05,1.091
2025-07-06,1.091
2025-07-07,1.09
2025-07-08,1.097
2025-07-09,1.122
2025-07-10,1.167
2025-07-11,1.167
2025-07-12,1.172
2025-07-13,1.189
2025-07-14,1.152
2025-07-15,1.152
2025-07-16,1.146
2025-07-17,1.145
2025-07-18,1.136
2025-07-19,1.135
2025-07-20,1.132
2025-07-21,1.134
2025-07-22,1.131
2025-07-23,1.131
2025-07-24,1.108
2025-07-25,1.121
2025-07-26,1.127
2025-07-27,1.127
2025-07-28,1.121
2025-07-29,1.115
2025-07-30,1.115
2025-07-31,1.084
2025-08-01,1.069
2025-08-02,1.074
2025-08-03,1.082
2025-08-04,1.075
2025-08-05,1.078
2025-08-06,1.09
2025-08-07,1.096
2025-08-08,1.096
2025-08-09,1.109
2025-08-10,1.126
2025-08-11,1.112
2025-08-12,1.123
2025-08-13,1.114
2025-08-14,1.091
2025-08-15,1.084
2025-08-16,1.087
2025-08-17,1.068
2025-08-18,1.055
2025-08-19,1.047
2025-08-20,1.043
2025-08-21,1.052
2025-08-22,1.061
2025-08-23,1.051
2025-08-24,1.027
2025-08-25,1.015
2025-08-26,1.023
2025-08-27,1.032
2025-08-28,1.008
2025-08-29,0.996
2025-08-30,0.999
2025-08-31,0.999
2025-09-01,0.996
2025-09-02,1.012
2025-09-03,1.012
2025-09-04,1.018
2025-09-05,1.009
2025-09-06,1.012
2025-09-07,1.018
2025-09-08,1.018
2025-09-09,1.024
2025-09-10,1.037
2025-09-11,1.046
2025-09-12,1.047
2025-09-13,1.046
2025-09-14,1.041
2025-09-15,1.041
2025-09-16,1.045
2025-09-17,1.048
2025-09-18,1.055
2025-09-19,1.045
2025-09-20,1.04
2025-09-21,1.038
2025-09-22,1.016
2025-09-23,1.011
2025-09-24,1.013
2025-09-25,0.996
2025-09-26,0.982
2025-09-27,0.982
2025-09-28,0.986
2025-09-29,1.011
2025-09-30,1.017
2025-10-01,1.036
2025-10-02,1.073
2025-10-03,1.073
2025-10-04,1.073
2025-10-05,1.09
2025-10-06,1.098
2025-10-07,1.076
2025-10-08,1.076
2025-10-09,1.069
2025-10-10,1.069
2025-10-11,0.983
2025-10-12,0.989
2025-10-13,1.012
2025-10-14,0.991
2025-10-15,0.985
2025-10-16,0.971
2025-10-17,0.943
2025-10-18,0.945
2025-10-19,0.953
2025-10-20,0.976
2025-10-21,0.969
2025-10-22,0.955
2025-10-23,0.968
2025-10-24,0.981
2025-10-25,0.997
2025-10-26,0.997
2025-10-27,1.017
