d,nrplUsd
2022-04-01,377480345.14
2022-04-02,309269065.12
2022-04-03,291576286.82
2022-04-04,283561815.07
2022-04-05,264464972.92
2022-04-06,259716455.23
2022-04-07,244114669.23
2022-04-08,211739808.88
2022-04-09,198003807.17
2022-04-10,166422531.59
2022-04-11,139658999.58
2022-04-12,221961079.96
2022-04-13,172663555.05
2022-04-14,204844394.81
2022-04-15,191149129.42
2022-04-16,155671141.61
2022-04-17,135102039.9
2022-04-18,107906729.1
2022-04-19,54412138.05
2022-04-20,47885993.34
2022-04-21,169027003.47
2022-04-22,150812842.99
2022-04-23,132578343.94
2022-04-24,109089677.11
2022-04-25,63816969.46
2022-04-26,2581759.2
2022-04-27,13492999.87
2022-04-28,-20223223.42
2022-04-29,-37244040.8
2022-04-30,-33451165.98
2022-05-01,-49775378.53
2022-05-02,-147592661.0
2022-05-03,-179191672.11
2022-05-04,-153645088.08
2022-05-05,-158200778.09
2022-05-06,-115569034.53
2022-05-07,-116524168.84
2022-05-08,-115346571.28
2022-05-09,-245192983.23
2022-05-10,-282220633.22
2022-05-11,-459421786.09
2022-05-12,-506326561.11
2022-05-13,-608127933.39
2022-05-14,-445080684.54
2022-05-15,-419807409.43
2022-05-16,-413263816.1
2022-05-17,-422334408.75
2022-05-18,-406846872.57
2022-05-19,-434164871.14
2022-05-20,-450556477.7
2022-05-21,-399082246.0
2022-05-22,-363867208.99
2022-05-23,-370823980.04
2022-05-24,-330722125.98
2022-05-25,-322460356.44
2022-05-26,-327066885.55
2022-05-27,-356866238.75
2022-05-28,-318437865.73
2022-05-29,-284695117.75
2022-05-30,-273698668.26
2022-05-31,-242186517.19
2022-06-01,-230467394.63
2022-06-02,-302615453.74
2022-06-03,-307289446.37
2022-06-04,-317120218.25
2022-06-05,-295964633.78
2022-06-06,-327171389.66
2022-06-07,-346711651.13
2022-06-08,-341513269.78
2022-06-09,-365092033.04
2022-06-10,-331836473.15
2022-06-11,-336168325.68
2022-06-12,-313194263.09
2022-06-13,-480549528.64
2022-06-14,-686007352.82
2022-06-15,-868883865.57
2022-06-16,-945711492.42
2022-06-17,-956217064.64
2022-06-18,-992499853.37
2022-06-19,-911331613.18
2022-06-20,-884478481.61
2022-06-21,-884276665.93
2022-06-22,-847863827.2
2022-06-23,-784834647.79
2022-06-24,-760169429.44
2022-06-25,-657357983.9
2022-06-26,-584754915.77
2022-06-27,-562861583.17
2022-06-28,-524463339.25
2022-06-29,-499307290.21
2022-06-30,-592927786.48
2022-07-01,-606241869.86
2022-07-02,-554548122.48
2022-07-03,-520073619.01
2022-07-04,-477640585.69
2022-07-05,-459906571.4
2022-07-06,-521906920.06
2022-07-07,-498562238.32
2022-07-08,-485982282.15
2022-07-09,-496656743.12
2022-07-10,-437740487.1
2022-07-11,-526002823.11
2022-07-12,-474547231.27
2022-07-13,-433730226.19
2022-07-14,-452234551.47
2022-07-15,-616373038.93
2022-07-16,-544262275.93
2022-07-17,-485467664.23
2022-07-18,-442708381.68
2022-07-19,-502893642.74
2022-07-20,-438835235.73
2022-07-21,-458002358.24
2022-07-22,-485298462.33
2022-07-23,-447831548.63
2022-07-24,-406278136.21
2022-07-25,-392421158.51
2022-07-26,-365993579.37
2022-07-27,-336840554.24
2022-07-28,-321423125.85
2022-07-29,-297174401.63
2022-07-30,-256553766.91
2022-07-31,-229570664.6
2022-08-01,-189256090.77
2022-08-02,-179256941.67
2022-08-03,-165840134.82
2022-08-04,-179240517.59
2022-08-05,-165600024.4
2022-08-06,-145970250.49
2022-08-07,-127111781.83
2022-08-08,-123270630.54
2022-08-09,-159836380.06
2022-08-10,-113607401.57
2022-08-11,-121845009.2
2022-08-12,-92324002.77
2022-08-13,-89530765.89
2022-08-14,-80846575.83
2022-08-15,-78608353.16
2022-08-16,-65232082.63
2022-08-17,-73482661.22
2022-08-18,-63200582.21
2022-08-19,-83126796.28
2022-08-20,-76933573.63
2022-08-21,-78128190.9
2022-08-22,-99610773.41
2022-08-23,-108605056.01
2022-08-24,-114555015.03
2022-08-25,-126377458.2
2022-08-26,-122654560.44
2022-08-27,-119120971.61
2022-08-28,-102495472.03
2022-08-29,-97345667.16
2022-08-30,-148455075.07
2022-08-31,-152621409.27
2022-09-01,-164835114.93
2022-09-02,-182096385.43
2022-09-03,-163526884.56
2022-09-04,-139226971.74
2022-09-05,-136364411.38
2022-09-06,-168286186.45
2022-09-07,-165074159.44
2022-09-08,-182896933.63
2022-09-09,-185852397.55
2022-09-10,-173921130.78
2022-09-11,-164254032.7
2022-09-12,-153524690.83
2022-09-13,-219289350.44
2022-09-14,-209442804.5
2022-09-15,-236598375.05
2022-09-16,-221374643.75
2022-09-17,-209484742.2
2022-09-18,-192580139.87
2022-09-19,-197196350.81
2022-09-20,-210764339.18
2022-09-21,-207613394.67
2022-09-22,-198564324.37
2022-09-23,-193631182.52
2022-09-24,-174735288.14
2022-09-25,-162059215.84
2022-09-26,-153981655.77
2022-09-27,-173131060.47
2022-09-28,-179818354.25
2022-09-29,-190108846.41
2022-09-30,-202333581.29
2022-10-01,-182739272.37
2022-10-02,-166761424.81
2022-10-03,-162938108.33
2022-10-04,-169669270.44
2022-10-05,-166559897.41
2022-10-06,-157494871.66
2022-10-07,-136516153.74
2022-10-08,-147801571.53
2022-10-09,-133453528.27
2022-10-10,-135863738.01
2022-10-11,-132515686.78
2022-10-12,-176029025.1
2022-10-13,-172587555.07
2022-10-14,-170281446.24
2022-10-15,-150959310.27
2022-10-16,-140995325.88
2022-10-17,-176048676.3
2022-10-18,-124869739.84
2022-10-19,-128444763.58
2022-10-20,-126019643.3
2022-10-21,-123360602.96
2022-10-22,-141899847.31
2022-10-23,-131465618.29
2022-10-24,-124711679.58
2022-10-25,-107819284.99
2022-10-26,-116416453.44
2022-10-27,-98437264.04
2022-10-28,-91757839.6
2022-10-29,-86403994.36
2022-10-30,-84683397.12
2022-10-31,-80442408.85
2022-11-01,-83969371.96
2022-11-02,-80374406.12
2022-11-03,-75491081.13
2022-11-04,-32381045.44
2022-11-05,-38377889.52
2022-11-06,-50839175.37
2022-11-07,-160942819.25
2022-11-08,-155798621.79
2022-11-09,-241911931.88
2022-11-10,-296890459.98
2022-11-11,-345162894.12
2022-11-12,-414017353.75
2022-11-13,-386923147.57
2022-11-14,-416826025.47
2022-11-15,-466733818.89
2022-11-16,-513536182.51
2022-11-17,-650495368.4
2022-11-18,-1114620962.67
2022-11-19,-1001743887.36
2022-11-20,-907682345.63
2022-11-21,-860823919.85
2022-11-22,-821751277.3
2022-11-23,-713179937.48
2022-11-24,-655953422.68
2022-11-25,-602380396.69
2022-11-26,-557496138.16
2022-11-27,-498994675.66
2022-11-28,-489094988.66
2022-11-29,-454523663.01
2022-11-30,-435985197.77
2022-12-01,-404886374.8
2022-12-02,-385033891.76
2022-12-03,-348656252.35
2022-12-04,-331579337.66
2022-12-05,-429675504.84
2022-12-06,-415545132.33
2022-12-07,-371426424.29
2022-12-08,-350942756.33
2022-12-09,-352715084.28
2022-12-10,-309216365.27
2022-12-11,-285983548.85
2022-12-12,-259818727.34
2022-12-13,-270839945.81
2022-12-14,-285769019.64
2022-12-15,-256052800.66
2022-12-16,-231564728.02
2022-12-17,-215363523.8
2022-12-18,-197839846.21
2022-12-19,-236971370.17
2022-12-20,-222721469.27
2022-12-21,-230092453.16
2022-12-22,-217817611.23
2022-12-23,-211836473.84
2022-12-24,-195193119.45
2022-12-25,-196689788.38
2022-12-26,-178776479.51
2022-12-27,-178681744.5
2022-12-28,-217098193.89
2022-12-29,-236272412.77
2022-12-30,-224322506.39
2022-12-31,-296970013.56
2023-01-01,-267933340.33
2023-01-02,-240895325.36
2023-01-03,-231453114.57
2023-01-04,-233113203.9
2023-01-05,-220949168.16
2023-01-06,-221834312.07
2023-01-07,-207171640.55
2023-01-08,-186553522.91
2023-01-09,-173491502.0
2023-01-10,-179578974.41
2023-01-11,-200834186.66
2023-01-12,-185401020.62
2023-01-13,-165159849.85
2023-01-14,-152175414.55
2023-01-15,-124546385.99
2023-01-16,-94251767.41
2023-01-17,-57382292.7
2023-01-18,-46303656.46
2023-01-19,-50146408.54
2023-01-20,-41998261.05
2023-01-21,-40930679.66
2023-01-22,-17556442.86
2023-01-23,-5323536.01
2023-01-24,7861618.98
2023-01-25,25396924.24
2023-01-26,-13189151.66
2023-01-27,-42212973.68
2023-01-28,-30016841.08
2023-01-29,-19433146.0
2023-01-30,1172214.9
2023-01-31,21879852.99
2023-02-01,57277958.78
2023-02-02,58107034.34
2023-02-03,72171171.92
2023-02-04,82185204.38
2023-02-05,75632809.55
2023-02-06,75616964.94
2023-02-07,68206861.8
2023-02-08,66040024.69
2023-02-09,72356288.32
2023-02-10,65348803.06
2023-02-11,55255291.63
2023-02-12,43545908.3
2023-02-13,32603185.33
2023-02-14,20437673.97
2023-02-15,13687591.84
2023-02-16,12052224.56
2023-02-17,32457836.11
2023-02-18,30459272.75
2023-02-19,34544599.8
2023-02-20,41642217.08
2023-02-21,45706673.58
2023-02-22,41400542.91
2023-02-23,46537012.06
2023-02-24,51062489.73
2023-02-25,41385124.91
2023-02-26,36227693.93
2023-02-27,36384479.68
2023-02-28,-9633308.21
2023-03-01,-35490891.09
2023-03-02,-34623040.62
2023-03-03,-27796091.11
2023-03-04,-26826637.28
2023-03-05,-53307925.69
2023-03-06,-57780297.73
2023-03-07,-209843965.22
2023-03-08,-189147881.35
2023-03-09,-171376792.37
2023-03-10,-157941051.78
2023-03-11,-156445486.87
2023-03-12,-149678871.56
2023-03-13,-155638482.87
2023-03-14,-121963462.97
2023-03-15,-70506828.3
2023-03-16,-37932149.93
2023-03-17,4195543.33
2023-03-18,16338132.73
2023-03-19,31861487.51
2023-03-20,63769351.38
2023-03-21,99426948.38
2023-03-22,121903159.62
2023-03-23,174553718.58
2023-03-24,176065801.66
2023-03-25,164749336.55
2023-03-26,158959272.46
2023-03-27,220041152.94
2023-03-28,214636255.24
2023-03-29,200072615.51
2023-03-30,-551862928.71
2023-03-31,-435624962.91
2023-04-01,-363512032.21
2023-04-02,-309190257.78
2023-04-03,-248609642.51
2023-04-04,-205944946.1
2023-04-05,-144181917.72
2023-04-06,-113843021.22
2023-04-07,-109377310.77
2023-04-08,-91264944.15
2023-04-09,-77049094.13
2023-04-10,-60316568.11
2023-04-11,-13564215.06
2023-04-12,5092193.84
2023-04-13,39038095.44
2023-04-14,79147713.51
2023-04-15,79449984.89
2023-04-16,79573469.25
2023-04-17,91880821.97
2023-04-18,106533285.24
2023-04-19,137994259.59
2023-04-20,141630175.22
2023-04-21,148007558.52
2023-04-22,133385399.12
2023-04-23,124366065.11
2023-04-24,106249452.25
2023-04-25,89352931.05
2023-04-26,83036652.06
2023-04-27,81141653.55
2023-04-28,91796424.83
2023-04-29,99559695.3
2023-04-30,91088896.76
2023-05-01,88526111.98
2023-05-02,85731430.85
2023-05-03,140166748.9
2023-05-04,123009963.96
2023-05-05,116253079.32
2023-05-06,107375644.68
2023-05-07,350820909.27
2023-05-08,351811512.65
2023-05-09,305128478.87
2023-05-10,262230866.74
2023-05-11,231951302.04
2023-05-12,216581187.02
2023-05-13,185136983.79
2023-05-14,165680906.1
2023-05-15,189276085.86
2023-05-16,185764741.46
2023-05-17,163964515.81
2023-05-18,138625572.52
2023-05-19,117127084.96
2023-05-20,104125929.24
2023-05-21,92493736.53
2023-05-22,150128178.28
2023-05-23,130705618.33
2023-05-24,121038688.57
2023-05-25,138600244.75
2023-05-26,115070096.01
2023-05-27,98740175.93
2023-05-28,91033795.25
2023-05-29,86393471.98
2023-05-30,98489624.88
2023-05-31,101096731.84
2023-06-01,104217457.34
2023-06-02,94595698.67
2023-06-03,81238698.19
2023-06-04,71233348.58
2023-06-05,74301382.26
2023-06-06,70088014.77
2023-06-07,53929230.56
2023-06-08,52955139.61
2023-06-09,46891730.42
2023-06-10,34892166.87
2023-06-11,27497345.39
2023-06-12,14638924.23
2023-06-13,7775500.91
2023-06-14,14542127.82
2023-06-15,7715653.92
2023-06-16,-8409700.25
2023-06-17,-16945466.11
2023-06-18,918916.0
2023-06-19,-29952719.81
2023-06-20,-55498859.9
2023-06-21,-51183959.15
2023-06-22,-14535347.78
2023-06-23,26973018.98
2023-06-24,48730403.17
2023-06-25,60115150.14
2023-06-26,88691688.14
2023-06-27,121567730.98
2023-06-28,159748890.52
2023-06-29,137456560.45
2023-06-30,157877617.01
2023-07-01,205610040.48
2023-07-02,191357409.34
2023-07-03,182314966.55
2023-07-04,173962934.01
2023-07-05,168982787.89
2023-07-06,100689510.48
2023-07-07,100444189.43
2023-07-08,92492856.1
2023-07-09,86788060.97
2023-07-10,89745145.46
2023-07-11,99247217.52
2023-07-12,104139672.9
2023-07-13,85425034.06
2023-07-14,87341498.95
2023-07-15,85161814.4
2023-07-16,78064366.18
2023-07-17,58292508.99
2023-07-18,80501963.11
2023-07-19,95023358.82
2023-07-20,93058793.67
2023-07-21,63699611.05
2023-07-22,61691186.93
2023-07-23,59467458.38
2023-07-24,47665897.98
2023-07-25,38640245.39
2023-07-26,32440968.95
2023-07-27,-17541736.68
2023-07-28,-188586332.7
2023-07-29,-162805853.39
2023-07-30,-142197755.18
2023-07-31,-129396102.73
2023-08-01,-116226751.4
2023-08-02,-111641045.96
2023-08-03,-96818698.68
2023-08-04,-80884151.37
2023-08-05,-70931882.14
2023-08-06,-59218679.56
2023-08-07,-53748521.63
2023-08-08,-47384180.92
2023-08-09,-27626338.24
2023-08-10,-22320919.08
2023-08-11,-11659002.97
2023-08-12,-3307331.19
2023-08-13,3023477.84
2023-08-14,7573986.56
2023-08-15,10607945.15
2023-08-16,9038456.98
2023-08-17,-1891193.96
2023-08-18,-43826332.99
2023-08-19,-47572001.73
2023-08-20,-45232328.08
2023-08-21,-62617280.45
2023-08-22,-73738781.62
2023-08-23,-77888592.3
2023-08-24,-88879098.24
2023-08-25,-97159043.3
2023-08-26,-90193803.01
2023-08-27,-75028813.97
2023-08-28,-75702407.8
2023-08-29,-99801169.1
2023-08-30,-80046807.8
2023-08-31,-74023473.41
2023-09-01,-84117485.08
2023-09-02,-78107210.69
2023-09-03,-73705035.89
2023-09-04,-69659440.6
2023-09-05,-74848094.44
2023-09-06,-75975748.31
2023-09-07,-75101331.77
2023-09-08,-67866501.34
2023-09-09,-65604739.08
2023-09-10,-59500101.83
2023-09-11,-67138008.42
2023-09-12,-65639301.16
2023-09-13,-59419699.88
2023-09-14,-38184203.01
2023-09-15,-28625678.89
2023-09-16,-23681631.23
2023-09-17,-19683868.32
2023-09-18,-657621.22
2023-09-19,32908316.18
2023-09-20,26624629.82
2023-09-21,19874804.86
2023-09-22,15271580.38
2023-09-23,12478545.84
2023-09-24,10949126.16
2023-09-25,3970885.91
2023-09-26,853335.48
2023-09-27,-4374248.56
2023-09-28,-3641244.52
2023-09-29,6041450.59
2023-09-30,10677079.05
2023-10-01,12013902.96
2023-10-02,26542989.85
2023-10-03,27665421.05
2023-10-04,36195371.14
2023-10-05,29362734.06
2023-10-06,38473877.95
2023-10-07,47096013.03
2023-10-08,44177962.41
2023-10-09,53087370.45
2023-10-10,47004349.26
2023-10-11,39848749.43
2023-10-12,25160705.01
2023-10-13,18467371.03
2023-10-14,39346666.86
2023-10-15,35723269.55
2023-10-16,47420968.57
2023-10-17,54799210.5
2023-10-18,63845034.31
2023-10-19,35536876.25
2023-10-20,63436144.19
2023-10-21,66786421.44
2023-10-22,67744009.53
2023-10-23,126142366.89
2023-10-24,282627684.64
2023-10-25,319140655.62
2023-10-26,367254626.55
2023-10-27,355549937.65
2023-10-28,336861603.11
2023-10-29,314967101.47
2023-10-30,317425943.48
2023-10-31,313927578.96
2023-11-01,360149943.04
2023-11-02,367835986.36
2023-11-03,361906797.35
2023-11-04,335880659.53
2023-11-05,309159201.52
2023-11-06,302215885.12
2023-11-07,302152770.59
2023-11-08,306088431.51
2023-11-09,397835561.83
2023-11-10,412751517.66
2023-11-11,384681862.11
2023-11-12,351838649.02
2023-11-13,339584077.9
2023-11-14,316539024.39
2023-11-15,316391952.39
2023-11-16,323282907.16
2023-11-17,307536186.76
2023-11-18,281587421.02
2023-11-19,261349777.42
2023-11-20,279618975.32
2023-11-21,315344348.82
2023-11-22,309337304.51
2023-11-23,296788879.36
2023-11-24,290854649.39
2023-11-25,270926493.75
2023-11-26,254417525.77
2023-11-27,234733331.81
2023-11-28,239360958.58
2023-11-29,251898783.58
2023-11-30,250250971.46
2023-12-01,287659246.06
2023-12-02,280492103.94
2023-12-03,279088945.67
2023-12-04,395966505.64
2023-12-05,450217610.83
2023-12-06,570519833.13
2023-12-07,592338767.87
2023-12-08,585519242.47
2023-12-09,562251725.21
2023-12-10,517060070.87
2023-12-11,498925656.52
2023-12-12,540590739.33
2023-12-13,504865150.33
2023-12-14,494974390.75
2023-12-15,513855172.05
2023-12-16,486193467.27
2023-12-17,435977772.09
2023-12-18,433186715.42
2023-12-19,450036386.4
2023-12-20,472964561.24
2023-12-21,464829347.56
2023-12-22,469799112.55
2023-12-23,442533173.45
2023-12-24,453100981.21
2023-12-25,414312165.0
2023-12-26,438992315.31
2023-12-27,543445374.74
2023-12-28,516593322.89
2023-12-29,522823159.23
2023-12-30,484655527.37
2023-12-31,452290405.61
2024-01-01,414688632.62
2024-01-02,473398291.31
2024-01-03,480002777.46
2024-01-04,841011128.73
2024-01-05,803135799.26
2024-01-06,725945473.87
2024-01-07,657189834.64
2024-01-08,639652083.19
2024-01-09,685415929.53
2024-01-10,666788544.5
2024-01-11,685900426.8
2024-01-12,623164608.48
2024-01-13,545861457.19
2024-01-14,487055673.04
2024-01-15,437188206.16
2024-01-16,638045462.58
2024-01-17,582007611.61
2024-01-18,622603182.44
2024-01-19,568927223.64
2024-01-20,503531943.63
2024-01-21,446573555.51
2024-01-22,396858897.29
2024-01-23,359255872.74
2024-01-24,419590892.05
2024-01-25,407536821.69
2024-01-26,383667880.34
2024-01-27,357567598.63
2024-01-28,328413628.82
2024-01-29,324804595.0
2024-01-30,422535616.81
2024-01-31,456305688.04
2024-02-01,406360974.56
2024-02-02,388348330.82
2024-02-03,349039390.1
2024-02-04,318512953.94
2024-02-05,306713601.55
2024-02-06,337433392.1
2024-02-07,332113471.11
2024-02-08,362988935.09
2024-02-09,413018251.95
2024-02-10,405151508.79
2024-02-11,403196927.22
2024-02-12,479447654.04
2024-02-13,514907528.44
2024-02-14,732799643.55
2024-02-15,758628700.79
2024-02-16,755349977.34
2024-02-17,699875666.91
2024-02-18,658625753.71
2024-02-19,762143468.03
2024-02-20,722709197.33
2024-02-21,713520337.25
2024-02-22,734806295.08
2024-02-23,751011577.49
2024-02-24,686966559.31
2024-02-25,632005155.7
2024-02-26,675679168.34
2024-02-27,892394374.02
2024-02-28,1572480617.88
2024-02-29,1708214284.27
2024-03-01,1878692824.44
2024-03-02,1700191800.33
2024-03-03,1564258105.76
2024-03-04,1771054516.19
2024-03-05,2084663666.08
2024-03-06,2767751772.11
2024-03-07,2871283884.39
2024-03-08,2885839845.1
2024-03-09,2650945323.34
2024-03-10,2462124201.62
2024-03-11,2697026768.6
2024-03-12,2696122915.15
2024-03-13,3517729100.4
2024-03-14,3356565733.52
2024-03-15,3053122497.44
2024-03-16,2731482773.45
2024-03-17,2550450083.99
2024-03-18,2353972308.62
2024-03-19,2050593413.55
2024-03-20,1844018879.83
2024-03-21,1785516910.69
2024-03-22,1725406068.42
2024-03-23,2175092610.88
2024-03-24,1959600221.97
2024-03-25,2371969554.19
2024-03-26,2202043148.93
2024-03-27,2031428817.13
2024-03-28,2059005357.06
2024-03-29,1875807971.8
2024-03-30,1690625815.37
2024-03-31,1528220442.69
2024-04-01,1673521297.24
2024-04-02,1672962605.85
2024-04-03,1559406607.74
2024-04-04,1426508748.87
2024-04-05,1292928164.24
2024-04-06,1199161959.3
2024-04-07,1097842189.74
2024-04-08,1107254056.51
2024-04-09,1049773899.23
2024-04-10,969931987.8
2024-04-11,921151387.05
2024-04-12,886562959.23
2024-04-13,762366735.65
2024-04-14,669690203.28
2024-04-15,622297609.2
2024-04-16,594056492.4
2024-04-17,514460244.51
2024-04-18,512901296.99
2024-04-19,527970007.12
2024-04-20,477216345.92
2024-04-21,443290714.43
2024-04-22,451127332.55
2024-04-23,434683188.55
2024-04-24,732382982.71
2024-04-25,663455583.25
2024-04-26,594369824.38
2024-04-27,550011269.06
2024-04-28,551294918.5
2024-04-29,517969974.85
2024-04-30,491524501.1
2024-05-01,348332425.31
2024-05-02,288000738.44
2024-05-03,278494393.25
2024-05-04,280250433.09
2024-05-05,262151278.36
2024-05-06,290423855.58
2024-05-07,286832412.72
2024-05-08,306767320.29
2024-05-09,291424714.96
2024-05-10,264819473.42
2024-05-11,249330911.47
2024-05-12,245596302.46
2024-05-13,258830345.09
2024-05-14,266230179.71
2024-05-15,432022550.28
2024-05-16,475841280.66
2024-05-17,491507737.58
2024-05-18,458395405.38
2024-05-19,441735254.68
2024-05-20,491397355.01
2024-05-21,625353756.71
2024-05-22,650016085.92
2024-05-23,653603053.31
2024-05-24,623937187.31
2024-05-25,575281326.65
2024-05-26,555596183.81
2024-05-27,578528432.38
2024-05-28,1750172732.26
2024-05-29,1571666735.25
2024-05-30,1427237378.59
2024-05-31,1293479781.96
2024-06-01,1153314755.47
2024-06-02,1038584154.28
2024-06-03,1049790873.46
2024-06-04,1016809684.17
2024-06-05,1011785470.15
2024-06-06,1093742880.49
2024-06-07,1051912718.03
2024-06-08,949423868.52
2024-06-09,856527655.37
2024-06-10,796819844.56
2024-06-11,855637613.44
2024-06-12,819836319.3
2024-06-13,738887235.11
2024-06-14,669354755.49
2024-06-15,616812432.14
2024-06-16,553431782.88
2024-06-17,511412987.09
2024-06-18,439921910.63
2024-06-19,424095730.69
2024-06-20,386887610.95
2024-06-21,388808150.17
2024-06-22,559608744.25
2024-06-23,494233935.99
2024-06-24,394647468.71
2024-06-25,337505806.28
2024-06-26,302442023.01
2024-06-27,397565494.56
2024-06-28,367212210.04
2024-06-29,327452566.31
2024-06-30,300428312.76
2024-07-01,326135286.72
2024-07-02,287171134.68
2024-07-03,317108629.07
2024-07-04,294661799.45
2024-07-05,248678629.23
2024-07-06,216862613.77
2024-07-07,204073823.79
2024-07-08,112561895.97
2024-07-09,148004720.87
2024-07-10,169458348.17
2024-07-11,152055574.87
2024-07-12,144106369.27
2024-07-13,146169892.86
2024-07-14,161447546.97
2024-07-15,264197380.67
2024-07-16,312033588.13
2024-07-17,356891387.09
2024-07-18,388080025.93
2024-07-19,504659130.97
2024-07-20,493392835.3
2024-07-21,469107013.27
2024-07-22,495149855.43
2024-07-23,681289639.62
2024-07-24,641089431.25
2024-07-25,567809730.25
2024-07-26,594937822.06
2024-07-27,588573984.94
2024-07-28,536572604.08
2024-07-29,594083818.99
2024-07-30,550789836.59
2024-07-31,504672656.67
2024-08-01,470281266.35
2024-08-02,415749853.47
2024-08-03,364368072.84
2024-08-04,310442229.15
2024-08-05,42281428.95
2024-08-06,-9872127.64
2024-08-07,23198596.18
2024-08-08,65438782.42
2024-08-09,130272613.18
2024-08-10,214827625.33
2024-08-11,190449848.05
2024-08-12,175664621.78
2024-08-13,129694775.67
2024-08-14,110755936.81
2024-08-15,81161328.87
2024-08-16,61966349.16
2024-08-17,55976962.15
2024-08-18,60158553.82
2024-08-19,43147844.31
2024-08-20,42756511.99
2024-08-21,55172977.31
2024-08-22,85122671.18
2024-08-23,144200447.64
2024-08-24,189735536.17
2024-08-25,181135518.94
2024-08-26,197232017.68
2024-08-27,143399093.44
2024-08-28,83351258.25
2024-08-29,184100507.36
2024-08-30,161344049.81
2024-08-31,157861791.49
2024-09-01,125535665.34
2024-09-02,94543860.9
2024-09-03,67105891.6
2024-09-04,55114235.82
2024-09-05,25855778.84
2024-09-06,-8294585.13
2024-09-07,-23411232.4
2024-09-08,-31636585.77
2024-09-09,17111259.7
2024-09-10,4591833.11
2024-09-11,-11720232.19
2024-09-12,17229564.15
2024-09-13,95558694.11
2024-09-14,106560911.42
2024-09-15,108414946.65
2024-09-16,106047128.97
2024-09-17,138366874.3
2024-09-18,170075238.94
2024-09-19,250456171.06
2024-09-20,341020979.92
2024-09-21,333165209.4
2024-09-22,309097429.82
2024-09-23,370731811.59
2024-09-24,371528577.32
2024-09-25,430915844.16
2024-09-26,461133296.65
2024-09-27,485158115.83
2024-09-28,488974365.34
2024-09-29,448718467.34
2024-09-30,406292357.48
2024-10-01,361321186.31
2024-10-02,296490965.05
2024-10-03,246771120.36
2024-10-04,256119841.87
2024-10-05,238742078.03
2024-10-06,225619948.67
2024-10-07,247349402.59
2024-10-08,881061331.74
2024-10-09,799741464.4
2024-10-10,665675622.82
2024-10-11,777509374.5
2024-10-12,741990455.25
2024-10-13,671945774.67
2024-10-14,667050771.31
2024-10-15,766520993.0
2024-10-16,785791869.08
2024-10-17,766158065.62
2024-10-18,761001620.16
2024-10-19,721069311.25
2024-10-20,816607476.51
2024-10-21,933360824.55
2024-10-22,873552483.37
2024-10-23,800062852.72
2024-10-24,755056820.8
2024-10-25,719768695.73
2024-10-26,650292851.41
2024-10-27,591919994.83
2024-10-28,604067296.58
2024-10-29,756566222.88
2024-10-30,777662287.81
2024-10-31,761056715.25
2024-11-01,735854519.19
2024-11-02,675428430.12
2024-11-03,608356363.28
2024-11-04,607662360.78
2024-11-05,587569185.77
2024-11-06,943137023.83
2024-11-07,1024400402.14
2024-11-08,1094711625.43
2024-11-09,1015721550.1
2024-11-10,1094763265.02
2024-11-11,1447856161.9
2024-11-12,1896189909.25
2024-11-13,2248042032.53
2024-11-14,2573980514.32
2024-11-15,2638715000.73
2024-11-16,2451142868.03
2024-11-17,2231099013.46
2024-11-18,2231835609.69
2024-11-19,2528256606.64
2024-11-20,2699901924.68
2024-11-21,3661128322.12
2024-11-22,3855173818.23
2024-11-23,3749397705.29
2024-11-24,3465321813.14
2024-11-25,3375201073.4
2024-11-26,3191795688.43
2024-11-27,3066169829.4
2024-11-28,2909165149.74
2024-11-29,2807496237.09
2024-11-30,2537176963.3
2024-12-01,2308369563.32
2024-12-02,2315935722.06
2024-12-03,2316537268.61
2024-12-04,2375568309.97
2024-12-05,3202903144.3
2024-12-06,3502719890.55
2024-12-07,3170225267.66
2024-12-08,2865661689.89
2024-12-09,3241332327.69
2024-12-10,3187805485.77
2024-12-11,3141371219.39
2024-12-12,2955617389.03
2024-12-13,2805314866.25
2024-12-14,2560861374.57
2024-12-15,2406373971.85
2024-12-16,2581287765.0
2024-12-17,2839048507.33
2024-12-18,2813907914.69
2024-12-19,3097408550.68
2024-12-20,2975991017.32
2024-12-21,2664186909.05
2024-12-22,2389589958.27
2024-12-23,2887603110.95
2024-12-24,2828257967.41
2024-12-25,2536871833.69
2024-12-26,2337711119.84
2024-12-27,2218635447.19
2024-12-28,1983671954.07
2024-12-29,1868373071.6
2024-12-30,1940787285.14
2024-12-31,1922504244.6
2025-01-01,1831421183.73
2025-01-02,1739351674.22
2025-01-03,1611213132.13
2025-01-04,1470052796.82
2025-01-05,1327040296.84
2025-01-06,1323591768.62
2025-01-07,1426639407.82
2025-01-08,1283931084.05
2025-01-09,1125112940.67
2025-01-10,1044422466.85
2025-01-11,946842265.75
2025-01-12,861915189.4
2025-01-13,777223761.28
2025-01-14,785217367.5
2025-01-15,880401959.64
2025-01-16,963688477.76
2025-01-17,1043688477.0
2025-01-18,1213688477.0
2025-01-19,1483688477.0
2025-01-20,1233275103.02
2025-01-21,1310282434.15
2025-01-22,1437570527.15
2025-01-23,1830197582.46
2025-01-24,1740287109.32
2025-01-25,1583260824.4
2025-01-26,1435031168.29
2025-01-27,1353991691.49
2025-01-28,1307055163.77
2025-01-29,1200528325.96
2025-01-30,1204006300.71
2025-01-31,1160249328.51
2025-02-01,1046627379.72
2025-02-02,930827511.18
2025-02-03,822271297.18
2025-02-04,1007962041.41
2025-02-05,1091824976.13
2025-02-06,1102025251.81
2025-02-07,1018186048.16
2025-02-08,918064059.18
2025-02-09,830457318.82
2025-02-10,392761331.62
2025-02-11,899066010.66
2025-02-12,816550097.03
2025-02-13,746491232.52
2025-02-14,708625831.17
2025-02-15,668077594.77
2025-02-16,600890645.71
2025-02-17,543424745.25
2025-02-18,512510787.65
2025-02-19,478385518.93
2025-02-20,477787825.1
2025-02-21,489422144.71
2025-02-22,489362376.18
2025-02-23,451055774.65
2025-02-24,444992281.88
2025-02-25,386632222.62
2025-02-26,292813346.18
2025-02-27,268119157.53
2025-02-28,140082428.61
2025-03-01,117299701.75
2025-03-02,158023580.57
2025-03-03,256558985.94
2025-03-04,146376478.59
2025-03-05,180553763.09
2025-03-06,319403507.83
2025-03-07,292583701.13
2025-03-08,251686906.49
2025-03-09,219987366.59
2025-03-10,180762348.43
2025-03-11,150884648.89
2025-03-12,177961924.24
2025-03-13,160422981.36
2025-03-14,181176141.34
2025-03-15,172774471.88
2025-03-16,162774409.02
2025-03-17,133824425.9
2025-03-18,119615467.24
2025-03-19,148149121.31
2025-03-20,197281226.99
2025-03-21,162082498.95
2025-03-22,177958972.08
2025-03-23,166337098.12
2025-03-24,206655856.14
2025-03-25,205313781.7
2025-03-26,219110990.13
2025-03-27,216015770.06
2025-03-28,307690097.5
2025-03-29,256714153.24
2025-03-30,205261195.16
2025-03-31,155464127.53
2025-04-01,125231255.31
2025-04-02,194139845.29
2025-04-03,308889496.93
2025-04-04,292008278.2
2025-04-05,270378324.03
2025-04-06,240973233.8
2025-04-07,197606192.57
2025-04-08,173456514.49
2025-04-09,149807163.93
2025-04-10,216495568.44
2025-04-11,199036040.59
2025-04-12,205107409.6
2025-04-13,229830190.23
2025-04-14,251761637.54
2025-04-15,153687946.2
2025-04-16,162746417.24
2025-04-17,-98580208.01
2025-04-18,-62961340.59
2025-04-19,-52697399.86
2025-04-20,-32409285.93
2025-04-21,42190731.0
2025-04-22,174138886.18
2025-04-23,510226990.0
2025-04-24,602552888.38
2025-04-25,894710356.04
2025-04-26,836936354.77
2025-04-27,769780983.4
2025-04-28,812566344.78
2025-04-29,894204578.87
2025-04-30,880048396.7
2025-05-01,915043655.09
2025-05-02,963445728.89
2025-05-03,904441698.36
2025-05-04,808188149.4
2025-05-05,921937085.36
2025-05-06,971155935.41
2025-05-07,1000468582.01
2025-05-08,1080072971.87
2025-05-09,1221045835.44
2025-05-10,1125190217.37
2025-05-11,1057528809.94
2025-05-12,1100161387.79
2025-05-13,1257895160.38
2025-05-14,1237554847.58
2025-05-15,1321027334.35
2025-05-16,1197328291.5
2025-05-17,1113588980.04
2025-05-18,1220908158.53
2025-05-19,1307929321.38
2025-05-20,1434745896.05
2025-05-21,1572861959.57
2025-05-22,1612779429.75
2025-05-23,1457276459.74
2025-05-24,1332365132.38
2025-05-25,1462914325.63
2025-05-26,1620719062.19
2025-05-27,1584715663.6
2025-05-28,1594913846.07
2025-05-29,1501686486.74
2025-05-30,1317941495.64
2025-05-31,1173914819.54
2025-06-01,1329569031.02
2025-06-02,1440871733.41
2025-06-03,1465303451.56
2025-06-04,1317672028.67
2025-06-05,1205411040.43
2025-06-06,1123011079.69
2025-06-07,1041531737.19
2025-06-08,1006528432.61
2025-06-09,1070197702.98
2025-06-10,1066540056.92
2025-06-11,988444869.06
2025-06-12,1038163786.92
2025-06-13,935941216.8
2025-06-14,865145409.01
2025-06-15,999903648.49
2025-06-16,916177801.57
2025-06-17,890840851.43
2025-06-18,847892096.69
2025-06-19,810811974.48
2025-06-20,744459222.73
2025-06-21,693685508.15
2025-06-22,687428773.66
2025-06-23,777456058.15
2025-06-24,864130077.13
2025-06-25,1024880018.87
2025-06-26,1161459422.02
2025-06-27,1050222656.73
2025-06-28,976712407.59
2025-06-29,1154367508.74
2025-06-30,1099770749.1
2025-07-01,1077594937.51
2025-07-02,1136380499.78
2025-07-03,2130405744.37
2025-07-04,1890137522.97
2025-07-05,1692165442.21
2025-07-06,1684211882.19
2025-07-07,1675869446.27
2025-07-08,1743284591.14
2025-07-09,1700331803.01
2025-07-10,1922132442.87
2025-07-11,1884651017.11
2025-07-12,1750795223.03
2025-07-13,2027306953.43
2025-07-14,1989413062.61
2025-07-15,2538348759.18
2025-07-16,2706773280.72
2025-07-17,2606238329.24
2025-07-18,2435794736.11
2025-07-19,2195535008.31
2025-07-20,2129491944.61
2025-07-21,2179876895.26
2025-07-22,2171679795.71
2025-07-23,2086576270.15
2025-07-24,2070345698.22
2025-07-25,1877649411.29
2025-07-26,1710375388.06
2025-07-27,1658777962.17
2025-07-28,1679091560.57
2025-07-29,1641332644.9
2025-07-30,1542923653.53
2025-07-31,1395082603.44
2025-08-01,1244447586.13
2025-08-02,1172506164.78
2025-08-03,1103278078.04
2025-08-04,1055144773.96
2025-08-05,957468592.85
2025-08-06,1006190404.94
2025-08-07,1012875205.14
2025-08-08,927702242.3
2025-08-09,871357718.21
2025-08-10,909518030.36
2025-08-11,954532246.28
2025-08-12,1006241785.73
2025-08-13,1089978075.27
2025-08-14,1052229656.84
2025-08-15,1339085718.7
2025-08-16,1208172934.69
2025-08-17,1059462808.64
2025-08-18,1071367625.27
2025-08-19,995002608.24
2025-08-20,930371698.58
2025-08-21,977468110.31
2025-08-22,906550770.64
2025-08-23,826052543.59
2025-08-24,765476085.31
2025-08-25,705221889.31
2025-08-26,671928382.08
2025-08-27,726588332.23
2025-08-28,1170513917.42
2025-08-29,1049611718.66
2025-08-30,940618087.43
2025-08-31,845248660.11
2025-09-01,815332897.73
2025-09-02,765734239.11
2025-09-03,721112523.37
2025-09-04,960705252.88
2025-09-05,877876335.76
2025-09-06,812071216.31
2025-09-07,787082146.63
2025-09-08,748848721.37
2025-09-09,738819273.64
2025-09-10,764288655.77
2025-09-11,779536044.81
2025-09-12,758416379.33
2025-09-13,705589302.22
2025-09-14,739996225.98
2025-09-15,761692407.15
2025-09-16,844396184.16
2025-09-17,866892330.33
2025-09-18,999003361.16
2025-09-19,928498295.59
2025-09-20,861699820.43
2025-09-21,747516639.58
2025-09-22,786104350.06
2025-09-23,816824244.49
2025-09-24,831989082.7
2025-09-25,788817032.62
2025-09-26,715460844.76
2025-09-27,655729173.24
2025-09-28,678747384.4
2025-09-29,788539385.58
2025-09-30,1138976279.03
2025-10-01,1259302423.97
2025-10-02,1375062597.13
2025-10-03,1351300403.97
2025-10-04,1298053566.88
2025-10-05,1339986784.01
2025-10-06,1658802653.75
2025-10-07,1687732848.61
2025-10-08,1714530372.27
2025-10-09,1562787986.89
2025-10-10,1366357622.39
2025-10-11,1213987555.02
2025-10-12,1095922422.59
2025-10-13,1192771067.66
2025-10-14,1540542544.63
2025-10-15,1315201496.22
2025-10-16,1231072973.98
2025-10-17,1108948848.61
2025-10-18,974843372.34
2025-10-19,890878958.12
2025-10-20,879300193.53
2025-10-21,988485437.18
2025-10-22,964966469.25
2025-10-23,904279608.21
2025-10-24,835770523.87
2025-10-25,831169027.46
2025-10-26,894329134.47
2025-10-27,1048507612.16
2025-10-28,1102928841.33
2025-10-29,1165286573.81
2025-10-30,1079798487.84
2025-10-31,1036648248.34
2025-11-01,931974904.33
2025-11-02,894077850.6
2025-11-03,748147641.21
2025-11-04,630971572.11
2025-11-05,544307425.86
2025-11-06,844775236.25
2025-11-07,793242231.03
2025-11-08,707056823.09
2025-11-09,723853806.36
2025-11-10,703970048.25
2025-11-11,669204149.97
2025-11-12,560318668.12
2025-11-13,354119555.78
2025-11-14,322243031.01
2025-11-15,268190045.32
2025-11-16,193851146.08
2025-11-17,213180462.39
2025-11-18,79670847.24
2025-11-19,26380798.75
2025-11-20,-352139945.81
2025-11-21,47015005.7
2025-11-22,934550571.19
2025-11-23,801087377.89
2025-11-24,687453601.35
2025-11-25,750272331.51
2025-11-26,639105934.48
2025-11-27,524010406.93
2025-11-28,452069846.03
2025-11-29,375114710.31
2025-11-30,246999910.59
2025-12-01,116125141.45
2025-12-02,154199475.93
2025-12-03,145765284.1
2025-12-04,6830992.75
2025-12-05,6317176.93
2025-12-06,-3630268.01
2025-12-07,-27605619.14
2025-12-08,-22030302.34
2025-12-09,166808487.84
2025-12-10,116051185.37
2025-12-11,67897509.75
2025-12-12,62603388.99
2025-12-13,48483684.58
2025-12-14,-90718587.89
2025-12-15,-112170134.94
2025-12-16,-170600157.9
2025-12-17,-166162280.98
2025-12-18,-158881002.48
2025-12-19,-223784187.42
2025-12-20,-183964759.42
2025-12-21,-149855088.4
2025-12-22,-146269283.91
2025-12-23,-182366136.5
2025-12-24,-149233328.87
2025-12-25,-245406698.81
2025-12-26,-216511145.87
2025-12-27,-217177855.57
2025-12-28,-179705113.13
2026-01-02,737472887.33
2026-01-03,307934938.8
2026-01-04,364152585.86
2026-01-05,1202371778.3
2026-01-06,885088717.56
2026-01-07,1854052709.94
2026-01-08,783272441.48
2026-01-09,1023460774.36
2026-01-10,607042422.85
2026-01-11,417127029.87
2026-01-12,1103421745.54
2026-01-13,1387399723.49
2026-01-14,1224509619.5
2026-01-15,1185716720.05
2026-01-16,721006646.66
2026-01-17,534126008.17
2026-01-18,66837350.35
2026-01-19,622410096.23
2026-01-20,1116325585.27
2026-01-21,1073076213.84
2026-01-22,1199201032.46
2026-01-23,5153237375.71
2026-01-24,265810883.57
2026-01-25,455486112.12
2026-01-26,689462537.54
2026-01-27,500885095.57
2026-01-28,710738564.72
2026-01-29,999024231.77
2026-01-30,1728596936.5
2026-01-31,1552771435.19
2026-02-01,1156439840.34
2026-02-02,2349326700.17
2026-02-03,2645308623.74
2026-02-04,2679397661.62
2026-02-05,6581111571.44
2026-02-06,4112688255.37
2026-02-07,1204057155.57
2026-02-08,706010036.28
2026-02-09,1771761332.69
2026-02-10,1708453644.4
2026-02-11,1475550631.56
2026-02-12,1778770199.58
2026-02-13,1841723136.72
2026-02-14,446756501.52
2026-02-15,393570710.34
2026-02-16,0.0
2026-02-17,0.0
2026-02-18,729860086.32
2026-02-19,892916267.91
2026-02-20,1519005137.81
2026-02-21,293827401.02
2026-02-22,206615652.93
2026-02-23,1453886053.67
2026-02-24,1904490885.44
2026-02-25,1402051148.44
2026-02-26,933968859.38
2026-02-27,1008260482.41
2026-02-28,515793680.33
2026-03-01,501855441.15
2026-03-02,1002445880.26
2026-03-03,815400153.87
2026-03-04,1661216641.88
2026-03-05,924012238.65
2026-03-06,1456702722.32
2026-03-07,346951345.82
2026-03-08,314352995.76
2026-03-09,917057881.57
2026-03-10,893693098.05
2026-03-11,1346624187.81
2026-03-12,1130999999.71
2026-03-13,1002076476.35
2026-03-14,509424058.29
2026-03-15,287509612.22
2026-03-16,1151210887.85
2026-03-17,969624843.33
2026-03-18,945363710.77
2026-03-19,748510491.61
2026-03-20,851763922.28
2026-03-21,147880941.89
2026-03-22,1094938312.32
2026-03-23,1031165207.94
2026-03-24,1533797092.82
2026-03-25,796163970.03
2026-03-26,1130126657.14
2026-03-27,1239721469.52
2026-03-29,259511709.41
2026-03-30,1095312905.63
