promedio,mediana,p5,p95,token_symbol
123321.75999999177,123321.76,123321.76,123321.76,btc
123754.23427907903,123697.30860987525,114014.41114028764,133518.0843557699,btc
124303.62147067887,124161.76762046282,110828.63945267198,138212.60141382035,btc
124858.76884555421,124644.52877276091,108471.87349359496,142094.65536027536,btc
125337.48187357,124930.21433916951,106566.98793365472,145581.16415724516,btc
125781.31107969361,125173.63032527314,104662.60256900116,149370.19671500876,btc
126242.93379674164,125469.18914127455,103126.66980664199,151971.4336410901,btc
126683.478855619,125918.08784770238,101917.39300392003,154281.81468732585,btc
127273.47872244306,126347.98572300578,100577.59245416507,157375.68176193713,btc
127700.57271074125,126437.36482255338,99366.7380674048,160183.62594401286,btc
128104.24939268496,126993.17463071688,98405.65864755478,162398.66133406732,btc
128558.6212436645,127141.96759018413,97467.8909191368,164918.66662327555,btc
129014.98301350274,127487.18726744835,96448.1541790954,166625.6643626244,btc
129538.52145398616,127847.70815799528,95862.561765671,168397.41926472928,btc
129858.37612214618,127872.86013821849,95290.78716167418,170554.6049599513,btc
130510.5947156157,128589.96325269478,94721.99772356967,172418.0732614089,btc
131005.63988520327,129024.31339395893,93955.11685349337,175008.27256672064,btc
131407.9529733279,129283.24518952527,93327.3685022478,177791.2506396462,btc
131875.63886149842,129564.12582909284,92391.08126434378,179468.80604089238,btc
132326.5524887675,129598.51590867234,91732.8322431321,182342.7105690405,btc
132810.00601119615,130329.16753284438,91148.29608650348,183874.2717995704,btc
133281.24707301345,130108.10556914394,91243.43713480083,186010.0383774884,btc
133798.1550992571,130409.30065069575,90963.42987912935,188667.72517728413,btc
134387.85624629082,130774.85238232941,90031.5498774091,190450.33070276814,btc
134900.58197680447,131307.9473807488,89684.61873435519,192584.83696730094,btc
135454.9977487984,131808.99421477003,89373.8064127234,194396.72593468655,btc
135879.95514443412,131987.93906821878,88872.69621058204,196377.01324046514,btc
136333.68061601173,132210.16357725416,88152.80448000925,197614.89990272355,btc
136904.30309980034,132748.70170137944,87628.08133492526,199205.27864103892,btc
137502.0342538408,133200.44870968454,87288.02220054927,201626.66435156166,btc
137821.99519272396,133024.58256888788,86903.26455953144,203915.25279036726,btc
138336.24529893755,133594.50196525984,85935.7422929952,205640.52835142496,btc
138791.9510804636,133869.18531944303,85752.64312028594,207358.45986529376,btc
139288.12386115853,134250.60910912242,85643.8697204627,210311.36672756213,btc
139866.13189236616,134340.59289525883,85406.43029286734,212982.3814940256,btc
140475.46515934862,134596.0262540516,85180.04322350433,214179.93095541096,btc
141004.36548525823,135437.10627228208,85063.14244663897,216467.32442617096,btc
141591.76307765607,135510.16009034688,84333.43800407017,217938.60785611853,btc
142072.6651982839,135914.0709618542,84185.25298444032,220077.2909080402,btc
142502.27061603128,136341.37523691411,84172.12434400861,221549.6953433773,btc
143133.70766929002,136432.27634015787,83544.26702277226,224813.92714278316,btc
143632.30753992093,137301.69242372832,83344.8833584431,226145.87888345047,btc
144247.99717505855,137590.1823064991,82753.26237269132,227159.42088452427,btc
144691.87570534667,137818.92959707318,82174.42529657346,229044.54736546977,btc
145266.79664771952,138595.74109056446,81959.3985368568,231262.7348242517,btc
145709.93892762603,138807.90409520408,81917.6584451935,234164.58016184176,btc
146182.20812914544,139089.78778431358,81288.04584823265,237471.28990697517,btc
146805.45560328296,139151.69754557958,80794.5632300343,240149.64226056667,btc
147266.12135230342,139302.32944238465,80526.96575738727,241153.83931031395,btc
147853.48189188816,139680.73519683362,80657.13278438988,243013.86530729366,btc
148447.75954944658,139815.75579734548,80465.20252144449,244100.3540740808,btc
149032.05039028262,140362.81291355196,80401.23339186056,246068.92380095104,btc
149423.58754284715,140281.39209872828,80206.90598980398,249731.56279747814,btc
150017.95504864966,140853.36737812212,80043.96254074136,250685.17631954775,btc
150658.9626462951,141023.27494895054,79377.22902896561,251856.89686823066,btc
151132.44346309215,141308.48144528826,78909.49220066144,253975.05698886263,btc
151521.08353851901,141898.1886789279,78867.82004611264,256881.95321611103,btc
152023.44633452725,142147.8612971189,78959.91318880486,257322.91606471955,btc
152540.6217267789,142605.86602600507,79236.11099919128,259086.43852686178,btc
153217.0565406778,143384.77311887027,79027.52873410861,262369.7576900555,btc
153696.3893421775,143131.01795301813,78962.39362314739,263705.88437588996,btc
154375.97253580633,143837.71066726802,79025.7966411225,266068.9592516629,btc
155024.31590600908,144405.20965004223,78674.94773283282,268635.0324878794,btc
155684.41880661322,144755.19325313694,78518.82168899335,271009.0091561595,btc
156371.73698337175,145080.7998079015,78313.37582862038,272120.57200934313,btc
156832.09616287824,145317.78309644508,78149.05371052155,274445.2381051637,btc
157315.679548871,145626.16236091437,77666.24609641504,274535.3227693365,btc
158018.78100938152,146032.99943603584,77633.61231501302,278248.68688556686,btc
158689.85196596524,146454.5345539964,77622.69624946835,281849.7789207161,btc
159220.37867119737,146782.9223664269,77423.84668059391,283956.43276082573,btc
159801.61204169664,147446.96117103807,77304.40504447253,286286.44115006033,btc
160438.73963798088,147452.200766836,76944.08321280738,287461.54152147163,btc
161207.03944221683,148330.2750920967,76538.23715223133,289916.4506259563,btc
161854.91869305752,148279.26512481715,76615.54932298734,290085.75762522005,btc
162490.19320667075,148911.754002207,76094.26198942584,294817.64490323036,btc
163123.45746317555,149647.3894244858,76295.02360026131,294071.7602837475,btc
163794.93472058483,149576.88971123472,75914.45813718499,297812.92745720485,btc
164447.88254966162,149721.46998675028,76384.36021661955,299507.4475476088,btc
164851.63194109072,150385.91542107018,75924.47482909067,300986.3472276313,btc
165552.8857746587,150712.17593628258,75984.41208050723,302667.7305127599,btc
166079.3769419736,150911.2475869275,75450.8361639732,305955.5641746942,btc
166838.08064456563,151159.58699258458,75623.47191323907,308029.01329976,btc
167461.71578713972,151875.13008583518,75417.84122288956,309940.2609128436,btc
168068.5400233598,152276.8443652058,75357.05052851314,312238.8592408576,btc
168786.79808621734,152994.86534993132,75034.43319481071,315799.29410609213,btc
169312.9747604336,153190.9444296164,74909.20164979192,317157.5816369814,btc
169878.19037734228,153272.59714484942,75400.91526397165,320373.23450933816,btc
170601.05872228584,154050.92297899,75086.25647251068,322873.0099325113,btc
171192.6527615149,154331.496659229,74610.92176440606,324173.79177297984,btc
171870.13394336318,154626.5134574555,75214.84379569154,326841.77186609985,btc
172617.82809937562,154585.61607224736,75289.2867516339,329725.13521179784,btc
173262.73243666097,155416.39994061837,74654.78485520951,331369.3882913671,btc
173774.31337911938,155886.95377088693,74754.46949432946,332895.9754278295,btc
174241.3016219353,156590.78536069678,74255.98275664542,334926.7863585108,btc
174963.95526330327,157203.55167206522,73998.31486140267,337428.94304444775,btc
175622.6671416586,157394.27482825366,74354.6579063714,338025.3225828721,btc
176289.62702585568,157768.0071126435,74520.72963194143,338959.0211625724,btc
176855.76202122864,157692.01552640114,74499.72091222707,341148.59643083625,btc
177481.2265131099,158182.36565868944,74457.79185684143,343179.4246605505,btc
178095.79328177325,158753.55186085525,74350.80915269292,344775.2207309614,btc
178805.52395363257,159424.2348438677,74440.6952626815,348372.8959904254,btc
179481.32520916546,159343.71784411132,74218.82202881959,350297.8633522792,btc
180044.11923016218,160020.4888203122,74411.44331204669,351249.396615555,btc
180599.44001513993,160600.23927706573,74576.44124363257,353836.08428316517,btc
181335.16715622574,160967.4268154442,74215.18898973563,357259.92055779666,btc
182024.90041957403,161593.83727120102,73793.53321893627,356030.6644872322,btc
182655.14892490624,161703.4154808873,73757.45642636775,361012.26230103994,btc
183251.43912160775,162469.24028787517,73387.56567671087,364750.5522345132,btc
183845.06823165002,162478.10226423515,73526.59959100904,367285.205139336,btc
184481.57906319704,162771.854630856,73127.68133484463,368608.8837418876,btc
185342.6810529562,163881.1483398173,73399.42109102357,371051.54637825204,btc
186136.31034965793,164320.45573755796,73275.98089469328,371444.5036198116,btc
186824.47800083464,164578.9091237637,72748.87235722224,374335.5918249373,btc
187582.2856225077,165250.47525520582,72524.49186458456,376281.93678021303,btc
188234.69434192794,164915.41760193085,72453.52341943179,382042.1114881835,btc
189110.46274843937,166133.50095791032,72283.27147858936,385483.5402999326,btc
189736.59826214839,166352.54920961248,72159.0497834704,387160.4644370209,btc
190341.0948866342,166568.4491218302,72327.21598743515,390173.071760902,btc
190965.5086582934,167522.5101002782,72252.56264919974,391169.40014276817,btc
191511.17741015408,167084.44340205519,72130.94605161501,391460.5993243895,btc
192241.34853887008,167848.11884857388,72249.83077664726,392780.36929276906,btc
192914.3372976767,168530.4954921091,72299.11878379638,399670.4426259124,btc
193577.47201181308,169382.36850718874,72227.06929127657,399080.6058010125,btc
194265.30359562987,168969.79421456874,72020.8977044959,402499.9649382995,btc
194906.60632252943,169099.0857953047,72041.58237607723,402455.5317487607,btc
195649.67330995732,169223.29731695232,72033.16534265729,408018.1270677136,btc
196540.2555229447,169395.45985897377,71810.42167333726,410283.0504453602,btc
197228.29503155104,169776.489535661,71799.28330441026,411715.56035743904,btc
197929.5551512656,170487.2498163998,71427.23505433119,416397.60968250415,btc
198526.98988283554,170394.43957460404,71456.61558758825,416946.54150572035,btc
199294.31363546185,171760.26010268525,71177.37171636525,418576.692109032,btc
200121.28910929433,172056.97709221474,70995.96483169749,418937.34633259993,btc
200894.67561795417,172649.63390212686,70358.85519593743,423781.0965896455,btc
201577.79171430622,173543.48264611268,70386.8480000605,426732.46259280696,btc
202350.60694790096,174044.04832852772,70361.68787865627,431111.9559240414,btc
203008.4864924363,174067.08115740304,70287.01543796579,432104.1614477629,btc
203822.75297906183,174531.4200487957,69826.69970557422,435471.1815550522,btc
204627.71050357047,175221.53478576246,70211.7356620977,437395.13900202245,btc
205380.84835726765,175445.64652695024,70058.01054381306,439485.13392750727,btc
206091.75295752854,176878.98962667567,70392.44028224167,440142.42528884445,btc
206767.65593236592,176625.76113665343,70154.49729269987,442627.95175274054,btc
207631.33053718516,176763.11523939628,70503.00935706892,444765.49450137274,btc
208312.34282749073,177737.55287969945,70093.59197251509,449256.4440290275,btc
209148.90972594448,178356.7705980864,69864.52395794462,452838.72942061233,btc
210047.29244822374,178262.3603977397,69909.09246339298,457145.51230182,btc
210713.77473232598,178598.74950682657,69960.65784320007,458004.8943852612,btc
211586.2401114838,178178.4946000705,70390.9004418295,457688.0608206941,btc
212420.76626366307,179106.91995499254,69749.80188409406,458923.3367818167,btc
213226.19011253983,180577.53108379588,70354.09816313056,461564.942500946,btc
214146.93968023814,180340.49245318345,70344.12010896594,466996.73096452793,btc
215181.66502436023,181462.6639655736,70593.49531561958,469641.85749057186,btc
216188.6364123311,181686.989692355,70496.42742790631,476790.35157411237,btc
216877.23591160294,181880.34706565147,70140.74591716075,475668.1289631447,btc
217573.2323969399,182780.53989799262,70072.80121884524,479736.0570752305,btc
218191.0389252432,183112.8604044446,70080.48878390696,481502.17962869967,btc
218833.67906005163,183295.18773969507,70189.60021195679,487762.09480695234,btc
219532.54928368845,184148.47995941472,70272.73693821586,488228.6340959734,btc
220397.98420461893,185150.35805153247,70086.79777132368,489849.8276772652,btc
221182.63264163476,184890.538691246,69577.97630144599,493999.96868228185,btc
222005.98671608034,185233.98965838779,69945.89775469384,496468.28116805217,btc
222804.73818737568,185891.41962159704,70298.79441101196,499318.93029074883,btc
223482.69926190237,186274.6246359434,69835.82269049696,506153.8957971263,btc
224214.59708070464,186640.04125985588,69509.21085721014,508058.5869486418,btc
225116.62150154266,187444.06873153092,69203.88432708188,508760.3702175859,btc
226018.74737546706,187687.96231907007,70181.3293798608,506075.8980113008,btc
226846.6729535234,188031.63115317313,69856.69012549325,509424.92565246165,btc
227707.04192601246,188601.46704194794,70119.8079619761,513813.99849202484,btc
228667.9700870325,189800.63642775975,70120.97407335918,514718.79659161373,btc
229428.30124561806,190347.993895903,69683.46059494196,518084.29410568514,btc
230293.95413203927,190674.49321583554,69678.6588275196,524248.0041877869,btc
231233.02298831238,191190.3124627828,69863.479354948,526103.4355163076,btc
232479.84375472929,191942.33988286942,69479.49994066099,533905.4610114053,btc
233407.8956936845,192091.65628771394,69868.28008886983,534178.7381323035,btc
234305.0580180336,192605.95067290374,69832.66013075862,534952.4433720807,btc
235062.3130854257,192797.0117316638,69795.22886558295,539005.955778709,btc
236117.05618193978,194001.3480808257,69818.74873648961,541950.6691433202,btc
237157.3906600819,194762.27243888818,69688.90027039735,549714.1717615759,btc
238175.02317410483,194633.12967173062,69416.45519580576,552746.2421041053,btc
238932.00843224596,195430.1750013984,68753.25720339103,554456.263585858,btc
239912.9683599847,196180.16033288615,68928.39723622848,557728.7294758637,btc
240757.28592897035,196331.39308937202,68837.75515577426,557729.1568891043,btc
241308.9783794456,196821.69225916927,68605.03134406777,561225.6126110251,btc
242104.1338282268,197018.457430065,68390.5731722136,561423.0708782641,btc
242980.08764595608,196688.44183023297,68149.39260484594,565492.7115255499,btc
243707.64570578717,197433.65904869646,68645.4572579842,570055.8259567431,btc
244521.22344564815,197242.61447799558,68408.60899861334,573752.3379420415,btc
245427.31138249903,197878.8414547139,68586.47840323191,575121.836034033,btc
246290.70454763665,198936.99527768002,68971.7163761098,575772.4569136659,btc
247267.68407822822,199137.62302668235,69140.5540621583,585085.3267020028,btc
248277.74944067193,200098.1523252329,68907.36125182368,585520.0543051499,btc
249317.27798767923,200799.59704040774,68899.5227369221,589933.7308745245,btc
250276.94737173815,200511.99276393658,68505.30686455028,591482.2639362875,btc
251305.253712813,201189.70918897243,67993.56628605557,593084.0631558727,btc
252081.08139100505,202268.81595757726,68142.08913386047,595381.436220193,btc
253180.56939725403,202840.88499185484,67745.36657700648,602688.0293503801,btc
254140.22927643236,203013.35505710967,67716.00623525113,601876.6469227483,btc
254978.28522680653,203508.5886083683,68233.23770308279,600844.0945579641,btc
255777.10186374089,204549.77012471584,67920.74583284416,607956.809209468,btc
256632.34596392032,205457.4330257614,68154.12685200997,609207.812126582,btc
257404.01635918298,206152.52747373225,68253.94339981744,611839.5230410515,btc
258363.38038446798,206912.81209572637,68024.5814186546,618404.4015792921,btc
259567.4657150383,207413.23960667336,67715.71577250194,623283.0551838963,btc
260402.8108899523,208274.3274901862,67638.07858385924,621879.1699077754,btc
261392.1214403664,208501.86153556948,67636.52793863145,622885.1279609799,btc
262301.7463975155,208872.0847508455,67767.27387051702,627677.2493993186,btc
263523.3810137658,208984.5167531679,68012.74630517702,629819.0565505842,btc
264314.5522660021,209206.00448906072,67907.85253722999,631428.3873158663,btc
265296.2859731025,210767.95011013333,67954.14706788487,641629.6562054793,btc
266351.56468680676,211287.67869692176,67983.29179022803,648286.8460501803,btc
267225.82903305563,211530.6573748173,68176.91543543052,647666.0010217839,btc
267973.7813555218,211582.8887071289,68381.08346803002,652448.3938800165,btc
269024.2598787246,213016.83725169074,68245.44455481267,651445.3829748442,btc
269924.31537116127,212945.57326954915,68624.9344475011,657881.992151289,btc
271015.75511010614,213173.2901659744,68343.82205475387,662872.6007373587,btc
271987.4606442165,214143.37183270615,68040.22225771773,667549.3689161014,btc
273004.1852655581,214850.49236131046,67692.32051291924,671531.34105038,btc
274131.9186178274,216079.67304015957,67710.73718830894,672929.006536779,btc
275401.209357866,216666.03152804257,67266.9222414811,676160.0103902452,btc
276197.09930605703,216433.32213244395,67182.81713971806,681363.2799671778,btc
277055.9185178948,217718.39748152762,67137.97129228768,683505.6721554645,btc
277894.03966477554,217257.22424057164,66514.38640344127,684288.9807762415,btc
278946.34903116705,217256.93629312515,66673.52080543624,688548.4897469778,btc
280111.1288500338,218098.8883592595,66467.20841238946,694387.3693752781,btc
280681.5772299626,218391.52672188065,66460.41978658203,701973.4318621313,btc
281942.7896105802,219612.76001413586,66453.26995992452,705815.8337530617,btc
282873.16355505993,219781.84360833184,66953.34401107449,706656.8985936331,btc
283449.8498653847,220016.96622984062,67322.73106009982,707384.0296514225,btc
284526.9165188257,221546.35987874068,67460.29375396107,709380.2535424059,btc
285435.5205104273,222619.80461903784,67635.90420606383,707786.0536585795,btc
286666.35454750515,223149.48906083644,67434.12349376755,711139.9499882999,btc
287694.99472318887,223092.74143175947,67340.46863458834,720372.8659951858,btc
289053.517990443,222993.8680361432,67171.9922555626,724671.1875705179,btc
289653.1095249879,221721.5166034483,66876.54535393504,724039.5058654216,btc
290543.015297524,223681.25149663375,67461.31080431558,722881.225064858,btc
291594.6368249296,223926.8307254489,67365.91469369593,726067.2115971374,btc
292352.2919728589,224852.28693359092,67694.30365174865,731610.3556781291,btc
293539.75083205296,224195.89678631205,66702.27559356527,738748.7851504504,btc
294582.3083894194,225141.1307022807,66764.70659189406,742650.5472839626,btc
295848.58614920825,225780.2187013831,67523.71170742139,746341.4125273561,btc
296907.79850656004,226119.71496057656,67026.25297273415,753930.3402289847,btc
297777.4843766419,227211.49733549438,66646.70964766675,763769.6600382512,btc
298899.2416802794,227529.0018066031,66217.5558879904,765223.938980731,btc
299980.37343286903,228381.83555461591,66832.5310114215,765919.802990145,btc
301120.75543806684,228981.1715355288,66854.55833639001,770049.4375239298,btc
301883.6816030656,228459.9451615879,67111.14885535232,775459.3706734296,btc
303161.33258295007,229554.7726427587,66713.15224893602,779006.5698519582,btc
303979.38865536527,229482.77634776238,66795.21174230063,787948.6119838376,btc
305311.76046978205,230537.1160427962,66414.81035034482,787086.2545004151,btc
306372.3887749651,230985.4050035755,66827.16964563404,792680.6585307955,btc
307195.93214738986,231389.2143334273,66315.81927158717,793967.4872399387,btc
308414.7903666026,231323.1254307939,66809.50824938645,799453.76396887,btc
309587.3544936662,231959.39851256926,66245.69226043577,806999.9351993069,btc
310995.79091391136,233036.25463046844,66660.23147077719,808097.4067531828,btc
312050.1277733919,233747.3361028419,66467.49600817039,814897.2712129506,btc
313151.57905536285,233699.32772348778,66602.01571055384,814772.1996329058,btc
314093.39744978596,235214.2039416954,66868.37141337343,830100.2135751104,btc
315097.6276514067,235828.60411022362,66872.80068370224,829322.7497679349,btc
315967.7279164258,237531.96661215284,66841.35562612402,827279.2165426126,btc
316845.036658213,238242.88173797244,66809.12472107976,825277.5019443833,btc
318106.6123410599,239879.23641867237,66624.36887836095,829284.2415882946,btc
319742.5307248767,240596.8209792914,66389.67394087624,838645.8051724532,btc
321109.8936035157,241663.18898556157,66224.24662549284,843844.8472447048,btc
322316.8326583559,241617.62644692353,66905.04065301115,849203.2588326843,btc
323436.4863376359,242172.27723302224,66521.70255109241,848216.1030870444,btc
324497.23774043313,243414.78226381016,66535.33492924107,852665.8074680283,btc
325472.2448804246,244491.79278681206,66827.82224082125,847490.5322098869,btc
326800.79641360504,244485.19465225202,66427.0084317124,860946.3239378808,btc
328178.4396132239,245758.1850935776,66512.8127789481,869887.9034677502,btc
329456.50288903783,247229.531718709,66398.86706995904,865814.7024502284,btc
330753.10082865926,246842.29034712183,66735.81415839767,874974.7701041711,btc
4358.33056640625,4358.33056640625,4358.33056640625,4358.33056640625,eth
4364.845513027821,4363.191750645348,4044.708538074144,4686.7009294491045,eth
4372.936517307773,4371.279857361544,3916.875256646647,4834.990897207887,eth
4381.36429922202,4372.599730921077,3831.5603401274525,4959.103950715451,eth
4389.3069646247595,4377.413423247148,3749.4377579005472,5074.3996077192805,eth
4398.6554319392835,4376.006426848815,3694.677411030189,5164.8611973577445,eth
4406.422413468587,4383.780146497973,3630.000998676729,5266.215134051942,eth
4418.69443370707,4395.701616461056,3592.0748755744435,5343.007273286609,eth
4429.232292062909,4395.577588118198,3548.4867381095473,5431.873530302791,eth
4436.7141452220385,4397.505819931215,3505.494918638287,5488.542038953471,eth
4447.228126548504,4400.436631947419,3464.377840895622,5565.847554269579,eth
4451.847576087924,4404.090381781818,3430.8287605938463,5616.536433264825,eth
4461.123262991525,4406.783090194544,3402.231912925752,5687.298387880513,eth
4466.408178906004,4412.500170972286,3369.6609617944014,5746.8221957041715,eth
4476.685042519014,4419.93215304837,3335.933474861382,5823.515706643701,eth
4486.843006813961,4426.078295689402,3298.839487636252,5860.148819936473,eth
4493.333202197545,4429.771520032401,3277.2384006405982,5952.406627985294,eth
4502.250321093593,4422.958337795535,3235.506510823571,5982.036455553465,eth
4509.979735714301,4429.147634405323,3203.9330128594534,6052.458470561338,eth
4520.245567267241,4434.639657719859,3180.9766760740085,6123.246543128617,eth
4530.192108823676,4442.522602960336,3164.7623121842767,6196.996257435498,eth
4540.406377014983,4441.802399201579,3137.5472838907317,6267.080245430558,eth
4547.729211050176,4447.566765559519,3109.5693516798524,6322.425203417028,eth
4556.7262011523835,4455.651849264039,3080.888964805441,6371.915655063287,eth
4569.222751835571,4456.390558169245,3070.9500973550557,6444.815165051268,eth
4575.4972539258615,4461.961859962985,3058.2641401235865,6447.507401293675,eth
4583.502887246369,4466.70718457957,3035.826791640404,6526.18081904763,eth
4591.79919799363,4465.044776954111,3013.584134939271,6580.112320286176,eth
4600.62736361789,4461.649431743489,3004.5342767575266,6638.240320896466,eth
4610.465183538204,4467.123222083856,2978.5974371278894,6709.359855398701,eth
4620.595120040125,4483.518346272899,2957.064479599466,6749.53528395978,eth
4629.197069228369,4485.614511999284,2932.243517088089,6794.58923008485,eth
4640.077806249586,4496.792773840849,2914.312110037694,6847.870328842431,eth
4647.376476620417,4494.025112146725,2891.0465924382447,6867.485982022691,eth
4655.477698448985,4505.313950338267,2882.729700501961,6907.393437769867,eth
4667.4037230149725,4505.950936660578,2877.0676913929115,6961.613484582734,eth
4675.276289561051,4511.742262716154,2861.3253109250995,7042.276473151086,eth
4686.044826286813,4517.817922982602,2845.1314565961543,7063.570823761246,eth
4694.584534026338,4522.562563073103,2835.746371886441,7117.593463761721,eth
4702.642369471472,4515.295972520841,2820.9811357295307,7196.560231177024,eth
4709.008369944551,4520.033651932667,2796.9347158396977,7214.213595934315,eth
4718.024192752237,4512.309069528801,2776.3971295138053,7243.652539982479,eth
4724.841257631743,4521.369578810743,2782.3676630107016,7292.748895814252,eth
4733.351485471558,4528.945657904957,2759.2828859642027,7345.641209632429,eth
4739.634698869939,4522.777035884123,2745.4701061882247,7419.308940314952,eth
4747.773604538624,4529.256254303547,2728.453742652317,7468.667351578577,eth
4755.423055955693,4534.869580039195,2723.976341417872,7544.411227334466,eth
4768.09970587331,4540.917265053582,2704.539071170893,7614.678464772733,eth
4780.394261167622,4546.752180404182,2689.7019644760826,7636.015623741209,eth
4789.42522131206,4555.019971108011,2685.575930049099,7693.21562224554,eth
4798.503872516273,4559.374663957307,2660.794986190454,7746.57498653107,eth
4813.997512044662,4569.058150351188,2669.150693560832,7813.481452423793,eth
4825.757679450868,4566.556446623022,2640.75657403762,7863.228747036587,eth
4838.897777918366,4572.809623739477,2626.8158954408254,7904.683163604522,eth
4849.682279327248,4571.960258098337,2620.611500171032,7967.752273719094,eth
4859.8691921395075,4580.154629371957,2610.1375614696067,8024.056243484924,eth
4869.648792096171,4578.5079739962775,2598.95032307688,8066.787143889937,eth
4876.7128676766,4580.842528299953,2600.03807256863,8138.076771782586,eth
4887.029006240325,4599.420786477417,2593.240461708529,8198.610319739959,eth
4896.223950809495,4598.835966923317,2586.5769379875064,8203.857820328863,eth
4905.524560499031,4593.16171013331,2566.46854028427,8240.761007998439,eth
4919.131970221796,4604.570876915754,2547.6961225411173,8301.240220528734,eth
4928.632069215504,4610.494718580385,2540.1350788169466,8341.068104776316,eth
4938.592508106552,4618.78287265289,2540.4642269887613,8370.014712864819,eth
4947.422966578972,4610.774394340351,2527.8662633158356,8400.125911014382,eth
4958.360235007333,4623.4959686323855,2517.2556618094236,8507.302532173491,eth
4967.458386532953,4618.270682134956,2509.218247111898,8585.349434660047,eth
4981.3245575204255,4608.466076179417,2502.226401404477,8659.028835538382,eth
4989.934422788677,4616.984576421926,2477.8332054399557,8707.72273621316,eth
5001.127270104716,4634.41105333815,2491.4482958601257,8741.10701361641,eth
5012.572795441867,4628.781338194451,2482.2181441684456,8782.705297490293,eth
5022.791810364105,4633.228279552755,2481.1464692430864,8842.913870123528,eth
5033.245397402697,4643.8137754480085,2461.944825120898,8856.711943872826,eth
5041.9591790343375,4655.03600012089,2447.4513708308937,8900.882145378724,eth
5052.702105003267,4664.213366038521,2429.320929379048,8918.80670201495,eth
5060.6954832721785,4669.292071200818,2426.9880777771764,8966.25403088428,eth
5071.150001575909,4660.4721770970245,2413.510964096935,9031.44907187231,eth
5084.107481738103,4679.520571316643,2407.011420169325,9069.480130711785,eth
5092.967711127399,4678.539743845484,2404.770974478736,9106.302417768191,eth
5104.074779690872,4688.387714303008,2402.3735059497494,9161.3751078022,eth
5116.199776122753,4691.25323356718,2402.935212849698,9225.871025361464,eth
5123.701248500169,4692.707966061589,2384.3882565521512,9280.918151209575,eth
5134.187737921242,4705.864805685874,2371.682924798498,9312.19539856592,eth
5145.491366388074,4717.9492677311855,2368.055922194839,9336.599545170562,eth
5154.124145355677,4715.217685133852,2357.904834140825,9410.990377352133,eth
5161.601374654166,4719.216067546693,2353.7786237623923,9443.836431282485,eth
5172.179438666428,4726.042032369829,2346.2861428704514,9425.804889330511,eth
5186.719145407408,4721.53018457203,2353.255241348118,9571.51233149962,eth
5197.14245348811,4738.339464478735,2327.8466898171637,9578.551389938157,eth
5206.251074743005,4753.362451612551,2317.8725053797584,9588.921821097723,eth
5213.104308595038,4756.4711276539465,2322.693390907769,9650.135503490443,eth
5227.184796403552,4753.652020650164,2309.236876426709,9647.78685697356,eth
5240.39594309563,4760.509899304307,2310.964979443021,9773.03890299235,eth
5245.450283811282,4756.01202740195,2286.5555358742527,9821.771755350232,eth
5256.852627668899,4777.877710377634,2286.346030897648,9831.087829369853,eth
5267.584682830439,4775.344295861623,2284.4691268457254,9938.508121250008,eth
5277.542135772963,4772.781004567767,2285.9248208707622,10012.770853226755,eth
5287.7295799498925,4769.422498792962,2281.7645841877443,10005.0338213712,eth
5300.740501597382,4788.24480048704,2262.1069864613305,10093.752015451995,eth
5318.201373673186,4793.7280577531865,2255.8062305131007,10121.939067898258,eth
5327.6252018458235,4797.712228870073,2248.6403735708914,10142.899504953333,eth
5339.474233355342,4798.538426123605,2245.20287482201,10192.813253420747,eth
5344.647079803797,4803.3049881822435,2241.029021961694,10191.296171780568,eth
5359.688391205687,4828.617390354326,2241.7591098954003,10270.15755108147,eth
5371.709818661778,4829.685177026949,2231.3848134814675,10339.815786601866,eth
5384.820641280814,4835.24407714015,2229.9212484283,10385.219532760206,eth
5396.994536002871,4842.381030616332,2226.7623121324873,10440.583584454476,eth
5403.622362020883,4843.377495589017,2232.9894864763746,10442.216871588087,eth
5414.05205518033,4852.815114303487,2233.298877040098,10452.574677764555,eth
5422.934886238084,4865.232517898377,2217.321675574394,10506.265613183787,eth
5428.5466562342535,4851.384022912374,2204.2252899036575,10553.526962295788,eth
5439.224894877486,4853.187273615326,2205.6939028427246,10593.44839476583,eth
5449.138016093901,4816.06217547778,2197.48111884462,10678.151801161008,eth
5457.901513156475,4830.63417223873,2193.465338042992,10687.370149549068,eth
5466.052881622969,4838.938632407207,2192.7898515433053,10825.559543000514,eth
5478.420560149911,4840.714725088714,2185.055774171552,10815.404748553885,eth
5491.679824617125,4850.106572258236,2180.689975901354,10930.502232393535,eth
5502.189473432685,4860.630533586932,2172.5593250716597,10940.996344201452,eth
5514.553803958037,4870.910340467389,2187.41804331586,10998.260789149694,eth
5527.2813762676,4868.917390144585,2172.576045185649,11022.026664225219,eth
5534.844315568255,4858.191890558234,2164.816346465444,11104.5339975589,eth
5542.757220926647,4860.9026932335455,2151.330943868331,11072.830246453595,eth
5550.522081982477,4867.491431223064,2153.196036731358,11168.007634793936,eth
5562.684315690524,4871.8946113765,2152.634943741022,11302.045388831544,eth
5568.514978572062,4862.3759032295075,2151.6381791264434,11284.072166283673,eth
5585.96971867319,4868.728471898668,2146.2297256624393,11332.222895426517,eth
5602.453440525902,4880.526841708592,2127.132678263397,11320.972882188995,eth
5612.56978616679,4870.86881507846,2138.249220447879,11417.682651154997,eth
5620.827055920487,4893.37538987797,2122.9830617859207,11434.228463204527,eth
5630.199114522153,4894.070517089023,2103.4390872955582,11531.359494881799,eth
5644.641269657211,4920.612573354578,2095.4656602751065,11566.804458096763,eth
5654.28956069303,4929.295061470719,2101.995615093973,11678.410572468285,eth
5663.81152077549,4937.349261002173,2089.1076231463767,11740.359833404542,eth
5669.607348191002,4937.657285347292,2094.957362603903,11688.108332717766,eth
5686.97725953022,4941.061761606392,2094.3194650989694,11829.883589282832,eth
5697.941805585362,4939.844257638899,2098.7342293956985,11879.399041501427,eth
5710.160994422871,4950.838546530961,2093.5051842552457,11930.616667540966,eth
5719.072994623014,4952.356710945429,2076.561616655479,11959.248691872275,eth
5730.670338742012,4944.107143701178,2060.146241460628,11943.78694240087,eth
5740.019940485721,4939.631996655407,2051.2561344588094,11926.850113893723,eth
5751.279741919107,4965.728723018259,2059.6498067831963,12065.661032171114,eth
5771.4543582105825,4962.567637864106,2061.673589416314,12119.863996679673,eth
5779.28655160864,4980.853019255738,2043.7606371490424,12124.24884870592,eth
5793.65093126609,4988.93645551398,2049.640175520978,12183.342966646353,eth
5809.087491054627,4994.710341010668,2051.951858425361,12205.205527630093,eth
5820.890534771657,4969.636124801439,2033.6057080692547,12282.549253732657,eth
5836.823108868389,4989.995073708588,2026.2678783076801,12326.64920181362,eth
5843.828189653269,4991.495575451443,2038.9743713604735,12410.381984906624,eth
5859.061510673854,4990.786677013297,2029.947781855626,12514.852899393589,eth
5877.06872186073,4999.313095594399,2049.34147411775,12634.595840967024,eth
5886.8786404873035,4992.883595120984,2026.5974696296487,12679.537824107465,eth
5896.723727084262,5005.848786157308,2026.2229939786419,12685.758527438187,eth
5916.142193525619,5012.7576232924885,2021.8998774160675,12712.553752752767,eth
5924.9003719311295,5015.583824246267,2016.8663699021452,12723.4035464953,eth
5936.146383161024,5015.396703193141,2006.2503616240401,12828.336234039287,eth
5949.329947228808,5021.960857897661,1990.5434914276884,12883.536824918423,eth
5957.256574157999,5049.51600972306,1995.8968859376753,12907.73787137981,eth
5971.277469066494,5063.913789947052,1991.2163865927823,12934.733301215154,eth
5983.023279200244,5069.580168414681,1989.6484173264112,12967.81111370833,eth
5990.285103553863,5073.1156321841545,1996.8012256425952,13086.868323359406,eth
6003.268473398782,5076.7054532737075,1988.3930421095044,13093.29425682947,eth
6017.278018293933,5080.123156985619,1983.5997948787053,13186.18667336941,eth
6030.415829516877,5091.1844745215785,1971.9195698555243,13391.170145320533,eth
6028.52592928733,5081.177293608072,1969.414234106125,13378.776427514222,eth
6039.003889858767,5064.924515241616,1955.4520510124576,13454.237441667392,eth
6046.075054151879,5078.772455037193,1952.5620362876664,13478.098414174225,eth
6059.642250875647,5078.49480644482,1945.3111568610866,13565.33454432262,eth
6072.138903443218,5083.840708080725,1954.7589887345382,13693.790454063284,eth
6089.044256790182,5090.253453194171,1943.7607265051877,13595.79554331677,eth
6108.815173566218,5096.703208138705,1949.4828356784217,13708.808607247378,eth
6118.958415718285,5105.562180573298,1948.5406829519015,13750.924477055869,eth
6133.9459769199,5121.433087107144,1954.7019649946124,13878.39018258903,eth
6146.363907601014,5128.116858795165,1941.9765543873102,13875.150578394318,eth
6160.499760294933,5143.5165732559735,1945.0468158071712,13897.764127871755,eth
6175.197974899793,5164.981135419473,1949.8911727207665,13914.637598698844,eth
6194.291378137958,5154.013785909801,1951.383446863204,13907.76735002511,eth
6205.068224147182,5154.121414191342,1950.616336125358,13932.077447869377,eth
6213.720863383229,5151.415440675784,1940.8751549218964,13964.79220660009,eth
6223.000512802304,5161.729417604307,1931.1528857274775,14028.236721526724,eth
6229.459161551992,5145.675657292219,1925.9241408191035,14159.195149365973,eth
6241.917365907325,5172.490052554664,1916.3375397613047,14089.69511402328,eth
6251.673547831876,5177.851868055286,1906.4587163404099,14160.23483919241,eth
6268.106971121049,5172.964722093086,1905.084646441815,14105.169010805595,eth
6278.214846012619,5188.303683957755,1899.6424467918816,14334.270293170575,eth
6288.906916812074,5179.234849222465,1895.8279783656149,14383.874183961128,eth
6305.182619472972,5188.313422628562,1888.0602275280498,14524.023605784734,eth
6315.683859004486,5190.498726761765,1893.5382440340356,14556.60813556874,eth
6321.215045230328,5204.073458988267,1878.3713775668004,14484.681323191931,eth
6333.9690221481615,5186.42743990503,1886.6980518285084,14572.14765807657,eth
6349.130166326766,5188.991297073928,1887.1949542027844,14787.3387452241,eth
6366.161209244744,5211.673734616154,1874.2394574987943,14864.327569074896,eth
6381.389666273851,5222.702156508187,1863.3997443983662,14974.667989605974,eth
6392.74550364431,5245.210218119324,1864.4237989403318,14987.681491403233,eth
6410.95675478836,5240.095483736726,1868.4714572754112,15019.575891481438,eth
6427.4699366712375,5265.54805765973,1847.4062059909068,15079.487476414066,eth
6440.59682710941,5275.564675909098,1847.154163892946,15149.013159040258,eth
6453.190827349642,5268.123626047266,1837.970298877787,15141.961640533753,eth
6465.379920297767,5274.973262165431,1836.4962266475327,15164.325669052723,eth
6476.869250473181,5283.015946420854,1839.4118030241905,15289.167769070404,eth
6488.9993936844085,5282.989045407067,1843.0071597985998,15261.837765344431,eth
6501.685356905474,5263.631731132929,1828.307848588908,15337.940729798103,eth
6516.205289402953,5260.225362874591,1837.703689524424,15452.125483705271,eth
6533.370542755961,5286.183860283458,1839.5001523387916,15533.039468863171,eth
6546.728136126896,5310.271689582845,1831.7585574999152,15659.658932813929,eth
6561.583006488392,5314.254666948987,1829.8779642285158,15649.050859964624,eth
6575.473075108943,5288.143685900444,1834.6936547810085,15759.691093776924,eth
6583.992914039155,5308.595063376242,1830.1269255684726,15769.30891014186,eth
6599.286975885873,5297.9437748560695,1819.813425246243,15812.268644120302,eth
6609.056585519491,5295.913327230235,1818.0614828172322,15916.255011838683,eth
6620.516564163477,5292.125406138639,1810.644691119842,15888.267090697724,eth
6626.875374926639,5299.689211906893,1827.8153645633677,16033.925563243034,eth
6640.332302229638,5328.578996021284,1806.5537249267065,16108.324940127552,eth
6650.458295741575,5352.536374649029,1813.1676094199593,16062.770783574653,eth
6664.987668891749,5360.574150548179,1799.9804249376623,16085.272874978165,eth
6679.631844390185,5362.45348673199,1797.9443958674665,16097.411698731363,eth
6688.788115676188,5359.786670209442,1801.7097470544595,16231.43842614813,eth
6705.836630225715,5369.953491447963,1782.6863086974258,16231.093770623207,eth
6720.452594880367,5379.690337649072,1791.663204550184,16281.706887780714,eth
6734.516119342664,5408.295993634374,1781.702327440891,16381.590995292177,eth
6748.1878526985,5394.79179160553,1776.3111944243728,16326.790123787068,eth
6759.064864573538,5383.444391411558,1763.1211734871642,16454.12794686337,eth
6775.398895107784,5389.0392492321735,1747.502715693357,16451.521186865062,eth
6793.34526196677,5405.585608545758,1747.53720530465,16441.849734777978,eth
6809.220566092983,5419.029913592137,1741.24059645899,16600.153190348003,eth
6820.449128151731,5409.855438625666,1760.8004017333415,16680.335511411915,eth
6829.243864125806,5430.510188470984,1759.70666057179,16621.424041770824,eth
6845.298667583823,5418.602998425502,1765.189573235642,16698.86519109112,eth
6860.103854726573,5419.846451498755,1777.6654933948878,16677.510496123476,eth
6872.6661825723495,5452.235494782948,1763.3642146116338,16693.493383622637,eth
6879.696412416409,5461.081047596195,1761.080385179107,16825.95538771937,eth
6884.327781065169,5454.722293793795,1759.9278329771723,16968.164474223762,eth
6904.590274808362,5467.942106491536,1748.545454174195,17124.982268601743,eth
6913.108628864286,5460.292012813862,1749.4139515802178,17146.945700086366,eth
6924.690728912459,5479.3590855989205,1744.9676159399678,17119.276221327887,eth
6942.209796171798,5482.938908700222,1747.2854254184663,17084.219774988236,eth
6957.107214263755,5492.453380869605,1751.5416741515357,17097.35168521252,eth
6973.366747513147,5497.565542081205,1750.9463321887208,17040.462113429287,eth
6990.385230957978,5479.848625567761,1746.063571189347,17088.52508966425,eth
6998.281707306551,5476.762130779241,1731.717088022559,17261.164850552632,eth
7010.977466259798,5518.838428317828,1727.1739459850348,17284.265020194413,eth
7020.027397482523,5512.84385980576,1721.3454025849749,17276.624496507073,eth
7035.974001560449,5528.527211253628,1721.6639974325785,17372.708270558865,eth
7052.746747838828,5527.507915785534,1709.0040586693246,17555.10225287765,eth
7068.389288641977,5523.046466935052,1723.7026610397686,17594.40611568252,eth
7080.5713358713765,5519.305944927628,1709.110940697529,17605.188831517466,eth
7093.988462139836,5525.119279619585,1713.2632097784062,17767.949849955337,eth
7104.999086928691,5551.969022574394,1730.5435545097853,17619.27414229101,eth
7119.311058305214,5562.880300287245,1725.8201080050758,17880.399783295292,eth
7134.857537727393,5566.55104526041,1721.5287543224201,17838.74811278729,eth
7149.860505951664,5571.07884329127,1729.263013043165,18061.614240429284,eth
7166.547247506404,5580.840920668925,1717.421678609087,18185.658284259192,eth
7185.369305746117,5564.142028840706,1702.8738716132152,18169.371972322002,eth
7197.429792798276,5589.737327556277,1698.4633622624553,18089.79384139911,eth
7212.231381749893,5580.161225107546,1689.2321066271488,18245.110033814588,eth
7226.788289231372,5587.99729128545,1705.7464672207298,18269.565966097758,eth
7248.084194536515,5579.8073030445075,1704.8528638440428,18393.33076909227,eth
7262.731136133628,5584.239889302633,1702.8838323767427,18641.384836135247,eth
7286.732760920651,5615.720324254444,1699.9654949328672,18767.753895718448,eth
7296.76054165806,5612.074242599438,1697.6286266178322,18635.73631977375,eth
7308.106182570769,5630.443469196403,1683.3416893022252,18706.801542265006,eth
7321.151925988713,5621.301517659759,1680.926890170838,18691.363489751457,eth
7333.227660362357,5602.07246553432,1682.6676700350147,18657.552765895412,eth
7337.261161075672,5591.945773156005,1694.766597623374,18674.664043816392,eth
7358.184088791126,5589.056608770987,1690.8417825748018,18828.383342517776,eth
7379.5688142854315,5628.417038538241,1696.786381076412,18797.329823177315,eth
7388.387259144161,5627.98752313779,1680.824145999998,18808.996110813852,eth
7403.770317582308,5644.546822893423,1689.0816211633723,18810.900642454173,eth
7416.329433040934,5652.004079960763,1682.7562731662622,18923.69598047463,eth
7425.286940751975,5635.87894235519,1678.987298063401,18891.84397010866,eth
7436.091171971882,5670.066431335685,1676.472839871203,18849.56726949435,eth
21.74789047241211,21.74789047241211,21.74789047241211,21.74789047241211,link
21.81658698328002,21.803890090034578,19.57229571972194,24.07961954465022,link
21.889245377464533,21.824838415500775,18.806985843896065,25.159893434454172,link
21.95421617529904,21.86395249756586,18.168420428579125,26.038732758394655,link
22.02512198165385,21.890999923692554,17.73768065449297,26.87299514004023,link
22.12327629860959,21.936357889085166,17.247020307825487,27.575453536849793,link
22.194730206159697,22.00659114060791,16.933584387444398,28.259619523383275,link
22.274604230940596,22.046448216644187,16.47364157058681,28.864966381087296,link
22.33337892003751,22.059818146860117,16.235639106000473,29.470791179230783,link
22.389851030694935,22.04985492764427,15.932536582670485,30.01038291350877,link
22.46883654702962,22.050696957272862,15.719826252848362,30.452552392911514,link
22.56772854090177,22.10816228879657,15.579226698505229,30.99624996725523,link
22.672445191094415,22.121576223883768,15.324985042848265,31.542373437564148,link
22.746023685091366,22.166408579681274,15.096896954876938,31.898162402798214,link
22.822846877462812,22.17380349508509,14.876825244133272,32.37864055761596,link
22.922996004159415,22.272022320205345,14.786108386720686,33.0287766695778,link
22.989488650234282,22.333871495704386,14.561712570051604,33.53040694485968,link
23.102068682570394,22.426513573783232,14.369918391523667,34.21105385641983,link
23.188115039125034,22.416561607189408,14.279964873099024,34.65787727690518,link
23.265915987871324,22.446254477291003,14.160203991833713,35.08106566834954,link
23.377749042702188,22.529658544189488,13.951978317543585,35.58444459048847,link
23.47931752071565,22.50809027076448,13.798967430415058,36.34031158675959,link
23.557752247154948,22.56862646235342,13.576459854232935,36.589441798415805,link
23.60619020139762,22.638682280399802,13.509543606963241,36.94687109318808,link
23.702860103601957,22.623920661235168,13.390863742115027,37.351408902468286,link
23.760217762968338,22.6896162613061,13.242027971777846,37.86360828715603,link
23.835336007742722,22.668211720224228,13.138751090194846,38.102453441447395,link
23.935693341811547,22.750255223866247,13.036628534387146,38.66644054344794,link
24.024516639763256,22.825916746878697,12.87366372659506,39.28399038035639,link
24.108616107756283,22.92469314073749,12.816857185058039,39.64719725026086,link
24.190637909232112,22.90743621962156,12.69130901391872,39.947109239496704,link
24.27150447712812,22.938321760630263,12.539146001391979,40.48850944338194,link
24.33880333959141,22.999535066677055,12.562721228752066,40.927562351488255,link
24.40825303586615,22.96514041607446,12.4287116440592,41.13121465815209,link
24.486285976846386,22.991902709411242,12.41227017855743,41.375407776182186,link
24.611661729934166,23.086324869503805,12.297061258267979,41.853581101489105,link
24.676530495694102,23.021671736594563,12.244581260730827,42.34851739725523,link
24.767378638651433,23.120822716358777,12.065938096823986,43.04790261079539,link
24.84619164159639,23.11440094597603,12.013659963042223,43.45785856712719,link
24.906927522988415,23.138370096575763,12.000340937886808,43.51221458113859,link
24.988907047699435,23.1456794837103,11.91089005938139,43.96122506685298,link
25.074120264508412,23.240434727077933,11.818378272697396,44.41506534360309,link
25.15182761593381,23.193293396291494,11.730575678818026,44.94432098117701,link
25.212670578923788,23.248416461341648,11.671759397813691,45.446774255738376,link
25.324134241630556,23.289715746939983,11.654124649337689,46.04063852296028,link
25.42853200677804,23.36084619926561,11.606061310017449,46.19426166759817,link
25.52545274048678,23.4029432228211,11.492972363482508,46.75823151504366,link
25.63498003224019,23.37028375657698,11.38819414293636,47.44177457025169,link
25.71685397890571,23.422555745251692,11.213750365540456,47.80376885210021,link
25.820917352340604,23.561351403860314,11.229569756083597,48.06644743531274,link
25.88798987189659,23.62573816179289,11.24382150649914,48.45235110990633,link
25.963012382510648,23.606085985865832,11.08452125624264,48.649971970117555,link
26.05774580178346,23.731075802257948,11.007362300746001,48.979593590149946,link
26.17848646195552,23.749131081976728,10.941141099105668,49.42876627916641,link
26.285240303472946,23.761950397454576,10.958199973889034,50.41579752521905,link
26.390932195173484,23.827980964434076,10.819893369080344,50.65758580842859,link
26.505890014084883,23.80982796363258,10.80328491421965,50.72954891911896,link
26.597867048343375,23.857987981286723,10.7138689417166,51.4383318069691,link
26.662171972579927,23.946759127621142,10.672645153567975,51.76122617217473,link
26.74541130507831,23.923918088280207,10.653922538958787,52.524510674903496,link
26.841213798588182,24.022253581604282,10.532992769997835,52.81186922754306,link
26.926632228108456,24.00736216559953,10.44547387022613,53.36498262519077,link
27.044542453789234,24.142627920440262,10.37519275251653,53.42260257398639,link
27.11034522083131,24.0623454055123,10.32769041137015,53.81066197150522,link
27.200955281744502,24.155664564096064,10.3519623963046,54.3735882437631,link
27.288155990649013,24.1296116186127,10.327557480143987,54.79108583970738,link
27.394346187278472,24.222041596206754,10.198639040299907,55.259398888569145,link
27.487096988561696,24.29336527144261,10.256247945684695,55.74800515905532,link
27.56360031945958,24.267890344271272,10.13294613285923,55.78368455306186,link
27.647980022122187,24.278334596523095,10.052861307181754,56.57757367295649,link
27.77438131516565,24.332256609130866,10.028603218927628,57.34787920488003,link
27.841127910798562,24.406437689697903,10.052276021337574,57.34595324063139,link
27.93295687057753,24.461810163263525,10.04852055131848,57.71207388046204,link
28.021719681844772,24.474675894443738,9.899198419737196,58.62749933569298,link
28.134478139559757,24.50676690339182,9.8155585918936,58.660972745534195,link
28.230157753306685,24.392705310307065,9.77503992739955,59.11276758572348,link
28.34445778785341,24.54313718594101,9.738563544231614,59.68687144133897,link
28.439933296908723,24.60927742121534,9.66640106075036,60.28448299652748,link
28.53577174501711,24.52241690236542,9.544550762041231,60.70526720475381,link
28.655395201070526,24.590901123292536,9.482294449746204,61.2648718441401,link
28.751098028006748,24.620393513931027,9.548711938509188,61.87342936981319,link
28.875312173121255,24.68996004565009,9.576927258942273,62.23686274783731,link
28.948602126344795,24.72458153059056,9.424202867392994,62.8361585418787,link
29.04291071371446,24.63111427583697,9.41979711433376,63.31487976475936,link
29.16247536981001,24.772169299143677,9.39627452708178,63.22500887902479,link
29.265261514112947,24.81225249457652,9.377903891732027,64.04609258074028,link
29.39384749626161,24.855201496131432,9.348844272757832,64.5144123462245,link
29.519113237790535,24.9907824038728,9.326260212341317,64.86500661379964,link
29.619454160488218,24.95810699816102,9.240557700120517,65.6209047523633,link
29.714754614524868,25.00888235909898,9.222091261247177,66.02549503135599,link
29.8156182233615,25.18982222097216,9.151534686648212,66.72874925864227,link
29.91694855003771,25.127701856755692,9.148411129814171,67.0879043400548,link
30.02645932400931,25.099005999190958,9.120662604311974,67.86525780808435,link
30.134299968055835,25.12965319370336,9.01935269292399,67.85931553674541,link
30.245705629879154,25.229241295232278,8.99612879276331,68.67163238154846,link
30.365040276390534,25.161988494176185,9.046975888278663,68.86666075536886,link
30.45698495118337,25.175651620962608,8.918189737643216,70.08969491482863,link
30.511026109662616,25.26065841805068,8.828039958654408,70.50219460617338,link
30.66309133296645,25.366484922788203,8.80285670020251,71.42137552479961,link
30.768349874580295,25.450584646314965,8.735258168193477,71.7721085283246,link
30.857878240674218,25.323333805096134,8.693075952434208,72.30553441192856,link
30.933203392736164,25.412528875534186,8.700931304788016,72.65811291763993,link
31.043077642747498,25.54101666642819,8.621706867882754,73.04484468077477,link
31.16085882488971,25.53370586094536,8.707361978590807,73.58764444647335,link
31.3209420183287,25.770945673197055,8.729729347565655,74.4630973041471,link
31.377911756071676,25.751865446368924,8.713741265231299,75.07789529820687,link
31.50964213777615,25.76510567678027,8.740808454082194,74.9238353320377,link
31.622669974592288,25.608618156064338,8.633999376513197,75.78664739526128,link
31.70658252435745,25.65869526160347,8.576131956383758,76.24243263142299,link
31.827141711300996,25.726935559622362,8.510920418651997,76.68877863747969,link
31.97391723815133,25.739990787827374,8.51958947525641,76.43225460149253,link
32.08716040430047,25.806326924135895,8.465275546818374,76.92224147014741,link
32.23039335992576,25.990483229012636,8.38513169146617,77.66505172211063,link
32.33617395638291,25.98194432041293,8.288558659664718,78.68268194222438,link
32.45597184866285,25.967606878409672,8.339836954852737,79.26374282126513,link
32.617232145426954,25.988304477276095,8.29571802642901,80.00334439273568,link
32.71867637758816,26.065794207418207,8.259814247167203,80.61139523797975,link
32.904436973015635,26.140599448376257,8.22553313526029,81.63837310556421,link
33.02729357939178,26.239653652484115,8.25387777034546,82.36408017437567,link
33.15301371945163,26.28107740022283,8.145829100037476,82.038419290431,link
33.28181466815942,26.34183813715552,8.167576178409355,82.35119815916035,link
33.38307605342114,26.370590620670686,8.17764281558216,82.74760430670645,link
33.48396187958807,26.358314067191014,8.193784407334256,83.39942199643339,link
33.63405131898876,26.520482879005513,8.197780870087882,84.55153154303825,link
33.737523868545146,26.51406645207188,8.192455421645446,85.15989867532573,link
33.877643192364154,26.623029327382387,8.189435563698266,85.51200577576202,link
34.00930305705438,26.760869151003295,8.200379837833204,86.21479173529968,link
34.17399493827652,26.844844658219095,8.192679264782813,86.718497381106,link
34.29456229121187,26.78831632632629,8.19667479990382,87.96216386221695,link
34.35428850755538,26.902402386422665,8.089968923186774,88.06682224586815,link
34.48553358647495,26.857240718425558,8.120068872670362,88.25715132524878,link
34.626639105607374,26.91253226442651,8.142311917833457,89.40495100732448,link
34.7212468134804,26.788857609479788,8.150263502339172,89.15684565239827,link
34.84591507816321,26.826633916901336,8.056558335829651,89.72569530875423,link
34.97332092913336,26.87183373720145,8.035237457729703,90.22101816948965,link
35.15216311792294,27.027314699477408,7.991172624825231,90.76662786479957,link
35.30382424681006,26.968442383136008,7.9336948762274435,92.07822121273685,link
35.397418665852925,27.005734392145605,7.8859610368583795,91.9578996449015,link
35.498205668959926,27.060867667657952,7.821282933227378,92.7154875891618,link
35.667671784222115,27.08183778546708,7.818690205788275,93.31874680583573,link
35.80734389162684,27.11569970094925,7.786165866682109,92.7006710980442,link
35.996592913356935,27.21694590772832,7.766486486776367,94.38350933308769,link
36.109721608222955,27.25892283930521,7.7931083883820245,94.5564864797065,link
36.23311838801803,27.182523158450365,7.711693379560634,95.33238558781666,link
36.38463960856313,27.353127584286124,7.688090037865034,95.30337873378852,link
36.4650510337808,27.31997060110516,7.6714853942392045,95.54485384621867,link
36.61342278784861,27.40637037109325,7.728366596990007,96.21082550740438,link
36.783406586499716,27.408629538696722,7.704238958494786,97.80481565356986,link
36.89934345727107,27.2875751189738,7.707990789775079,98.282842509489,link
37.07309740779189,27.421740765712688,7.682486573087398,99.0123581328272,link
37.19538052488451,27.42494955125479,7.605767539497338,100.06411042245743,link
37.2920573828471,27.46535429883079,7.563400575561443,100.19855778860435,link
37.43680770913511,27.378022507385634,7.633510051824302,100.5158757690299,link
37.610871718730415,27.48446755150411,7.527404380709929,100.94631711628443,link
37.77991090289532,27.542219872032284,7.46188192398796,102.03472822708062,link
37.932292055151386,27.445446887380896,7.46387207832013,103.0322529646736,link
38.03957226157198,27.68265248145987,7.425706119168607,103.61168502446839,link
38.15710193847454,27.664048624366373,7.376608336236365,104.77407342059291,link
38.30104533637568,27.671273172137077,7.396811975784116,104.42998659888563,link
38.451757088046804,27.87738049132189,7.387238889144753,104.38751569753258,link
38.614382566233175,27.781357973220786,7.359918482424568,105.792731422981,link
38.80186114646914,28.02344177201791,7.348350849496334,107.53692352862578,link
38.93161699393001,28.044805323573936,7.3057945958993775,108.63643250211598,link
39.03503454517573,28.070367107134793,7.238504123628682,108.41243233588021,link
39.16246323515311,28.05005233250021,7.202504309645153,109.00329648405071,link
39.3334032809653,28.088206333848465,7.22901210976184,109.47717128676061,link
39.4966211397348,28.07895097454193,7.252204034124607,109.95625513255048,link
39.637836093053394,28.09509424412677,7.1860848587318795,110.47026117987073,link
39.77343049248228,28.051826432460366,7.108764376587726,110.93459373176134,link
39.86310222323791,28.04502781907106,7.118770229278703,111.75627543089786,link
40.08180399091377,28.202346941623503,7.1884897785895046,113.72294333543226,link
40.18995474269885,28.1161157306468,7.139205556282335,113.81717663030085,link
40.340353293725755,28.368357568252282,7.088416965339139,114.52879092920628,link
40.43921457597465,28.292565944141188,7.10625346267039,115.58088259451115,link
40.58745724565576,28.33809408784851,7.100323745230019,115.74393858584483,link
40.719154119982676,28.53168026522405,7.04034930438541,116.45621997984512,link
40.82771563148768,28.494666303410412,7.057296768374898,117.59829776139959,link
40.94939955939083,28.485260077968277,7.040748815184697,116.99855567559534,link
41.143324202870346,28.6552866582499,7.043482133269268,118.61338181850778,link
41.291665881162146,28.778930144951314,6.983740328986647,118.2594904018337,link
41.37838944404683,28.857913795033394,7.01385107944097,117.6333097811674,link
41.55145713964609,28.742041425339252,7.008873604286038,117.94273416032438,link
41.756870043211606,28.740216426882302,6.951770595616202,119.049581337609,link
41.899164415708135,28.7755136820104,6.979131873507021,119.06511345185554,link
42.07069641284033,28.85592895957229,6.954615422971024,120.66336641979261,link
42.245549908301854,28.95470668105812,6.901533656611054,121.34159976748442,link
42.39411154589828,28.802736322231375,6.904980038456063,123.28628017996708,link
42.595835821483675,28.872606289484438,6.81411701745252,123.83412836035743,link
42.746755322945155,28.87425833142271,6.790958872137399,122.33845432716144,link
42.86238269303625,28.907150203815128,6.774023044787089,122.18090594076419,link
42.96764250085265,29.02836601084191,6.7171398303143555,123.70404033472894,link
43.164497494447915,29.13899242090676,6.799359833918763,124.2521812367217,link
43.289790955477905,29.333465144332067,6.797498652177828,124.89444583378148,link
43.350090224247175,29.255045434508702,6.802509184497905,124.26629587742848,link
43.47229011476519,29.194839515422423,6.784216702458203,124.46016844163086,link
43.60153474908489,29.2275053094421,6.659623181814335,125.26264671766678,link
43.739641754783186,29.319581667404254,6.661055733490707,127.02147620091819,link
43.87424633344301,29.468875406665042,6.60580134289811,128.4628047080756,link
43.997678926162315,29.44196947244457,6.569545165664586,128.3029532550219,link
44.13809042508872,29.629545021507774,6.591974957842537,129.13656320452282,link
44.30353194878081,29.70164732238932,6.581097444479612,130.1977563967818,link
44.48981577065852,29.631907876114184,6.594364101390245,130.41070342868437,link
44.61470220948039,29.509987481247855,6.555140584025457,130.27171494345782,link
44.736538167621646,29.605053113950753,6.6330142414313675,131.18376226565118,link
44.915945135199145,29.718605189815154,6.575168633800642,132.24611353840172,link
45.153400098146925,29.695984581026615,6.60346541824785,131.48744325908083,link
45.308522594055056,29.814199041383922,6.58949392451491,133.53697243371832,link
45.37282506884171,29.83760656249457,6.558250446705258,134.2404185232144,link
45.504661959386645,29.85683019885159,6.528987318389962,134.2433392086315,link
45.673339371824866,29.818368843211527,6.503426136456763,135.80920810861895,link
45.86344009400612,29.95180870504611,6.504340137109556,135.99818688369,link
45.97778125417388,30.178751788409357,6.480732033359337,137.47249042317281,link
46.18742032408623,30.11216475649396,6.5461671027088135,138.3785974315896,link
46.30498974040093,30.182563948695744,6.519000995556211,137.54759100389128,link
46.50365293408453,30.34978376209333,6.533728512095923,138.36147682632514,link
46.666509701571044,30.344677185219133,6.486003118269683,139.13701295191765,link
46.829499228169745,30.443440153283724,6.494457535437148,139.57284643281912,link
47.06411355828523,30.44815843003405,6.520445767873859,141.05880259971738,link
47.226961845167395,30.61059411753725,6.491279140861804,140.09362061246244,link
47.3857232235212,30.643181439357498,6.456210014914013,141.52037826969973,link
47.67133880975007,30.66250964836732,6.4588582812459645,142.39670055126962,link
47.801627518726455,30.699130320511426,6.422924063362284,142.38069533596936,link
47.99392632117785,30.76538831789499,6.436632030234772,142.69445589828612,link
48.19808780691678,30.846463711406955,6.452654546363357,144.95991255549282,link
48.30386788947558,30.88712503862591,6.36361976918673,145.4755750732858,link
48.50561659125083,30.740902091488415,6.366441155835369,146.83451209167131,link
48.611069029237804,30.78848667799598,6.319201273648597,147.75370091663723,link
48.81929727657608,30.804794575602244,6.287373851455729,148.11293162589308,link
49.02080608424901,30.666223528749995,6.363946697978098,148.60965536910396,link
49.15950710778523,30.674842326045777,6.310014953053208,150.21183384819,link
49.31034179914078,30.918623692908945,6.303088312150352,150.71310173393533,link
49.51104223270995,31.125063069599015,6.35856941692488,150.71920672516035,link
49.803737960747476,31.16090303785797,6.310835045605377,151.03426484773598,link
49.95002263336189,31.12840129713591,6.266147769461006,151.99734701767923,link
50.10339712127228,31.094990366445966,6.261969574115031,152.26880006641136,link
50.29483234557781,30.93511186796899,6.316588812073273,152.87750747359533,link
50.465549876229524,31.23766696897271,6.358508056939896,152.18332482800636,link
50.635284092687634,31.47499598722986,6.326375221492963,153.60291357592354,link
50.79482707983314,31.4721732805873,6.312498041967367,155.40354275130937,link
50.99319497288045,31.38027441892945,6.317813253341332,156.83932276200574,link
51.22679610076052,31.497330681264913,6.32632427108891,157.76717768275745,link
51.362347280579684,31.588828139292946,6.281086697515125,158.10603974304897,link
51.55987679815443,31.739024416422517,6.247780852885871,159.7746170054809,link
51.6757346482191,31.911216358077468,6.280056700805549,160.99486245597964,link
51.85980282227815,31.847755632550438,6.207451626615222,162.51468436241927,link
52.017948387906365,31.979731740850582,6.208051685503799,163.31443673789178,link
52.2241263602689,32.070205925191686,6.190750466748194,164.3976395607285,link
52.39346410699679,32.07990304568766,6.165006487636963,165.26170804780176,link
52.632875522286646,32.18392609636264,6.21965221404709,166.15544599026913,link
52.93040496556327,32.21067726196831,6.235235584805625,166.8505461116358,link
53.01058773688091,32.16982071635576,6.235791326187585,166.67876396963533,link
53.30080664054174,32.30751103840327,6.210365764417945,166.64841966363397,link
53.47665132054497,32.2716920537965,6.270081029388148,168.0110700404613,link
53.75783082227731,32.54805242328611,6.259376192906925,169.5540220823384,link
53.9941307458677,32.51083914588326,6.282817978575969,169.67732977807978,link
54.11416066280573,32.592938426925805,6.236546994228882,171.05186100324354,link
54.3668597888021,32.46207081102477,6.231250665977658,172.109930838257,link
54.49249115245943,32.37197190804363,6.223600267741029,173.7772549223382,link
54.655978812227225,32.29489435366527,6.18735640210505,175.46689204870503,link
54.88281770686929,32.50346507477221,6.145922670569685,175.1265776864179,link
55.13859991267238,32.520694395275356,6.105285944886556,176.46165512250136,link
55.334897386557365,32.68514500677772,6.1306909020713665,176.47032905338574,link
55.47782798011716,32.82336044568207,6.107180544420382,175.3541906336731,link
55.631180799633405,32.84746603635623,6.110621156191346,176.97481425897985,link
55.95267302104145,32.94642943853313,6.093927504700724,179.26400662780367,link
56.20707165461092,33.020463268243816,6.040825785810748,180.42054484527583,link
56.3758980104379,33.102534263357356,6.03427122830268,182.48878340567836,link
56.65072670505641,33.2207310476391,6.040998784990429,183.76198994481595,link
56.87236642912018,33.2284785409625,6.001605714622114,182.6908186111282,link
56.94621635531748,33.070635084315896,5.987829744695888,183.0968541856168,link
275.3885803222656,275.3885803222656,275.3885803222656,275.3885803222656,aave
279.12445432691004,271.3951749693085,-810.5247596311968,1350.7723331398875,aave
308.104465078524,82.422485660377,-2415.146468951613,3596.5035948055997,aave
285.05426040484673,8.175921459746572,-6094.774391570525,7227.335388045039,aave
452.3333929692212,1.8438713343520818,-12151.717271615034,15261.386002168214,aave
10.667774595650583,0.10397903465620023,-24711.526586798496,27461.658824907245,aave
184.63817642249376,-0.4660779589025046,-47305.241569057354,51610.88355362415,aave
188.22939049923838,-0.03875818941926789,-97883.49968620852,90189.87344795228,aave
-1190.9779611719853,0.06563236222718305,-172863.18919913712,169756.33489866913,aave
9180.135817460321,0.21830785200971897,-312190.41361414845,322326.1560779261,aave
13952.931491206631,1.8496093151386903,-489591.04837130505,559559.4836876532,aave
-11639.47741818919,0.4016949076100088,-848186.3971791795,997736.0033360216,aave
-626551.2850229595,-0.07912707783349865,-1686494.7225170746,1483427.7108224528,aave
-568718.3510491666,0.005696135501261201,-2670383.642318386,2532565.919538851,aave
-479882.3261003482,0.7478127376865475,-3976903.3696440924,4953316.942712225,aave
-1186307.296643425,0.003124716350703144,-8007787.277821053,7888063.19153434,aave
-3617766.6073225266,-0.020606904741738444,-12259964.49886229,12845390.815385627,aave
-7866977.124372206,-0.2793836849607345,-19324876.93696819,23240311.2679176,aave
-18091500.528321687,-0.02653100006651237,-34018331.95578985,33498279.661504764,aave
26170946.43380159,0.06282874361035187,-64006847.935794234,48758872.556868695,aave
-123925186.78822461,-0.17226351869796022,-115401188.90937975,83326552.49995428,aave
-204722112.8036697,-0.00013093874575344425,-154721580.723297,153292024.64850658,aave
-957264372.9684205,0.013730386903700209,-268056103.17615366,228957912.97153243,aave
5374237372.83138,-0.1968416736282238,-405522269.70736194,386925912.6624598,aave
37048889472.94764,-1.9229290095735876,-645318827.9175923,651139009.9782764,aave
16329301282.37992,-0.3630942312178268,-1196450337.7458084,1067055238.3698696,aave
40260397236.30393,-0.24628747735986672,-1851835406.799013,1782707611.2909095,aave
-119456812501.90843,-2.0720259033873747,-3214120408.1320896,2485474365.1714344,aave
-381274598034.9467,-4.7031254776165685,-4669399376.692318,4748852182.16135,aave
-591026048273.4786,0.007131410771729132,-6824360586.148839,8701110318.256712,aave
466724782712.3819,-2.238017070658843,-12007989945.544867,11876918269.416676,aave
1252028354876.7954,-0.036782100619719815,-17490163383.70965,17515591015.062134,aave
1441073299264.6265,-2.575780897443443,-26546366629.216602,28233433441.0482,aave
4487259194567.84,-0.00016649481233632738,-53482346898.46524,37468435888.78522,aave
7016272934987.073,0.31622229532787016,-67381607367.13879,66153167584.222336,aave
-36802932712479.56,0.3646927711308597,-125327668762.38672,88642976217.06648,aave
-50511193509314.85,-1.0489994647981777,-163291473146.72156,138425751602.39832,aave
-185810817130388.97,-5.145643262583468,-230536184573.2269,199089970798.28845,aave
807250067526393.9,-0.19969497561212435,-372581740655.82135,361901359257.2167,aave
3248218122657838.5,-0.23881606571601582,-482722645529.08325,744982093518.0104,aave
1.1598501332042052e+16,29.827277306225284,-798607481535.8877,1044145454180.9817,aave
-1.765494670357875e+16,0.041840863961731735,-1440268159233.1604,1407581881175.5315,aave
-5.042310684767966e+16,0.8450647842322903,-2385760925909.8525,2341159906407.9673,aave
-4.2886900369356424e+16,-62.95223316080462,-4128217130387.4077,3231760274872.9214,aave
-4.66099428278975e+16,2.521752463923924,-5832097794170.483,5738414749789.1,aave
2.6250912640912096e+16,16.5626818129143,-9356010257650.525,8711822505582.03,aave
-2.8860122399403656e+16,0.015393954480569511,-15005525779698.787,12284488873687.957,aave
3.7258671925603816e+16,-8.170145472702993,-24070039578666.016,17237646795179.107,aave
-2.3857082851993322e+17,-1.0301032839706803,-35568529958492.375,31349540059502.785,aave
-5.498540362471287e+17,0.04388352723929758,-41996689828663.445,54059373827937.086,aave
8.624186444889037e+17,1.9382273525286378,-75168248553864.56,73790893931143.16,aave
-1.3948771492377818e+18,13.10381962485877,-96503837893821.03,130150198878568.19,aave
1.2823308091453967e+18,1.038873131981965,-166661585573293.7,183436934718071.97,aave
6.523535837904539e+17,-0.8255894841279124,-314559829158620.7,206479586033423.53,aave
2.1421707872335245e+19,155.55894917676181,-401962607151277.0,356983203286142.8,aave
6.072991819370843e+19,28.712535081599555,-598672816822259.6,589344732239930.0,aave
1.776583610150014e+20,266.5830232943531,-790638992988989.1,850926867161713.0,aave
-7.73779445458176e+19,143.69029599119486,-1305326481848480.8,1222878302595315.2,aave
-8.403222257389583e+19,0.06279487909221798,-2000125404776882.5,1890282583822751.2,aave
-1.0874841733799128e+20,-457.4656887427228,-2292833822516791.5,3515809623979991.5,aave
1.0050281718498422e+20,-308.7757256499485,-3848099777226651.0,5325723450393996.0,aave
1.983500871685385e+20,1.1722355183485138,-7372154999220750.0,7225624328428530.0,aave
7.570292364700169e+19,-2.895454839278929,-9543587835991838.0,8067506727026859.0,aave
-3.687439557287621e+20,-10.076016062157198,-1.7040414961946136e+16,1.1798745304217612e+16,aave
1.255891300817885e+21,54.869007208247,-2.3743083772753976e+16,2.1695310193513388e+16,aave
3.17478373167268e+21,105.1521990806005,-3.3908181986269744e+16,3.2373814589246412e+16,aave
1.023086808399205e+21,-39.00196696930634,-4.759075828313383e+16,5.1857138832035624e+16,aave
6.457412057728157e+20,-278.56995378229294,-9.341194077118536e+16,5.866750246520108e+16,aave
3.571109049021722e+21,-28.941541066467305,-1.334370656156899e+17,9.119423365735709e+16,aave
5.751682858486243e+20,-2104.3432612138267,-1.6987091483391587e+17,1.4103528084242877e+17,aave
-2.4998515640194643e+21,-1217.24623403518,-2.753329314898036e+17,2.0708721309560266e+17,aave
-3.724592699071461e+21,-1145.0776949439692,-3.40489537137869e+17,3.227931497927287e+17,aave
-1.4198507470376743e+22,27.553679166547788,-5.089100617373286e+17,6.885879734354097e+17,aave
2.183690184899177e+22,123.93277691929646,-7.034468519349866e+17,1.0295747500299416e+18,aave
-1.8027929880793572e+22,-0.5989947347639031,-1.1133808620727122e+18,1.4242148584363023e+18,aave
-1.8353640051659413e+22,-29.789183790743095,-2.0662576828600612e+18,1.821303694055051e+18,aave
1.1010876756734895e+22,192.53195359764197,-2.652021821991571e+18,3.2802402357259443e+18,aave
1.421057992484098e+23,3.0091279726932596,-4.421420194243622e+18,4.986327668998903e+18,aave
2.789111831691339e+22,-4325.204442443108,-9.523510868941808e+18,4.984911459698317e+18,aave
5.749209406369766e+23,5358.305207882146,-9.408485048409238e+18,1.034862351662568e+19,aave
9.536626577158783e+23,86771.87593896044,-1.1156147899603474e+19,2.1216870040067777e+19,aave
-1.766294746321465e+23,14.694302722927045,-1.507943864292615e+19,2.6855623676408963e+19,aave
-3.894763574847944e+23,507.64803785099366,-3.3392454747213005e+19,3.555774463370504e+19,aave
5.696995414327448e+23,-6.444776595311562,-5.717232314356893e+19,4.697253790876125e+19,aave
2.062612578897749e+24,51575.87507539538,-6.6287384792767226e+19,1.0069644599074079e+20,aave
-4.943802223846229e+24,31005.751102271155,-1.0579831397777649e+20,1.5616195929933604e+20,aave
1.1084693919210739e+25,2223.512669224777,-2.0835183655169022e+20,1.5931974752159852e+20,aave
4.5265048532100835e+25,9.53524724656155,-3.335718738435945e+20,2.4004494621559603e+20,aave
5.079916164213452e+24,-3510.0792532927403,-3.6448716809158204e+20,4.446194723258232e+20,aave
-1.5712490544625886e+26,4384.096157138934,-5.950184441407645e+20,6.516874714621943e+20,aave
-5.2544136213865126e+26,55365.114387350884,-1.0935370398729044e+21,7.526986136810666e+20,aave
-1.500941784216723e+27,97830.80597349012,-1.3715968351384088e+21,1.3603786202026122e+21,aave
2.3057551571337132e+27,-21607.991858392124,-2.655927812496127e+21,1.5039317780047402e+21,aave
-8.706521255401666e+26,-41573.10273820499,-3.5899609756652924e+21,2.5693795786187814e+21,aave
-2.3395499673296832e+27,-0.5828275093813845,-4.1826760083652267e+21,3.8496213333678196e+21,aave
1.29862140905182e+27,4176.7170285696975,-6.028217206979871e+21,7.247996383772691e+21,aave
2.1925746707436742e+27,99248.82758832909,-1.0634966613421202e+22,1.0314362616873044e+22,aave
-2.633626702819227e+27,3494.482914123905,-1.9414186144494116e+22,1.2049884262028076e+22,aave
-4.133419924383482e+27,-55.62805064338201,-3.1723253092757713e+22,1.6993014819024888e+22,aave
-2.036996334577018e+28,1422.6326237277226,-3.3389288523389246e+22,3.8317069859626496e+22,aave
6.710661468316783e+28,-4488.590981914029,-4.8742590642779045e+22,5.152322374556091e+22,aave
2.0547949117682112e+29,119275.62068203778,-7.085448699241965e+22,8.433489958625099e+22,aave
3.161644442785895e+28,34.05582575962865,-1.1413486865128297e+23,1.1647394579147194e+23,aave
1.7014001193186008e+28,0.19244085921708048,-1.8240993885749754e+23,1.5354785991784736e+23,aave
-1.0868848119394645e+29,-11251158.032931834,-3.816659481930203e+23,1.8778398584033345e+23,aave
2.2162417754782792e+29,-1493730.1731759952,-3.724041921347736e+23,4.066486274025043e+23,aave
1.792263757970024e+29,-670908.2907695977,-7.527190746494288e+23,3.643242046985049e+23,aave
-3.827100851807899e+29,-21561.072730289154,-7.914621885810162e+23,7.651569248918142e+23,aave
-6.121862761165109e+28,149613.33550237777,-1.451687159064921e+24,8.861186752981748e+23,aave
4.060258242890957e+28,3078200.8366250824,-2.1825146263435593e+24,1.514314457903011e+24,aave
5.147981365982104e+29,1311830.3379784913,-2.810964376002911e+24,2.3825686777051083e+24,aave
4.8628041087023306e+30,7127.529599185809,-2.756643458961575e+24,4.268696677545801e+24,aave
1.8850391375767885e+30,-936895.5573443878,-5.112674643873508e+24,5.953087642677661e+24,aave
-6.397618835002222e+30,-287486.61547962646,-1.0245873402099583e+25,6.30159490258536e+24,aave
-1.7851122914069032e+30,251.26277533067142,-1.7869174017433987e+25,8.353899543276398e+24,aave
-7.505898524133163e+31,-30388.426621527058,-2.201730937289209e+25,1.6029337452866325e+25,aave
1.4274692476668733e+32,3851716.6228926703,-2.330007393127289e+25,2.994841198084707e+25,aave
1.5132398362128495e+31,2330.019693675464,-4.537032094217647e+25,3.8441635582360252e+25,aave
-1.4080268659321176e+32,931747.1474874413,-5.299422413090036e+25,7.837416329674432e+25,aave
-5.140522803587841e+32,-24.554946203508347,-1.0971416833818164e+26,7.665255565638701e+25,aave
-1.0585221043608056e+33,261.2709057519745,-1.6516972607703355e+26,1.1225542307300877e+26,aave
-1.0872076706386354e+33,-1452865.2310157567,-2.2099197805012538e+26,2.039257596919313e+26,aave
-1.6202890117129249e+33,-1246699.64982543,-3.678745701875629e+26,2.6988935644049366e+26,aave
1.2493625691900446e+33,19237.675060455764,-5.7997231281793185e+26,3.986468847104209e+26,aave
2.592356954254326e+33,-70606.77382937397,-6.830444819174674e+26,6.742103770550481e+26,aave
-2.838563408095014e+33,-383060.5874321627,-5.4376162251298074e+26,1.6806379281882737e+27,aave
-5.300669205391782e+33,9329.631113138961,-9.970533399434684e+26,2.1949978363110075e+27,aave
5.1601685044572143e+33,199333.40416599263,-1.266496635258919e+27,3.6287300006610573e+27,aave
-1.9274966198361103e+34,-313712028.8511673,-2.0250083511048476e+27,6.142188112443403e+27,aave
-3.653985693586996e+34,-9675.585837149538,-3.8847988971823864e+27,5.782386634894055e+27,aave
5.595932048903059e+34,-77809504.72962971,-9.058604351995817e+27,5.93633377581977e+27,aave
-1.4614642749742117e+35,-17407.625554275583,-1.368411364338157e+28,9.822708813084765e+27,aave
-6.004980927543261e+35,-10903414.549618462,-1.6760112596517606e+28,1.360837169920817e+28,aave
-2.130664958917652e+36,249341286.57422975,-3.342509284481596e+28,1.5805687848883513e+28,aave
3.027294635095124e+36,10674925742.523499,-3.7518244142478818e+28,2.6359644576320427e+28,aave
1.0256289049747619e+37,-4667291.029183585,-8.241646004389475e+28,2.595238618872989e+28,aave
3.389056099536056e+37,2076.3491807512164,-6.660760711532528e+28,5.559909299432338e+28,aave
1.4083778647088907e+38,225834.66993480988,-7.411236706542556e+28,1.0019958524227063e+29,aave
2.697595656885023e+38,6544881.236686975,-1.3780087774991581e+29,1.1248826512357283e+29,aave
1.6126124257959037e+39,-79972929.58441028,-2.6790894661297545e+29,1.2207274518622657e+29,aave
4.1657739928412747e+39,4546048351.606765,-1.9781040883455746e+29,4.3647438397028694e+29,aave
3.190224349039802e+40,36743434972.11997,-3.0893817121274273e+29,4.72534956694088e+29,aave
1.781189667513369e+41,-527118.2879646292,-6.252269046745205e+29,5.593883656060511e+29,aave
3.1907127816389714e+41,-117139528.62272634,-8.285301328104124e+29,9.82064765100314e+29,aave
1.2292220798740787e+42,20785364069.591553,-1.0495256011398255e+30,1.49385845614826e+30,aave
2.5510371359420047e+40,2654.34046471999,-2.002267231267096e+30,2.4303327441706065e+30,aave
2.9591410419397706e+40,140337752.60889035,-2.1934428271770712e+30,4.401708766072433e+30,aave
-2.854806456592963e+39,-28549120836.763138,-6.250875041214643e+30,3.285888390456059e+30,aave
4.531108012579967e+39,-665787155898.58,-7.450931304281136e+30,6.146184133371647e+30,aave
3.6757937471738655e+39,-11550035794.162924,-8.187349130059636e+30,1.0630946867348879e+31,aave
3.260291346753897e+40,-13474913075.153008,-1.261141150217844e+31,1.5534524132097783e+31,aave
4.962323298983221e+40,-1567972097.148406,-3.1186195589810837e+31,1.236775837183324e+31,aave
-9.383220205897008e+38,11260124872.768032,-3.384610252621442e+31,2.28647679123345e+31,aave
7.844157311566074e+39,-359779.86832666036,-4.979299032617085e+31,3.1319610598025506e+31,aave
1.1546726388297538e+40,42604.31139099183,-4.19741234780256e+31,6.123449665511387e+31,aave
-3.241780554057653e+40,388252881.7060722,-7.585516024841102e+31,8.753397830678871e+31,aave
-2.543542269363525e+40,3430217379.095015,-1.2247139608249674e+32,1.2748033812123256e+32,aave
1.4251134759720316e+40,255624744600.96045,-1.9924841801015745e+32,2.0680234212210548e+32,aave
3.6860031876221928e+40,47513721856.201675,-2.1858777162369325e+32,3.765309417253501e+32,aave
1.1205930192331068e+40,-308607044.2056129,-3.41866730158867e+32,6.3470205043158235e+32,aave
3.931833997958172e+41,3091118410.437357,-4.0793575228682584e+32,9.931053911714822e+32,aave
7.101665277525586e+41,28998370964.9658,-7.116277857816186e+32,1.1645380155980014e+33,aave
9.529743375909957e+41,89455206781.44199,-1.8664261067214982e+33,1.4704721806668742e+33,aave
6.219476101585905e+42,-5864.29969782907,-1.482182349437376e+33,3.4947278470724154e+33,aave
2.6745945044311555e+42,303075431036.6463,-2.3461621885577943e+33,3.3167523645600096e+33,aave
-1.460463927341167e+43,4683047534.666476,-4.5747586988008514e+33,4.75521047971025e+33,aave
-4.776529035851068e+43,-526618005.5163411,-7.800190731880057e+33,5.660384806171998e+33,aave
-5.1770331382656324e+42,-1045320426.435492,-1.0581247797917762e+34,1.100519371501766e+34,aave
-1.0442773733321107e+44,446914235.7780974,-1.548520686873398e+34,1.4171683975769274e+34,aave
-1.968295076088158e+44,13593811356.983986,-2.8896436941131743e+34,1.657531860016141e+34,aave
-4.747656908879026e+44,-64057680966.055725,-4.199596448415487e+34,2.31443916603932e+34,aave
5.986558242632831e+44,1748735524.634923,-3.761292397608365e+34,5.077958427209599e+34,aave
2.5711452318398035e+44,42481.1699027442,-6.35591994534097e+34,5.669588373437941e+34,aave
1.3983888815295884e+44,905463425873.3054,-1.4232917673245526e+35,6.013459734830057e+34,aave
6.618004466028906e+44,797527990.1797032,-1.1913544691464006e+35,1.1834403571323436e+35,aave
1.927647686412114e+44,-144565356744.80273,-2.3036399462859277e+35,1.1949433926391366e+35,aave
-1.6171001320870592e+44,209038567297.69092,-2.8104556212581892e+35,2.2999250883854317e+35,aave
-1.1502631624570006e+45,-27933.814889826415,-5.5850219292837785e+35,2.9096798285609492e+35,aave
3.995613000606819e+44,85564699264.34416,-5.198043223120124e+35,5.038836728470404e+35,aave
2.6320586761944154e+45,-292140.8818445459,-8.306419092781579e+35,7.216382271822982e+35,aave
-4.36078759766198e+45,-21111013140138.016,-1.3692066595495535e+36,8.820439328370385e+35,aave
1.7220441873700775e+46,-5917579111480.021,-2.3815209526365716e+36,1.4253725453682928e+36,aave
-6.70207955090465e+46,-55387661735418.32,-3.246904739675455e+36,1.8999628869606028e+36,aave
8.693281900579046e+46,-408519462720123.0,-4.3883222853875844e+36,3.034524003537465e+36,aave
-1.2640761797099985e+47,741808214.7380159,-4.4568149715908394e+36,6.298601175467815e+36,aave
-3.631243400908776e+47,1744218170718.5625,-9.03734477955884e+36,7.724283534764503e+36,aave
-8.19355520459127e+47,-100432636477186.25,-1.8736487765429036e+37,6.706061846831177e+36,aave
-2.7656711894842695e+47,-4115297322470.458,-2.0260060115101726e+37,1.2616083799124484e+37,aave
-4.5668808686883e+47,-106864331154843.19,-1.9447061821370346e+37,1.8278770568962875e+37,aave
1.4070310063613587e+48,-33659350735548.133,-4.404724346060616e+37,2.417308415371763e+37,aave
3.1878181584223885e+48,-3778565930123069.5,-3.583783221144639e+37,6.055889691545896e+37,aave
-1.5125434229710798e+49,-59877081929.2985,-8.054868969558411e+37,4.217659629982072e+37,aave
-2.1385960162140025e+49,237532638786501.53,-7.539437131175449e+37,8.664233031603808e+37,aave
-2.296415460748174e+49,198871757080.84753,-1.3141923580433783e+38,1.4973033457346225e+38,aave
1.1297163167704091e+49,1626148499143.1646,-1.5694876443150014e+38,2.404048268842743e+38,aave
4.755390038750054e+49,3748884.3120566276,-2.3042345881396356e+38,3.21327287780337e+38,aave
-1.1854220258235477e+50,2.058234937914883e+16,-4.4055830612864064e+38,2.7992582688342728e+38,aave
-4.604988467849465e+50,56259442878101.83,-5.2166504057073026e+38,5.838280273779964e+38,aave
1.7490111510701127e+51,-3413034351458.931,-7.107126848599396e+38,9.522225376701557e+38,aave
-5.661519712131272e+50,3627719671169.742,-1.0180965228497166e+39,1.4632022556875338e+39,aave
-3.0173284605840634e+51,-666064064638.5049,-1.9950613474369865e+39,1.2189055289583852e+39,aave
3.103581763789181e+51,-558378633.6525205,-2.0587891047977868e+39,2.7897419783137446e+39,aave
-6.416157437464328e+50,272917997152247.5,-3.0779302256762316e+39,4.6202933458009723e+39,aave
-9.450771955588487e+51,318458463021670.4,-6.809559347779753e+39,5.0265548719707934e+39,aave
-2.019511575420167e+52,244195262674.50348,-7.560680531796179e+39,1.1880650124095473e+40,aave
-5.82587770398182e+52,-663634802735523.4,-1.3302167682086697e+40,1.816894141872422e+40,aave
-1.2193831648498404e+53,102903630626475.5,-2.022409339871551e+40,2.4865427707677484e+40,aave
2.366920276751955e+53,-7.537405667054629e+16,-4.3505511302150573e+40,2.2503743258230578e+40,aave
-3.4715463782263903e+53,-8.845781121565986e+16,-4.502121613982374e+40,4.74111562106334e+40,aave
8.314949431030466e+53,-89833515889099.34,-8.453230202487976e+40,6.341372255251491e+40,aave
5.323779554646834e+54,-374941880389417.25,-1.023783976394865e+41,9.19762749907465e+40,aave
-5.918056131196296e+53,-1563159564627852.0,-1.6303348133300572e+41,1.084706172752267e+41,aave
1.5434857143046145e+54,1677630607504072.5,-2.7120224194902103e+41,1.5298663228385027e+41,aave
-3.4701392446783785e+54,-1399999349446.7446,-4.28199550116727e+41,1.9297652448579007e+41,aave
-7.996771957830045e+54,-2660407334588489.5,-5.5827269665897236e+41,3.858433584017359e+41,aave
-2.6908742694332986e+55,-47715466265590.3,-5.4145757282191356e+41,8.403379199486386e+41,aave
-4.339456676578826e+55,-111107315.43386014,-7.339475671943533e+41,1.1830813534662637e+42,aave
-1.5184830373826143e+56,42760109919092.11,-1.5367770703986204e+42,1.0696578751585322e+42,aave
-3.065732789895772e+56,1.0311641963997664e+17,-2.1587756886247737e+42,1.8346337426862246e+42,aave
1.9675032635147882e+55,-907945860568003.1,-2.5356732065064088e+42,2.246825465651853e+42,aave
6.621482720247672e+55,-1.5262286104693514e+18,-3.8069802578372385e+42,3.20201283727005e+42,aave
6.450185968834765e+55,3.50631987388616e+16,-4.591581669954457e+42,6.43302065901805e+42,aave
-1.5187802025720283e+56,-2.434628569748282e+19,-7.795922198831371e+42,6.291772530993415e+42,aave
1.4843486878202375e+56,-876743518142.6384,-1.4986138485468908e+43,7.247613769276581e+42,aave
2.2292241878626766e+56,1192404530579698.0,-2.057346795782293e+43,1.2929804780166226e+43,aave
3.297119249269757e+56,46033214206929.3,-1.8684935044130977e+43,3.243107004178753e+43,aave
-6.635892257676915e+54,4.8215790421167505e+19,-1.9098762739087396e+43,6.732341952735523e+43,aave
1.2416496516568368e+56,5.473011031416348e+18,-3.7108122922191156e+43,7.03827005870749e+43,aave
2.229914452495928e+56,4.110959189947756e+19,-7.093522625759372e+43,9.03321130411744e+43,aave
-2.6959917133561942e+56,2.7026880001495347e+17,-2.2585104595915752e+44,8.115802604112084e+43,aave
-2.126187245139423e+56,8.217331811074579e+18,-1.5145440570717065e+44,2.7298388956474917e+44,aave
6.639886570023231e+55,-1.1954932956225119e+18,-3.897639502085377e+44,2.3806631112159972e+44,aave
4.6292143555787076e+56,-1.4221456768697867e+17,-6.337406710470996e+44,3.1659633542591054e+44,aave
2.308933740203896e+57,349595787791252.1,-5.7484053570428136e+44,8.4710680237254e+44,aave
-7.881091872311685e+56,-2.6787926166544604e+16,-1.1815064366383873e+45,7.375393397020806e+44,aave
1.286665985482149e+57,1.6639633593584517e+20,-8.78409145236317e+44,1.786382206978584e+45,aave
-7.267120327080905e+55,1.973582211058896e+16,-1.9844955450380204e+45,1.7754399141442027e+45,aave
-1.6596949609981033e+57,-105838512885872.62,-4.0469861874556007e+45,1.828610634661284e+45,aave
-2.793232773786662e+57,-5.652356802608534e+16,-4.728889494839544e+45,3.5482964814678984e+45,aave
-4.424611506633167e+57,1.7656521406536004e+19,-6.443697109710435e+45,5.744987457893166e+45,aave
-3.904839760644378e+57,1.2129244315091309e+19,-1.0098569065184436e+46,6.776475414593126e+45,aave
3.877609785958429e+58,2.341640226176684e+20,-1.5707984705704568e+46,1.0786996466422475e+46,aave
1.0345507306598367e+59,-9263562793835572.0,-2.459391508552841e+46,1.704288085517898e+46,aave
-1.8396350148140199e+59,1513585179674082.2,-1.9140066974870465e+46,3.7625520875428004e+46,aave
-2.316183397926089e+59,2711001016521051.0,-2.46959088995309e+46,6.867221733282969e+46,aave
-2.560934010082652e+58,1.850805403629947e+16,-5.285578722498358e+46,7.502716852014077e+46,aave
-6.209937467069607e+58,3.771790084553642e+20,-6.693377831092539e+46,1.1766627620374132e+47,aave
-9.036995110363853e+58,4.1354329063314514e+18,-1.255211399742288e+47,1.3905594862481475e+47,aave
9.134938902998963e+58,-2543058315433.3013,-1.978412875905986e+47,2.128447026398389e+47,aave
-1.1342998852746122e+59,6.774366098366829e+16,-2.9295219792574696e+47,2.9915928282711296e+47,aave
-2.8691110692019057e+59,-22180278781.38805,-3.4109855572010195e+47,4.001453753644472e+47,aave
-1.1755461227332217e+60,-1.41381621749087e+22,-4.457098081455709e+47,5.934655017719817e+47,aave
-4.0034589842783344e+60,-1.1931344451747206e+21,-7.156949954807515e+47,1.0137272506245878e+48,aave
1.1134695785440022e+61,2.3179393573091384e+21,-1.0795778096344003e+48,1.365285766343541e+48,aave
-3.2873103016296266e+60,1.615577527871436e+20,-1.6270100344437527e+48,1.908902627333739e+48,aave
-1.5305128977255547e+61,-5.34449331373257e+19,-3.8142281586051744e+48,1.8605950401115432e+48,aave
3.734445576714044e+61,-3.102769278432241e+24,-6.000101486728471e+48,2.2951170103489582e+48,aave
-2.0186202583479658e+62,-5.311244218041693e+23,-1.6833985829674884e+49,1.920636948765808e+48,aave
4.46234668908552e+62,-8.512569019021743e+21,-1.6919286982139835e+49,4.0008032499048414e+48,aave
1.2338174638742392e+63,-1.05734980631901e+16,-1.2342398987479352e+49,1.1187046061760838e+49,aave
-4.292037873322208e+63,-3.4510326406254336e+18,-3.129675942356895e+49,1.1346543937298493e+49,aave
-1.2457367921207324e+64,1.2492391456274412e+20,-2.674395129709258e+49,2.4535066860973985e+49,aave
-8.240958329213619e+64,4.1808500144694886e+20,-4.213780007593004e+49,3.418217899851448e+49,aave
-2.416105706632863e+65,5.750765917731003e+20,-4.3111331859025635e+49,7.183813680277103e+49,aave
-8.527071968700921e+65,8.140566965586985e+22,-5.991241608040773e+49,9.875208550197812e+49,aave
-3.13063142690117e+66,19776674655576.695,-1.0837910311742525e+50,1.3306445961842167e+50,aave
5.8998362046865744e+66,5.602272084534388e+19,-2.0411158682867935e+50,1.892628631309939e+50,aave
3.8821518917740326e+67,-1.118577719407753e+18,-2.0038275084601797e+50,3.668502191028286e+50,aave
5.745165010927676e+67,40445562562341.54,-2.6081386589396313e+50,7.1100849508601226e+50,aave
5.778547518911977e+67,-1.120498168787306e+16,-6.007948414999706e+50,5.927620615799033e+50,aave
